id,file_name,instrument,mfcc_1_mean,mfcc_2_mean,mfcc_3_mean,mfcc_4_mean,mfcc_5_mean,mfcc_6_mean,mfcc_7_mean,mfcc_8_mean,mfcc_9_mean,mfcc_10_mean,mfcc_11_mean,mfcc_12_mean,mfcc_13_mean,mfcc_1_std,mfcc_2_std,mfcc_3_std,mfcc_4_std,mfcc_5_std,mfcc_6_std,mfcc_7_std,mfcc_8_std,mfcc_9_std,mfcc_10_std,mfcc_11_std,mfcc_12_std,mfcc_13_std,centroid_mean,centroid_std,bandwidth_mean,bandwidth_std,rolloff_mean,rolloff_std,rms_mean,rms_std,chroma_1_mean,chroma_2_mean,chroma_3_mean,chroma_4_mean,chroma_5_mean,chroma_6_mean,chroma_7_mean,chroma_8_mean,chroma_9_mean,chroma_10_mean,chroma_11_mean,chroma_12_mean,chroma_1_std,chroma_2_std,chroma_3_std,chroma_4_std,chroma_5_std,chroma_6_std,chroma_7_std,chroma_8_std,chroma_9_std,chroma_10_std,chroma_11_std,chroma_12_std,zcr_mean,zcr_std
1,banjo_001.aiff,banjo,-491.6721496582031,97.77617645263672,42.33135986328125,26.155784606933594,13.627524375915527,8.323347091674805,6.540182590484619,7.17033576965332,6.316055774688721,4.3836236000061035,0.9959153532981873,-1.3291490077972412,-5.550827503204346,101.23683166503906,37.724552154541016,31.95768165588379,17.10944938659668,15.505006790161133,7.528425216674805,6.0130815505981445,4.266819000244141,5.631355285644531,5.453620910644531,5.261081695556641,6.463795185089111,5.348105430603027,523.8548104208221,201.62655229139443,1228.122096540977,296.48209808858604,592.1630859375,395.94085626631954,0.04219347983598709,0.04591092839837074,0.11326786130666733,0.141316220164299,0.14679165184497833,0.136317640542984,0.13987551629543304,0.2841190695762634,0.9979655146598816,0.3783060610294342,0.10480953752994537,0.09283103048801422,0.09853586554527283,0.0996364876627922,0.19261161983013153,0.22803689539432526,0.2397671639919281,0.23626714944839478,0.23517045378684998,0.19943973422050476,0.01702176406979561,0.13988175988197327,0.17444011569023132,0.15841636061668396,0.15481674671173096,0.16581624746322632,0.02078977772887324,0.01611206455886968
2,banjo_002.aiff,banjo,-305.2210693359375,153.7414093017578,-18.697782516479492,-1.1068651676177979,0.7677003145217896,-6.779652118682861,-10.171721458435059,-5.7588629722595215,-12.794022560119629,3.592228651046753,-0.5347772240638733,4.708474159240723,5.99471378326416,105.26366424560547,9.569090843200684,22.437273025512695,7.6090497970581055,19.47909164428711,9.518681526184082,7.156829833984375,10.150808334350586,5.12668514251709,2.600952625274658,12.427189826965332,5.680219650268555,3.7920212745666504,976.1331014505806,235.55866021141128,1073.1761324763054,433.21540047702644,1566.2238625919117,330.678067367745,0.11468790471553802,0.0839516893029213,0.06241334229707718,0.16528809070587158,0.06266576051712036,0.202325701713562,0.9239073395729065,0.1929028183221817,0.0467611625790596,0.09252117574214935,0.2890424430370331,0.5590647459030151,0.10064221918582916,0.01910492032766342,0.09577950835227966,0.1859438419342041,0.15683278441429138,0.14494438469409943,0.16165220737457275,0.1069658026099205,0.09010529518127441,0.14094318449497223,0.23657368123531342,0.2545161247253418,0.04366302862763405,0.03675191476941109,0.05267693014705882,0.014115896490431504
3,banjo_003.aiff,banjo,-372.7082214355469,143.33297729492188,-2.8628923892974854,-1.1415879726409912,3.3479762077331543,1.067091941833496,-0.16435788571834564,-12.770505905151367,-18.46458625793457,6.721270561218262,12.859447479248047,12.662896156311035,7.734302997589111,109.32327270507812,18.93818473815918,29.823328018188477,10.231635093688965,16.284542083740234,14.43570327758789,5.920372486114502,8.132415771484375,5.97086238861084,7.908263206481934,15.032697677612305,11.88906478881836,4.061878681182861,849.4804683977959,177.6712881936419,990.0348625261099,322.05223309105315,1361.376953125,102.9920819581556,0.09672900289297104,0.07736310362815857,0.049827560782432556,0.10909285396337509,0.05741291493177414,0.2100890427827835,0.9988014101982117,0.20766137540340424,0.04914041981101036,0.0675792321562767,0.15247215330600739,0.3136220872402191,0.06555196642875671,0.02415069006383419,0.11993604898452759,0.20341293513774872,0.17027242481708527,0.13484247028827667,0.00454156007617712,0.1603463590145111,0.1420554369688034,0.15178659558296204,0.21600791811943054,0.2833110988140106,0.07980406284332275,0.0774213969707489,0.05539279513888889,0.020078036571102166
4,banjo_004.aiff,banjo,-287.48101806640625,70.81090545654297,6.046579360961914,15.216092109680176,0.8314187526702881,-16.651762008666992,0.08721527457237244,-15.161262512207031,-11.737454414367676,3.4573886394500732,-10.377326965332031,-2.578342914581299,-25.480131149291992,98.23240661621094,27.367788314819336,21.321880340576172,13.446749687194824,15.76711654663086,5.023621082305908,5.650282859802246,6.8595967292785645,7.358623027801514,6.198949337005615,6.296764373779297,11.455233573913574,7.06251335144043,1835.3840929976313,217.44218782504635,1994.906313612928,159.75122864988708,3361.3330078125,488.647166992831,0.0838954895734787,0.06490957736968994,0.01370354276150465,0.0427810400724411,0.02039172872900963,0.04142732173204422,0.23595550656318665,0.06456968933343887,0.04424256831407547,0.10209696739912033,0.29440441727638245,0.9867918491363525,0.18224218487739563,0.0080234594643116,0.018426137045025826,0.03859851509332657,0.03935975208878517,0.044547125697135925,0.13902507722377777,0.07228405028581619,0.0911858007311821,0.1302293986082077,0.17468127608299255,0.06470645219087601,0.033507782965898514,0.012846062891185284,0.1138671875,0.03773779180312199
5,banjo_005.aiff,banjo,-355.4954528808594,89.72313690185547,10.236101150512695,13.60212516784668,4.044678688049316,7.407011032104492,-2.0553722381591797,-0.8194572925567627,-0.8139737248420715,6.066970348358154,-7.974139213562012,-6.103859901428223,-19.23065757751465,88.38985443115234,18.722631454467773,15.321133613586426,11.774422645568848,13.502853393554688,6.928593158721924,8.582191467285156,6.165090560913086,9.039443016052246,4.214000701904297,10.137755393981934,6.057238578796387,7.432205677032471,951.5788890176765,277.3722660632447,1397.9102811811922,242.70481319914953,1689.9169921875,433.1997086138287,0.10678587108850479,0.09052074700593948,0.030799075961112976,0.03667701408267021,0.037765733897686005,0.0693647637963295,0.3000025451183319,0.09624160826206207,0.050159186124801636,0.04957165569067001,0.2531239986419678,0.9446051716804504,0.19513168931007385,0.029682490974664688,0.08316159248352051,0.07873571664094925,0.08496909588575363,0.11017625778913498,0.3076775372028351,0.129458487033844,0.14330506324768066,0.11265510320663452,0.11653178930282593,0.14642511308193207,0.0777156800031662,0.09186120331287384,0.04005899234693878,0.016054428792886197
6,banjo_006.aiff,banjo,-329.9731140136719,94.75790405273438,-12.317215919494629,-8.316170692443848,-17.46614646911621,-18.4940128326416,-12.938776016235352,12.744854927062988,28.192584991455078,19.706592559814453,6.7591681480407715,-30.95270347595215,-31.448719024658203,102.75703430175781,22.183242797851562,16.81248664855957,8.639692306518555,10.541624069213867,7.986213207244873,10.34901237487793,14.410491943359375,3.3655307292938232,8.733530044555664,7.445930004119873,9.600679397583008,5.163037300109863,1579.8404923837118,133.8073107128688,1406.929243805294,211.45548758211697,2623.82080078125,11.343318615742328,0.10431326925754547,0.0827091708779335,0.0034736511297523975,0.002956549171358347,0.002656959230080247,0.020863758400082588,0.12661981582641602,0.026808355003595352,0.01399107463657856,0.02766038104891777,0.205876424908638,1.0,0.18070070445537567,0.00730920722708106,0.006816700100898743,0.004793471656739712,0.004782991949468851,0.01119713019579649,0.05389707535505295,0.034209735691547394,0.04609566181898117,0.07463803887367249,0.1742640882730484,0.0,0.03875996544957161,0.01705334521830082,0.108349609375,0.03833237950893655
7,banjo_007.aiff,banjo,-400.4855041503906,87.24710083007812,18.109983444213867,2.363816261291504,-9.437419891357422,-8.885008811950684,2.1249775886535645,22.978952407836914,33.44664764404297,22.446880340576172,-5.799423694610596,-17.448986053466797,-4.475750923156738,86.39627075195312,31.43455696105957,19.840105056762695,10.53833293914795,15.20307731628418,12.410758972167969,11.345541954040527,4.487743377685547,7.803952693939209,5.9934844970703125,9.484545707702637,12.206658363342285,6.394820690155029,799.6295130660326,273.91542423869254,1342.0388128068387,250.3750673678713,1187.6389723557693,456.6916050432358,0.07373590767383575,0.08785660564899445,0.151460662484169,0.1501116305589676,0.1461581438779831,0.14019747078418732,0.14153817296028137,0.13089068233966827,0.12475196272134781,0.13183438777923584,0.28792786598205566,0.9907052516937256,0.2493727207183838,0.13173051178455353,0.2828845977783203,0.28680115938186646,0.2779026925563812,0.26561546325683594,0.2594221532344818,0.24599669873714447,0.23732390999794006,0.2387889176607132,0.2191554605960846,0.05241140350699425,0.19512736797332764,0.245059072971344,0.04448367387820513,0.026962766166206378
8,banjo_008.aiff,banjo,-344.4678649902344,132.86000061035156,1.3238041400909424,13.932971000671387,7.845376014709473,-7.106815338134766,-8.299858093261719,-5.941917896270752,-11.782145500183105,4.384610652923584,-3.874251365661621,-1.49068284034729,6.400456428527832,112.53849792480469,13.283225059509277,28.687299728393555,12.854756355285645,21.186508178710938,7.998981952667236,7.546394348144531,8.707865715026855,11.126068115234375,6.688745021820068,8.065382957458496,5.696447372436523,7.123243808746338,847.74041647501,331.7122903835076,1065.0002333725818,489.37421255263274,1321.9514266304348,684.1588028651242,0.10149407386779785,0.07611290365457535,0.03650446981191635,0.07546701282262802,0.23154953122138977,0.07853586226701736,0.17186470329761505,0.7595030069351196,0.17529726028442383,0.04806823655962944,0.06398404389619827,0.3357696831226349,0.8245744109153748,0.23844119906425476,0.09649616479873657,0.13678433001041412,0.26128724217414856,0.20312434434890747,0.1668166220188141,0.3175198435783386,0.1519961655139923,0.115042544901371,0.12238980084657669,0.10180096328258514,0.21759480237960815,0.11558043956756592,0.044560971467391304,0.01846520530979983
9,banjo_009.aiff,banjo,-427.16461181640625,104.47053527832031,21.28252601623535,15.782734870910645,7.4198808670043945,0.10142958164215088,0.1770423948764801,1.782636284828186,6.670533657073975,20.297351837158203,12.415342330932617,4.874266147613525,4.91603422164917,110.13665008544922,27.307796478271484,34.719932556152344,11.160855293273926,15.042598724365234,5.317420959472656,7.4333672523498535,8.797637939453125,14.831210136413574,6.937046527862549,8.80021858215332,7.892091274261475,4.314780235290527,662.3894277577699,243.7958527832415,1006.127794106018,308.90757423026935,914.3536376953125,373.1942933238221,0.07441695034503937,0.06781553477048874,0.02987557090818882,0.048014748841524124,0.08984918147325516,0.045474208891391754,0.21173405647277832,1.0,0.19199687242507935,0.03452569991350174,0.03978687897324562,0.1348913609981537,0.2744907736778259,0.0937100425362587,0.0693977102637291,0.09773677587509155,0.1790606677532196,0.10389403998851776,0.10417860746383667,0.0,0.09748553484678268,0.09245572239160538,0.0921168252825737,0.10658197849988937,0.11696607619524002,0.07929742336273193,0.048974609375,0.017080843053911977
10,banjo_010.aiff,banjo,-266.1979064941406,76.52725219726562,1.908064842224121,5.226995944976807,-10.345254898071289,7.582881927490234,-14.790031433105469,-9.887977600097656,-7.602541923522949,-5.713857650756836,-16.897916793823242,-2.365570545196533,-22.352920532226562,100.29203796386719,26.093935012817383,19.3167724609375,12.116063117980957,11.857661247253418,11.492403984069824,6.746933460235596,5.768934726715088,6.504827499389648,4.679013729095459,6.576536655426025,4.039627552032471,6.347853183746338,1788.522534007387,221.14725544561009,2090.811787017206,210.2535593929741,3800.09765625,763.402459507259,0.10725485533475876,0.08182840794324875,0.044169362634420395,0.0332023911178112,0.057949502021074295,0.04210603982210159,0.05678039416670799,0.23067747056484222,0.11773800849914551,0.0749630331993103,0.07614151388406754,0.25114816427230835,0.987942099571228,0.2852465510368347,0.11916171759366989,0.10813277959823608,0.10988188534975052,0.13333170115947723,0.14135758578777313,0.15689316391944885,0.1900230497121811,0.2099020630121231,0.18547719717025757,0.1576661914587021,0.05392444506287575,0.1117076650261879,0.07531156994047619,0.027777072785096484
11,banjo_011.aiff,banjo,-383.92474365234375,82.04686737060547,31.1267032623291,18.661012649536133,1.2322399616241455,4.4280877113342285,1.9507672786712646,0.8344259858131409,-4.7824015617370605,-8.394760131835938,-5.80420446395874,-4.732853412628174,-6.9568257331848145,90.72834777832031,20.098936080932617,16.891700744628906,11.614230155944824,13.105435371398926,5.477235794067383,5.498663425445557,3.7025513648986816,4.92666482925415,4.41331672668457,7.613858699798584,7.925883769989014,11.279984474182129,844.310128121337,319.49325160074824,1599.2978989618555,237.73714203810118,1268.66455078125,786.7239740533512,0.06871169060468674,0.07768914103507996,0.08871503919363022,0.08440779149532318,0.08985152095556259,0.0828552171587944,0.08365149050951004,0.11241846531629562,0.08960574120283127,0.09080951660871506,0.07931958884000778,0.2191278338432312,0.9967487454414368,0.3332487642765045,0.1534302979707718,0.141100212931633,0.1370268613100052,0.1312977522611618,0.13225702941417694,0.1409803330898285,0.13437028229236603,0.13572639226913452,0.12080349028110504,0.11336660385131836,0.024973751977086067,0.13316479325294495,0.028629557291666666,0.015944947806700523
12,banjo_012.aiff,banjo,-292.83062744140625,96.0678939819336,-6.029301166534424,-12.416287422180176,-17.824628829956055,-17.46341896057129,-15.468839645385742,11.306872367858887,27.108779907226562,13.747316360473633,-10.950406074523926,-30.966142654418945,-7.046664714813232,107.80389404296875,25.714475631713867,15.901726722717285,7.6693644523620605,13.572693824768066,6.592384338378906,11.051453590393066,4.451902389526367,7.497946262359619,5.012175559997559,9.211526870727539,9.92151165008545,6.6206159591674805,2178.371300257849,442.6498950686511,2300.5571241315365,378.0222015784063,4469.677734375,1387.3995551275084,0.07223903387784958,0.05940530076622963,0.0817062109708786,0.06143103912472725,0.08577178418636322,0.040713999420404434,0.0957634225487709,0.43077293038368225,0.146529421210289,0.1753186285495758,0.1621548980474472,0.43538522720336914,0.9570320844650269,0.27905789017677307,0.1239551454782486,0.080275759100914,0.0670151337981224,0.07138167321681976,0.10069910436868668,0.3281472325325012,0.20788031816482544,0.249182790517807,0.2082131803035736,0.24659933149814606,0.11632993072271347,0.11030828207731247,0.15053013392857142,0.07315201586832307
13,banjo_013.aiff,banjo,-469.1497497558594,82.12798309326172,22.225879669189453,18.085744857788086,-0.2933569550514221,-4.784142017364502,12.4786958694458,23.682584762573242,21.91743278503418,13.488813400268555,-7.990189552307129,-6.946457386016846,8.000439643859863,99.51100158691406,22.095884323120117,22.419090270996094,13.967601776123047,14.671589851379395,13.332178115844727,8.021913528442383,6.648645877838135,7.065311431884766,6.19797420501709,13.164432525634766,9.980528831481934,3.8823022842407227,960.4971883156684,453.5354651042387,1756.9943945093287,266.1511647043678,1810.9423828125,1346.0588820552705,0.03276216983795166,0.04140385612845421,0.5779195427894592,0.5554957985877991,0.5446913838386536,0.5303701758384705,0.5517238974571228,0.5565275549888611,0.4546988308429718,0.45522674918174744,0.4244089126586914,0.5245563983917236,0.9045825004577637,0.5780635476112366,0.3668908476829529,0.3812968134880066,0.3723214268684387,0.3713451623916626,0.36941787600517273,0.328093945980072,0.32105374336242676,0.2948780953884125,0.27849552035331726,0.22799867391586304,0.13592137396335602,0.2503596544265747,0.0478125,0.06241127124618159
14,banjo_014.aiff,banjo,-336.8341064453125,129.4525909423828,-3.72717547416687,0.044236183166503906,0.7061906456947327,-3.180773973464966,-0.9108489155769348,-1.0598124265670776,-6.738128662109375,5.859048366546631,-3.8226921558380127,-5.2337470054626465,-6.839295864105225,118.00312805175781,23.148670196533203,34.077491760253906,9.33853816986084,19.239206314086914,10.37871265411377,7.859842777252197,6.9072265625,12.6439847946167,3.7566912174224854,12.059243202209473,6.845208168029785,7.291326999664307,819.6136974480305,282.05504659672624,1016.9531358914829,352.2825882548554,1193.7469482421875,425.31838069593095,0.10982003062963486,0.09580107778310776,0.25853729248046875,0.04890766367316246,0.05981627479195595,0.10583651810884476,0.05746805667877197,0.16743619740009308,0.6750902533531189,0.14306335151195526,0.04434759542346001,0.06365553289651871,0.32558825612068176,0.8923444747924805,0.1465499997138977,0.16640391945838928,0.189848855137825,0.21380667388439178,0.19286666810512543,0.1786886751651764,0.26454514265060425,0.14886951446533203,0.14746373891830444,0.13409265875816345,0.1367441564798355,0.15987546741962433,0.046834309895833336,0.021899707404281477
15,banjo_015.aiff,banjo,-471.46429443359375,99.70433044433594,34.57148361206055,20.14029884338379,9.567445755004883,3.83366060256958,7.056182384490967,13.706602096557617,11.947083473205566,12.172587394714355,12.032169342041016,9.296480178833008,0.05352889746427536,98.01525115966797,33.921142578125,30.047040939331055,13.289311408996582,13.679341316223145,10.896778106689453,6.2657036781311035,3.4614555835723877,7.232822418212891,7.22421407699585,9.692817687988281,3.867957353591919,6.52632474899292,523.7959433306942,207.39099737007948,1128.9847491820162,303.13455712991913,670.7919034090909,374.3055828625326,0.06011560931801796,0.058577366173267365,0.34090864658355713,0.16767318546772003,0.16817611455917358,0.17671296000480652,0.1734856516122818,0.25518175959587097,0.6453238725662231,0.21990735828876495,0.13192856311798096,0.13462141156196594,0.39624518156051636,0.8506132960319519,0.21798063814640045,0.26486825942993164,0.2826528251171112,0.292283296585083,0.2996395230293274,0.26655372977256775,0.33000579476356506,0.22424280643463135,0.22547481954097748,0.20418637990951538,0.16149522364139557,0.22431279718875885,0.026655717329545456,0.01961466732869883
16,banjo_016.aiff,banjo,-239.39492797851562,87.3209228515625,-12.59683895111084,0.3139827847480774,-17.797035217285156,1.853664517402649,-14.770062446594238,1.9016644954681396,-2.219926118850708,-17.971445083618164,-13.549489974975586,-5.926309108734131,-22.560209274291992,94.15811920166016,26.780349731445312,14.112207412719727,13.022510528564453,13.432714462280273,8.09453296661377,7.373356342315674,6.442779541015625,4.997130393981934,6.002857208251953,6.3754048347473145,5.117458343505859,7.471805572509766,1826.9691446586353,303.4316575886986,1934.9196030749977,233.73818072916927,3540.05859375,990.2558009250522,0.14911001920700073,0.11380814760923386,0.21354977786540985,0.06821568310260773,0.06508372724056244,0.13109251856803894,0.06155239790678024,0.06922800838947296,0.12634976208209991,0.08891776949167252,0.06920450180768967,0.06947223097085953,0.2874769866466522,1.0,0.2006603330373764,0.1762700378894806,0.1457178145647049,0.15474309027194977,0.15687458217144012,0.1785319447517395,0.2157279998064041,0.21206866204738617,0.19411860406398773,0.16898484528064728,0.131700798869133,0.0,0.10830078125,0.045991221046304896
17,banjo_017.aiff,banjo,-286.103759765625,99.32121276855469,-11.049158096313477,9.688677787780762,-17.747880935668945,-0.8886536955833435,-3.6155033111572266,9.794562339782715,-13.32524585723877,-22.014286041259766,-15.606033325195312,-17.833797454833984,-4.820655822753906,85.25110626220703,28.02358627319336,17.305923461914062,12.03918743133545,14.035959243774414,7.024255275726318,7.360273361206055,5.392695903778076,5.898381233215332,7.862943172454834,13.008617401123047,8.089049339294434,6.811341285705566,1466.6164371911423,168.82442610000382,1600.5972962650178,164.38617826484233,2667.425537109375,459.50027784129253,0.137542724609375,0.11056572943925858,0.40125739574432373,0.06423597782850266,0.029374215751886368,0.027129260823130608,0.016054894775152206,0.019573569297790527,0.13012483716011047,0.0822661891579628,0.027822192758321762,0.036103736609220505,0.13916048407554626,0.9871377944946289,0.18410624563694,0.16787272691726685,0.08266471326351166,0.046135954558849335,0.03792653977870941,0.039816249161958694,0.11399523913860321,0.08129600435495377,0.06928133219480515,0.07239086925983429,0.07848893105983734,0.04981512203812599,0.0897216796875,0.03505416459606846
18,banjo_018.aiff,banjo,-352.8284606933594,87.99864196777344,-0.052207592874765396,-10.32205867767334,-18.00046157836914,-11.402326583862305,2.099787473678589,22.922304153442383,27.515140533447266,-0.6451472640037537,-25.763525009155273,-23.74715805053711,10.155924797058105,105.1783447265625,24.272470474243164,17.839801788330078,11.196853637695312,13.878148078918457,7.936835289001465,10.854711532592773,5.337902069091797,4.991283416748047,4.807876110076904,7.005270957946777,7.095473766326904,3.2364749908447266,1410.8245513408979,251.60567313078155,1527.058266580803,249.80145412156938,2388.9892578125,600.291605461165,0.08151958882808685,0.07947512716054916,0.20139339566230774,0.03753293305635452,0.028263317421078682,0.025357607752084732,0.0272513534873724,0.036463625729084015,0.05127390846610069,0.03805060312151909,0.042951006442308426,0.05555042251944542,0.19144895672798157,1.0,0.15453383326530457,0.15051010251045227,0.12466087192296982,0.11388108879327774,0.12172862887382507,0.15185321867465973,0.14567726850509644,0.13945305347442627,0.16635815799236298,0.18894408643245697,0.12762922048568726,0.0,0.08270037615740741,0.023731841102931743
19,banjo_019.aiff,banjo,-440.0813903808594,64.76878356933594,22.508852005004883,8.80463981628418,-1.3104485273361206,3.6541483402252197,18.910343170166016,28.884870529174805,16.62131690979004,3.3231563568115234,-2.205601930618286,-3.2206029891967773,9.519583702087402,74.13468170166016,29.70572280883789,14.120930671691895,13.337108612060547,18.617578506469727,11.024178504943848,5.292696952819824,8.47482681274414,4.708234786987305,8.3783597946167,6.299002647399902,7.969784736633301,4.6137189865112305,710.1581564314906,308.9349037493096,1443.6835680666,265.97802203043767,1115.0743272569443,651.655752877532,0.04630294442176819,0.05821486562490463,0.28829774260520935,0.1592552214860916,0.16682930290699005,0.17329229414463043,0.1765037178993225,0.17294444143772125,0.1676395833492279,0.15372875332832336,0.13881787657737732,0.1315983384847641,0.2460487335920334,0.969070553779602,0.17873474955558777,0.2290123701095581,0.24815666675567627,0.2673858404159546,0.2787555754184723,0.2782602310180664,0.26085466146469116,0.241874560713768,0.2183152139186859,0.19931374490261078,0.15374189615249634,0.11950043588876724,0.03366126543209876,0.02951003361663057
20,banjo_020.aiff,banjo,-408.4658203125,158.4888153076172,36.13874816894531,2.6714978218078613,-8.412773132324219,-7.332479000091553,-9.094708442687988,-6.817653179168701,-10.129583358764648,-8.989948272705078,0.08769496530294418,3.0750463008880615,-1.032637596130371,111.792724609375,21.567771911621094,44.737117767333984,16.118938446044922,12.95394229888916,6.33652400970459,10.098217010498047,7.6745171546936035,7.3668365478515625,7.232228755950928,4.014046669006348,3.9220852851867676,4.64005708694458,618.4780527995329,265.56118285351977,822.2045687123804,399.8086372418731,898.2421875,499.6033651006862,0.07324246317148209,0.05865547060966492,0.5162858366966248,0.21258701384067535,0.04961366951465607,0.16875803470611572,0.8315537571907043,0.18657220900058746,0.1679077446460724,0.8158526420593262,0.26281097531318665,0.029811246320605278,0.04088456183671951,0.14822892844676971,0.24500571191310883,0.16251160204410553,0.1568835973739624,0.14644472301006317,0.13951829075813293,0.13846169412136078,0.11133673042058945,0.26071903109550476,0.12935270369052887,0.11275272816419601,0.12629278004169464,0.13266414403915405,0.03991117931547619,0.010282134298026796
21,banjo_021.aiff,banjo,-419.62603759765625,136.36134338378906,55.69321823120117,29.042091369628906,18.0308837890625,9.861723899841309,2.492502450942993,-3.225266933441162,-7.310639381408691,-5.661736965179443,-4.203085899353027,-2.9089179039001465,2.377518653869629,91.07942962646484,35.03605270385742,36.39833068847656,20.470767974853516,11.874722480773926,5.723416328430176,6.908138275146484,5.849282264709473,6.790010452270508,6.899281978607178,9.217761039733887,9.480087280273438,4.899811744689941,462.02809937164596,194.59641210071672,1107.9131126815985,319.81507431737884,568.1351824504574,469.6283790441909,0.09690721333026886,0.0630200207233429,0.7899792194366455,0.4151487946510315,0.16579188406467438,0.15855547785758972,0.15917015075683594,0.1413974165916443,0.24059121310710907,0.7880849838256836,0.32803183794021606,0.12034327536821365,0.12346727401018143,0.2691015303134918,0.2634909749031067,0.21558253467082977,0.25550833344459534,0.2605792284011841,0.252911239862442,0.22522863745689392,0.1853267401456833,0.2702598571777344,0.16049964725971222,0.19197207689285278,0.19678013026714325,0.18204770982265472,0.020043349847560975,0.012948135560039906
22,banjo_022.aiff,banjo,-452.9598693847656,103.54693603515625,25.778141021728516,16.069244384765625,12.174420356750488,7.825112819671631,0.6380524039268494,-5.7519731521606445,-10.229737281799316,-0.32813483476638794,1.6649469137191772,2.1193971633911133,0.6085183024406433,116.45631408691406,35.82018280029297,33.110782623291016,17.488798141479492,15.1409330368042,10.504193305969238,9.230645179748535,10.238937377929688,12.379082679748535,5.942142963409424,7.5012712478637695,4.186268329620361,5.123085021972656,612.1836624882333,311.4192030784159,1147.0716257607396,325.68760690775116,852.35595703125,665.4569120864021,0.05082515627145767,0.06205052509903908,0.987678050994873,0.38664284348487854,0.08066429197788239,0.08601612597703934,0.16430719196796417,0.09202989190816879,0.09664377570152283,0.24041789770126343,0.1152065321803093,0.0667988732457161,0.06685084849596024,0.28909242153167725,0.051456913352012634,0.12097842246294022,0.14744609594345093,0.14564163982868195,0.20410823822021484,0.15352763235569,0.17000770568847656,0.2670673131942749,0.13317333161830902,0.11413320153951645,0.10995613783597946,0.10750352591276169,0.02999230587121212,0.025060548662143207
23,banjo_023.aiff,banjo,-470.532470703125,88.44161224365234,25.329193115234375,25.280071258544922,27.749906539916992,24.052814483642578,18.26778793334961,9.221244812011719,-6.280810356140137,-2.530998468399048,10.471243858337402,10.866113662719727,-0.013670002110302448,103.5687255859375,30.341869354248047,30.949308395385742,13.850905418395996,17.248193740844727,11.663653373718262,7.378974914550781,4.512617111206055,10.543392181396484,7.161348819732666,7.794899940490723,4.709161758422852,6.098580360412598,531.7570772804679,267.5380251661525,1202.5658554190654,246.40160508086902,712.90283203125,584.4302561589145,0.06124906614422798,0.05107303708791733,0.9984400272369385,0.4149501323699951,0.10906856507062912,0.11240014433860779,0.18782062828540802,0.12122976034879684,0.10601259022951126,0.11257345974445343,0.09726619720458984,0.0825301930308342,0.0836552157998085,0.3134920299053192,0.012958384118974209,0.1147625520825386,0.15668517351150513,0.15337157249450684,0.1648363471031189,0.16225776076316833,0.15986230969429016,0.1622665524482727,0.1511070281267166,0.14723515510559082,0.13427935540676117,0.10780490189790726,0.023228236607142856,0.021053048307963333
24,banjo_024.aiff,banjo,-273.5548400878906,75.77522277832031,-6.794610977172852,-4.129494667053223,-4.544047832489014,-6.782447338104248,-4.6225128173828125,1.9866153001785278,-7.204561710357666,-20.177383422851562,-8.204927444458008,-2.605609655380249,-9.705533981323242,101.85648345947266,28.580963134765625,16.808813095092773,12.587945938110352,9.945849418640137,6.874925136566162,7.547682762145996,4.591366291046143,4.135201454162598,4.145684719085693,5.267842769622803,6.109118461608887,3.9037840366363525,1829.21548888602,278.294844070394,1859.95661907579,145.21591853838157,2813.1591796875,292.1877529530782,0.11176928877830505,0.08820286393165588,0.9858618378639221,0.18573115766048431,0.014482658356428146,0.07385231554508209,0.27860018610954285,0.03017701394855976,0.06555415689945221,0.40849944949150085,0.07778766751289368,0.018603531643748283,0.02665744163095951,0.26280733942985535,0.042600881308317184,0.1170739158987999,0.02682812511920929,0.03837677836418152,0.1610373854637146,0.02177923358976841,0.04608665406703949,0.3215007781982422,0.05686619505286217,0.044839054346084595,0.05726061388850212,0.1235954612493515,0.11567615327380952,0.04793356163492643
25,banjo_025.aiff,banjo,-408.1861572265625,76.09065246582031,20.122798919677734,16.93178367614746,5.479197025299072,9.281140327453613,5.967752456665039,3.68145751953125,-5.595595359802246,-7.367987632751465,-1.098535418510437,3.5586442947387695,13.256718635559082,89.76685333251953,19.56485366821289,18.25947380065918,7.963919639587402,15.851091384887695,6.6650214195251465,5.452879428863525,5.9803266525268555,7.4175944328308105,12.268914222717285,8.776847839355469,6.734047889709473,6.837239742279053,924.0862909660932,419.08591735548833,1478.775258626155,261.5900057386323,1521.6796875,894.2402775379647,0.054422471672296524,0.06169907748699188,0.9839274287223816,0.24458786845207214,0.0918065756559372,0.09647021442651749,0.11927126348018646,0.09058602899312973,0.0918678417801857,0.13984224200248718,0.07912495732307434,0.0667298287153244,0.06805045902729034,0.25755584239959717,0.0717986598610878,0.18310438096523285,0.22658298909664154,0.23175649344921112,0.23747123777866364,0.23729640245437622,0.2193210870027542,0.2248389720916748,0.18480202555656433,0.17437748610973358,0.1676350086927414,0.14972221851348877,0.051066080729166664,0.03783188556780294
26,banjo_026.aiff,banjo,-295.5779113769531,110.45628356933594,-9.850119590759277,-23.014272689819336,-30.722332000732422,-18.245704650878906,0.6447024941444397,30.304677963256836,23.78787612915039,-15.07872486114502,-36.95467758178711,-11.43017292022705,31.554187774658203,107.72010803222656,16.008697509765625,15.729894638061523,8.234518051147461,12.776101112365723,4.716980457305908,6.167351245880127,8.005967140197754,8.88442611694336,5.821821212768555,7.7017316818237305,8.601367950439453,7.074036121368408,1846.7452189881953,148.72938908194737,1868.8055070545045,120.19549849629445,2988.5009765625,435.5907168368627,0.09299375116825104,0.06749257445335388,1.0,0.2783394455909729,0.03612139821052551,0.011417493224143982,0.013259246945381165,0.014667429029941559,0.020509544759988785,0.05845573917031288,0.032516561448574066,0.031042566522955894,0.03052300214767456,0.24614493548870087,0.0,0.22406353056430817,0.0640033483505249,0.018051179125905037,0.02066444605588913,0.0308831837028265,0.033067893236875534,0.03030986897647381,0.040728066116571426,0.04414663836359978,0.03735768795013428,0.11093908548355103,0.09660993303571429,0.028403688954031746
27,banjo_027.aiff,banjo,-411.0455017089844,150.465087890625,22.393190383911133,-8.630373001098633,-22.514795303344727,-12.601016998291016,-1.5165350437164307,0.23762552440166473,-2.7796428203582764,-0.452395498752594,-4.519611835479736,-7.534449100494385,-2.7196691036224365,113.04277038574219,26.384124755859375,39.337806701660156,18.628801345825195,11.948845863342285,6.014455318450928,9.149504661560059,7.017062664031982,8.682787895202637,4.954584121704102,5.075628757476807,5.538282871246338,5.4554524421691895,684.6407841858537,212.69651068561618,810.5545083078084,282.3515214115647,915.1611328125,277.992456978755,0.07154901325702667,0.05580032244324684,0.08987830579280853,0.2145843654870987,0.0948682352900505,0.038112156093120575,0.23692955076694489,0.896506130695343,0.13686132431030273,0.21330291032791138,0.8536390662193298,0.19340375065803528,0.04653318598866463,0.13041433691978455,0.10134242475032806,0.16107359528541565,0.17195768654346466,0.14217333495616913,0.14035111665725708,0.1663476824760437,0.10339096188545227,0.09714335948228836,0.1680537462234497,0.07177368551492691,0.0648438036441803,0.16871023178100586,0.04728929924242424,0.010248000934792454
28,banjo_028.aiff,banjo,-473.2077941894531,126.45095825195312,52.93194580078125,22.049789428710938,6.958482265472412,2.1487255096435547,-0.07743589580059052,-0.053069472312927246,1.7189066410064697,5.229374885559082,4.982852935791016,3.211982011795044,1.205270767211914,91.14872741699219,40.71895217895508,32.76077651977539,22.602933883666992,15.272581100463867,8.439959526062012,7.709444046020508,7.993829727172852,7.357105255126953,4.349260330200195,4.988180637359619,5.072234630584717,4.580036163330078,479.7630167094488,170.03637696051976,1125.1319510697865,294.3528393720109,584.769154743976,318.047809145163,0.05700093135237694,0.041590698063373566,0.4012202024459839,0.7249311208724976,0.3593212366104126,0.24313393235206604,0.3150012791156769,0.5465479493141174,0.2461189329624176,0.3425365090370178,0.784428060054779,0.2913334369659424,0.17391365766525269,0.19505979120731354,0.27555739879608154,0.3727476894855499,0.2891017198562622,0.3045991063117981,0.26881927251815796,0.2659717798233032,0.25006183981895447,0.18562458455562592,0.24489644169807434,0.1879543662071228,0.23270244896411896,0.25109627842903137,0.02156085278614458,0.017575752382553027
29,banjo_029.aiff,banjo,-325.2433166503906,128.67828369140625,-11.027115821838379,-3.2983036041259766,4.120807647705078,-1.2920656204223633,-11.299114227294922,-12.077027320861816,-15.357416152954102,-1.2504010200500488,-10.482398986816406,-10.314118385314941,-1.7413480281829834,110.33389282226562,15.84665298461914,25.153833389282227,9.178153991699219,20.79228401184082,7.458503246307373,6.170433044433594,10.480835914611816,7.0022735595703125,6.944764614105225,5.636387825012207,7.281208038330078,3.7559814453125,968.8530553596105,301.3476881053972,1157.4096736402353,446.6835970111919,1696.5087890625,485.6699670128797,0.09163877367973328,0.0797671228647232,0.3472403585910797,0.7933739423751831,0.21695363521575928,0.04304749518632889,0.04845193028450012,0.09843667596578598,0.052038878202438354,0.12889960408210754,0.5119235515594482,0.1324901282787323,0.052453141659498215,0.07478612661361694,0.1740538477897644,0.31104224920272827,0.16094854474067688,0.14136885106563568,0.13494209945201874,0.1572466641664505,0.15949581563472748,0.16360096633434296,0.4092116355895996,0.15317071974277496,0.18733496963977814,0.20882193744182587,0.05064174107142857,0.021463831396291752
30,banjo_030.aiff,banjo,-464.5782165527344,68.17195892333984,23.185205459594727,20.629638671875,19.10268783569336,15.840380668640137,14.006021499633789,12.668106079101562,4.6072611808776855,4.099966049194336,3.147677421569824,-0.29403647780418396,-0.7154686450958252,98.64434814453125,40.05381393432617,23.216365814208984,15.209914207458496,15.233872413635254,11.2097749710083,8.420348167419434,4.968588829040527,11.447986602783203,4.265688419342041,4.071436405181885,5.7912750244140625,6.14393949508667,496.82134477033935,262.3923495644102,1231.6982277897314,230.25083454214976,536.63818359375,487.2803113631465,0.04193058982491493,0.049810126423835754,0.45819520950317383,0.9374912977218628,0.358736515045166,0.19276995956897736,0.19573664665222168,0.2022268921136856,0.1797303408384323,0.19538460671901703,0.2995452582836151,0.1594855785369873,0.12419749796390533,0.13169878721237183,0.15159453451633453,0.1916792094707489,0.22298452258110046,0.2784003019332886,0.2866005003452301,0.27864423394203186,0.26749956607818604,0.23833951354026794,0.3357372581958771,0.18729062378406525,0.17561043798923492,0.16966606676578522,0.020535714285714286,0.019651014937693508
31,banjo_031.aiff,banjo,-290.51806640625,84.90636444091797,-9.513258934020996,-9.168253898620605,-13.196711540222168,2.5660579204559326,-7.169247627258301,-3.661073923110962,-1.5195434093475342,-14.25032901763916,-10.123308181762695,-8.034470558166504,13.363590240478516,95.57323455810547,28.177648544311523,16.679401397705078,6.298130512237549,11.460753440856934,5.005530834197998,11.005508422851562,7.614469051361084,7.132499694824219,11.124527931213379,13.706463813781738,6.464343547821045,4.500300884246826,1864.9891156436943,509.1147218999056,1929.3086519860883,353.27142809594454,3693.7725360576924,1329.8150169932117,0.09315809607505798,0.07649881392717361,0.463422030210495,0.7953951358795166,0.17020025849342346,0.08614620566368103,0.09226139634847641,0.13951300084590912,0.07608150690793991,0.1542915552854538,0.6013456583023071,0.14057789742946625,0.06468287110328674,0.10013509541749954,0.22703491151332855,0.3022914528846741,0.2372709959745407,0.2373160570859909,0.224791020154953,0.21025295555591583,0.20204664766788483,0.18333908915519714,0.3969249129295349,0.18199987709522247,0.19135889410972595,0.2090705931186676,0.11275540865384616,0.049040426959989225
32,banjo_032.aiff,banjo,-253.02320861816406,118.50735473632812,-25.54963493347168,-25.955135345458984,-37.53850173950195,-16.261791229248047,8.354042053222656,21.84430694580078,3.6405062675476074,-26.49268913269043,-26.336673736572266,15.516277313232422,23.34884262084961,107.06029510498047,16.81503677368164,13.488113403320312,2.2046663761138916,11.441659927368164,6.065618515014648,4.520387172698975,4.125464916229248,6.481139183044434,9.298861503601074,11.063532829284668,3.5794026851654053,6.997004508972168,1628.3479583910894,226.45275357093638,1630.2999518755141,106.098234376378,2737.408447265625,549.1164708778211,0.1555481255054474,0.09245333075523376,0.23963698744773865,1.0,0.34759819507598877,0.07931739836931229,0.04118841886520386,0.04561736062169075,0.04415198042988777,0.05464968830347061,0.07464354485273361,0.05648992210626602,0.04511979594826698,0.09622611105442047,0.20740549266338348,0.0,0.2026744931936264,0.1585705429315567,0.08724517375230789,0.09904658049345016,0.09512356668710709,0.08344313502311707,0.0788690596818924,0.06183096021413803,0.07416190207004547,0.1352439820766449,0.08331298828125,0.043116186526748396
33,banjo_033.aiff,banjo,-370.6992492675781,156.66317749023438,12.066916465759277,-2.3299715518951416,-18.654813766479492,-17.102550506591797,-8.537444114685059,-4.536700248718262,-8.088133811950684,-6.183890342712402,-7.5349321365356445,-7.2721147537231445,-2.4075205326080322,117.90066528320312,21.035884857177734,38.95339584350586,12.108268737792969,11.583965301513672,6.382918357849121,7.295813083648682,8.13915729522705,5.63096284866333,4.932848930358887,3.5135538578033447,6.768247127532959,5.434059143066406,725.3514076847446,299.8755500202834,941.4033052542995,397.8238409494486,1041.84814453125,534.4377571699113,0.09054975211620331,0.06363504379987717,0.05009077861905098,0.1509101688861847,0.5647706389427185,0.26737186312675476,0.05303672328591347,0.11362630873918533,0.5094853639602661,0.12601913511753082,0.15739287436008453,0.9170703887939453,0.3052302598953247,0.0295451357960701,0.12131086736917496,0.15215404331684113,0.2736038565635681,0.2118341326713562,0.15689939260482788,0.1383027285337448,0.2769588828086853,0.13288931548595428,0.1041625365614891,0.1969435065984726,0.06793979555368423,0.07484227418899536,0.042431640625,0.011792674548385977
34,banjo_034.aiff,banjo,-452.67926025390625,117.9785385131836,49.047508239746094,22.622840881347656,4.433350563049316,-3.7487974166870117,-4.560905456542969,-3.64154052734375,-1.6593856811523438,3.3544211387634277,3.353147029876709,-0.052130453288555145,-0.6231601238250732,92.18514251708984,34.3968391418457,33.24024200439453,16.988780975341797,12.163418769836426,7.58597993850708,7.121623516082764,8.871114730834961,6.874393939971924,3.805185317993164,4.887341499328613,4.773730278015137,4.341593265533447,491.82395218135423,174.06131290671524,1108.5767030247578,288.75955313784,620.5345360008446,310.06445590556626,0.06176523119211197,0.051778025925159454,0.08259458094835281,0.2690682113170624,0.7982054948806763,0.31977301836013794,0.11098312586545944,0.11960499733686447,0.2184593826532364,0.0998714342713356,0.15148109197616577,0.4708500802516937,0.1632862240076065,0.0687694326043129,0.19945907592773438,0.2023628056049347,0.310296893119812,0.21815630793571472,0.24428817629814148,0.22098292410373688,0.23756615817546844,0.1948494166135788,0.18613064289093018,0.40362825989723206,0.16545577347278595,0.17096808552742004,0.023305532094594593,0.013900505915485589
35,banjo_035.aiff,banjo,-349.23638916015625,68.94454193115234,-2.733734607696533,32.04363250732422,9.10538387298584,8.427465438842773,-5.881799221038818,7.396517753601074,-4.918973445892334,-5.870690822601318,10.558917045593262,-9.146410942077637,5.566553115844727,110.23490142822266,18.584680557250977,7.925420761108398,18.21506690979004,19.46881675720215,9.418813705444336,12.931787490844727,5.225817680358887,7.616962432861328,4.7958879470825195,6.395401477813721,15.957718849182129,4.647735595703125,1366.8211732435695,438.94611188296375,1675.3532224083779,253.33105886729516,2778.189489976415,736.0408030906342,0.05352295935153961,0.06084797903895378,0.0909205749630928,0.21978172659873962,0.9453122019767761,0.322765052318573,0.06550862640142441,0.05578213185071945,0.13890303671360016,0.06224203109741211,0.07412980496883392,0.20839768648147583,0.06671233475208282,0.04164019599556923,0.10459084808826447,0.11698253452777863,0.1836603879928589,0.07682690769433975,0.07083992660045624,0.07258791476488113,0.14398424327373505,0.09428296983242035,0.12813623249530792,0.2865718901157379,0.08163248747587204,0.06989657133817673,0.07096661261792453,0.03545388874966247
36,banjo_036.aiff,banjo,-421.6159362792969,68.13165283203125,13.267068862915039,29.969280242919922,18.474348068237305,21.056310653686523,6.574769020080566,9.062853813171387,14.341370582580566,-7.829042911529541,-3.708184242248535,10.357030868530273,-1.9412105083465576,101.34473419189453,15.494885444641113,13.955900192260742,14.86530876159668,17.196123123168945,7.915040493011475,10.426675796508789,14.010737419128418,8.84669303894043,9.079102516174316,6.717997074127197,3.8194222450256348,13.109208106994629,889.526103245274,429.49016810431937,1593.7361627781652,230.70817809400532,1742.5944010416667,995.5398136974721,0.044813718646764755,0.0464416965842247,0.21988670527935028,0.34835389256477356,0.9772543907165527,0.45219966769218445,0.21429719030857086,0.19961430132389069,0.19154305756092072,0.1726449579000473,0.178561270236969,0.2955964505672455,0.1876213401556015,0.16494634747505188,0.22816012799739838,0.2038005292415619,0.09434698522090912,0.18102066218852997,0.2608680725097656,0.2576480507850647,0.23574334383010864,0.22243455052375793,0.20437952876091003,0.23430532217025757,0.18402457237243652,0.19918422400951385,0.036283516589506175,0.02997686164664629
37,banjo_037.aiff,banjo,-491.26904296875,82.8442153930664,25.48440170288086,21.47248649597168,9.068443298339844,1.011682391166687,-2.2096848487854004,-5.401585578918457,-6.122672080993652,-7.103464603424072,10.819417953491211,20.18058967590332,27.675199508666992,117.0148696899414,14.244482040405273,20.276103973388672,15.727487564086914,11.561092376708984,4.704483985900879,5.292521953582764,5.434213161468506,4.587166786193848,7.2786078453063965,10.086969375610352,10.930498123168945,5.190330982208252,978.1865039006306,520.1124268682115,1551.1400162811155,224.4798111940783,1596.7698317307693,1009.0874461698382,0.02994505502283573,0.03290056809782982,0.17250888049602509,0.31888917088508606,0.9667636156082153,0.27426496148109436,0.12911735475063324,0.12745127081871033,0.14420853555202484,0.11768586933612823,0.12316960841417313,0.275249719619751,0.11982124298810959,0.10159587860107422,0.2047177255153656,0.23136600852012634,0.12146054953336716,0.1889217048883438,0.22012561559677124,0.21377789974212646,0.19330976903438568,0.19242852926254272,0.16230030357837677,0.303094744682312,0.14080744981765747,0.15221618115901947,0.054105318509615384,0.05051758812627965
38,banjo_038.aiff,banjo,-463.2095031738281,96.26482391357422,25.309955596923828,19.999549865722656,8.533544540405273,2.9227185249328613,-0.6972548961639404,-4.706401348114014,-8.123943328857422,2.465947389602661,14.745237350463867,28.181222915649414,39.058860778808594,95.1100845336914,16.01124382019043,20.584110260009766,10.032451629638672,10.729910850524902,6.125097751617432,6.224112510681152,6.141679286956787,8.888400077819824,8.933357238769531,10.85056209564209,6.554776668548584,9.502666473388672,851.6900895552627,380.22546441045455,1550.9586630858512,217.19073898519684,1409.834853916952,921.7162845773822,0.039056893438100815,0.034514762461185455,0.16038359701633453,0.3110385537147522,0.9963828325271606,0.30629169940948486,0.1393500417470932,0.12871728837490082,0.1260998249053955,0.11009028553962708,0.11171474307775497,0.19419485330581665,0.1116245836019516,0.10392742604017258,0.21426954865455627,0.21969492733478546,0.018485121428966522,0.22627897560596466,0.25935810804367065,0.24962246417999268,0.22603535652160645,0.2103019505739212,0.19234010577201843,0.2377840280532837,0.18138965964317322,0.1873607337474823,0.041811590325342464,0.03709049258539506
39,banjo_039.aiff,banjo,-331.26025390625,104.26411437988281,-12.038168907165527,-22.86826515197754,-21.18492889404297,-5.086069107055664,24.49077033996582,24.737041473388672,-3.3748342990875244,-38.09671401977539,-6.015100002288818,27.079858779907227,12.470880508422852,115.67765808105469,17.35292625427246,15.695743560791016,6.290716648101807,16.28765106201172,7.890398979187012,7.119328022003174,6.240917205810547,3.9903628826141357,9.433781623840332,5.251705169677734,3.3745415210723877,5.131033897399902,1695.6466872152366,165.26401809946358,1796.766864543026,99.87305358674544,2500.384880514706,336.41065875366064,0.08161107450723648,0.055666156113147736,0.05158430337905884,0.2711770534515381,1.0,0.20422983169555664,0.026500279083848,0.021112577989697456,0.02200883813202381,0.024062354117631912,0.020081480965018272,0.018061887472867966,0.015482944436371326,0.029547877609729767,0.14533445239067078,0.24488727748394012,0.0,0.10536959767341614,0.0690770149230957,0.05901084840297699,0.06459324061870575,0.05645298585295677,0.0475788339972496,0.036035627126693726,0.036687806248664856,0.07010001689195633,0.09050436580882353,0.02910858861104035
40,banjo_040.aiff,banjo,-367.6955871582031,148.44961547851562,12.339461326599121,4.309223175048828,-4.77316951751709,-4.194433212280273,-7.287838459014893,-9.795610427856445,-12.123764991760254,-8.884608268737793,-9.546149253845215,-0.33938324451446533,12.637076377868652,120.63078308105469,26.714181900024414,36.42258834838867,15.455731391906738,18.488889694213867,5.331403732299805,6.032257556915283,8.934285163879395,5.193711757659912,5.494264125823975,4.238295555114746,5.486728668212891,7.711822032928467,703.6077236675792,290.7732443047781,973.8874796182184,425.4679136898501,980.5889423076923,639.6981486465644,0.10304645448923111,0.08175399154424667,0.045321181416511536,0.088233582675457,0.2544589638710022,0.9988437294960022,0.38421180844306946,0.046801067888736725,0.042181335389614105,0.08526284992694855,0.06950455158948898,0.08636593818664551,0.3489048182964325,0.147430419921875,0.1567324846982956,0.20068958401679993,0.1602938175201416,0.005781502462923527,0.16084618866443634,0.16131414473056793,0.15036390721797943,0.20146021246910095,0.17509417235851288,0.139609694480896,0.2304857075214386,0.1926458477973938,0.034836989182692304,0.011307725672769952
41,banjo_041.aiff,banjo,-475.49847412109375,102.08389282226562,44.27811813354492,29.194107055664062,18.283790588378906,8.04414176940918,-0.4946468472480774,-2.989783525466919,-2.1783275604248047,-0.06026814132928848,-0.8748148083686829,1.3448079824447632,7.427242279052734,101.3747329711914,40.82477951049805,30.609033584594727,18.332839965820312,13.587557792663574,7.626621246337891,8.644949913024902,7.484342098236084,5.351181507110596,3.183720350265503,3.4954636096954346,4.675943374633789,5.84157657623291,484.492340804326,199.8277188905626,1176.2005616466695,308.31686968865523,527.9672241210938,452.9094914098092,0.0543111190199852,0.05758846178650856,0.09542439132928848,0.11133910715579987,0.33898380398750305,0.9976319074630737,0.3771485984325409,0.11659076064825058,0.1021176129579544,0.10275747627019882,0.09366758167743683,0.10624082386493683,0.22205689549446106,0.12121240049600601,0.15833072364330292,0.1765376180410385,0.16311994194984436,0.019777756184339523,0.15143868327140808,0.1932581216096878,0.17883352935314178,0.16883015632629395,0.15365855395793915,0.14230231940746307,0.22516535222530365,0.15318801999092102,0.0195556640625,0.013655712928948066
42,banjo_042.aiff,banjo,-421.8577575683594,78.1420669555664,17.424306869506836,32.0750617980957,20.113523483276367,20.86700439453125,-3.8951308727264404,-5.099574089050293,-0.40459930896759033,-7.578063011169434,6.75066614151001,-0.10203185677528381,-2.753418207168579,132.4009246826172,12.222310066223145,23.131593704223633,13.078898429870605,16.166156768798828,9.352686882019043,12.749040603637695,9.486166000366211,6.043041229248047,11.756885528564453,8.31651782989502,4.263781547546387,4.274172782897949,904.4031879761063,473.2661508338566,1451.3878447629345,194.69579203281185,1449.1263724662163,879.0167234465425,0.06050126627087593,0.06703626364469528,0.08556187152862549,0.0995357558131218,0.33249974250793457,1.0,0.30983036756515503,0.08266393095254898,0.09323461353778839,0.17898674309253693,0.08368191868066788,0.07549059391021729,0.11936189234256744,0.08038179576396942,0.13149414956569672,0.14180326461791992,0.13266466557979584,0.0,0.12101498246192932,0.14446566998958588,0.12527287006378174,0.14971579611301422,0.12167304754257202,0.12197766453027725,0.113031305372715,0.11234262585639954,0.044341216216216214,0.037556644622990756
43,banjo_043.aiff,banjo,-426.947998046875,71.08445739746094,24.58736801147461,33.60161209106445,15.177318572998047,20.2244815826416,11.741572380065918,3.024379014968872,-1.3292423486709595,4.765275001525879,8.023792266845703,2.605585813522339,8.42637825012207,111.49752044677734,18.348726272583008,18.41441535949707,13.999717712402344,16.336790084838867,6.4324469566345215,8.95754337310791,8.884686470031738,11.340104103088379,7.186519622802734,6.82033109664917,7.008072853088379,4.282273769378662,774.940381343286,375.1672865937444,1594.2753689454416,239.5251872378827,1209.832763671875,966.8695087891855,0.0631653368473053,0.06461398303508759,0.4704873263835907,0.4913414418697357,0.6154175996780396,0.9870846271514893,0.5854731202125549,0.4358397126197815,0.4186955392360687,0.4794272482395172,0.36540302634239197,0.35280659794807434,0.3716242015361786,0.3912697434425354,0.3998011350631714,0.40160879492759705,0.2982560694217682,0.038722746074199677,0.30268028378486633,0.3850095272064209,0.3443225920200348,0.26966989040374756,0.2969118058681488,0.29632532596588135,0.30141422152519226,0.34050479531288147,0.02613467261904762,0.02664958837593043
44,banjo_044.aiff,banjo,-290.5646057128906,95.1719741821289,-20.26846694946289,-14.484926223754883,2.2275235652923584,5.336734771728516,-9.846222877502441,-9.231292724609375,-13.018383026123047,-21.431129455566406,12.146900177001953,27.15227508544922,25.41045570373535,107.79341125488281,21.09503173828125,15.524508476257324,8.689038276672363,14.910722732543945,9.169673919677734,7.967918395996094,6.034335613250732,5.419460773468018,4.822770595550537,9.787907600402832,3.2477481365203857,4.845401763916016,1695.544376337336,158.87903334541005,1699.144781752026,167.35189040736452,2562.451171875,256.9237910524443,0.09723758697509766,0.06942132860422134,0.04200667515397072,0.07471181452274323,0.22634750604629517,0.9894635677337646,0.2080346792936325,0.025291038677096367,0.01822328194975853,0.020742610096931458,0.014495817944407463,0.02978443168103695,0.12081042677164078,0.0435689240694046,0.1129930391907692,0.18899644911289215,0.1975511610507965,0.043442629277706146,0.08712957799434662,0.07504095137119293,0.056391190737485886,0.04339072108268738,0.041776422411203384,0.05168626457452774,0.08872256428003311,0.07012428343296051,0.095947265625,0.03140611858350968
45,banjo_045.aiff,banjo,-298.6211853027344,93.92587280273438,0.2281750589609146,0.030327418819069862,-12.262310981750488,0.2902420461177826,-10.159452438354492,-17.946670532226562,-22.755863189697266,0.49897363781929016,22.657455444335938,36.537845611572266,36.803955078125,85.10716247558594,28.117521286010742,17.748140335083008,8.42512321472168,11.68805980682373,6.661915302276611,10.230545997619629,5.961216926574707,7.495406150817871,12.50964069366455,8.76048755645752,9.483036994934082,7.51120662689209,1365.918007986182,121.74431524325033,1623.8982686551162,214.63052005411032,2697.03369140625,547.9137768838436,0.13621164858341217,0.11288008093833923,0.058284029364585876,0.07228212803602219,0.26545894145965576,0.9982367753982544,0.232108011841774,0.05933884158730507,0.052739229053258896,0.058649931102991104,0.03230053186416626,0.03378262370824814,0.07252588868141174,0.04439322650432587,0.1851559430360794,0.21568502485752106,0.18789716064929962,0.007270003668963909,0.1424076110124588,0.18246020376682281,0.1581823080778122,0.12303269654512405,0.1054815724492073,0.09232529252767563,0.13083213567733765,0.13624602556228638,0.06659613715277778,0.025687873275000498
46,banjo_046.aiff,banjo,-285.3155212402344,107.14434051513672,-23.408615112304688,-22.721677780151367,-25.44121551513672,-5.068991184234619,18.718786239624023,23.749021530151367,-19.772281646728516,-34.437801361083984,8.595941543579102,35.10765075683594,-6.827081203460693,112.77082061767578,13.601030349731445,16.839683532714844,9.135509490966797,20.953630447387695,6.581826210021973,4.749948024749756,6.803104400634766,9.449597358703613,9.86978816986084,6.459670543670654,6.830915451049805,6.866479873657227,1750.5086289296798,203.45528764055305,1627.501597580316,123.63145289341396,2470.037841796875,104.79784086159698,0.1088699996471405,0.08244539797306061,0.058294881135225296,0.1004750058054924,0.3956650197505951,0.9883675575256348,0.1791776865720749,0.04477471113204956,0.03661949560046196,0.039552297443151474,0.03243516758084297,0.030479781329631805,0.026246966794133186,0.03762331232428551,0.15446998178958893,0.23394180834293365,0.22208915650844574,0.03858059644699097,0.11750008165836334,0.10253453999757767,0.10125972330570221,0.08979082852602005,0.07902313023805618,0.07082895934581757,0.06239227578043938,0.08566053211688995,0.13541666666666666,0.06114974053293949
47,banjo_047.aiff,banjo,-419.7073974609375,139.6621856689453,25.52252960205078,-0.45211729407310486,-12.12138843536377,-3.63778018951416,4.691301345825195,1.4032264947891235,-7.989571571350098,-2.8985445499420166,1.7918707132339478,3.1987357139587402,3.133107900619507,112.39019012451172,26.910905838012695,39.085350036621094,15.463282585144043,15.447551727294922,9.294123649597168,7.430597305297852,3.2565996646881104,5.578853130340576,3.055209159851074,3.5148725509643555,5.2017645835876465,6.0815863609313965,665.1370973129316,207.74403568883034,888.1741672110244,193.08980795102642,886.151123046875,291.8128571608215,0.0656527429819107,0.06173480302095413,0.05171511322259903,0.024209294468164444,0.0749475285410881,0.25415632128715515,0.9973453879356384,0.24865899980068207,0.012659936212003231,0.04427298903465271,0.15258783102035522,0.03698679804801941,0.030621018260717392,0.14517861604690552,0.0926181748509407,0.04200064390897751,0.11853469908237457,0.09479855000972748,0.015705063939094543,0.06274891644716263,0.022931450977921486,0.0909615084528923,0.27058839797973633,0.07913181185722351,0.05230094492435455,0.2046804130077362,0.04258897569444445,0.014897296145050231
48,banjo_048.aiff,banjo,-473.23577880859375,108.28683471679688,47.30412673950195,26.268096923828125,13.203564643859863,8.494020462036133,5.265690326690674,3.0628719329833984,5.546186447143555,10.260614395141602,7.6441168785095215,3.698258399963379,3.0407145023345947,95.6813735961914,40.45618438720703,30.098539352416992,16.429094314575195,15.165472984313965,9.775972366333008,9.017350196838379,9.05540657043457,6.028360366821289,5.601577281951904,5.674726486206055,7.321793556213379,6.021526336669922,463.22244975597806,173.10646225888073,1143.1597305327537,278.0810133897353,492.87109375,349.6399099984755,0.05259493365883827,0.05206909403204918,0.25982487201690674,0.2719877064228058,0.2875090539455414,0.5333234071731567,0.991241991519928,0.362592488527298,0.215934157371521,0.20512361824512482,0.21363648772239685,0.19479817152023315,0.21400010585784912,0.27612006664276123,0.3339003622531891,0.3566220700740814,0.3598117530345917,0.23357729613780975,0.04186975955963135,0.2603332996368408,0.28278210759162903,0.2588600814342499,0.24471090734004974,0.2506943941116333,0.2596227824687958,0.28161561489105225,0.022412712191358024,0.018073590545398897
49,banjo_049.aiff,banjo,-259.3318176269531,88.20124816894531,0.07760415226221085,11.571526527404785,-7.038973808288574,0.1754274070262909,-14.903610229492188,0.7917299270629883,-13.550987243652344,-8.958765029907227,11.681422233581543,-17.724966049194336,2.1635568141937256,99.20870208740234,18.576568603515625,16.09084701538086,22.732685089111328,13.595320701599121,6.0308356285095215,9.176433563232422,4.69058084487915,5.8960862159729,6.670315742492676,13.450249671936035,9.946914672851562,7.7452239990234375,1474.8526956361402,121.05928903146311,1789.4549166633005,96.23875846244262,2646.968994140625,149.58506499209489,0.13292625546455383,0.10318060219287872,0.11686839908361435,0.030531803146004677,0.04867570847272873,0.30488887429237366,0.9042752385139465,0.2180240899324417,0.03419114276766777,0.041125860065221786,0.1084093451499939,0.03964011371135712,0.08815474063158035,0.42128270864486694,0.1684342920780182,0.09206198900938034,0.11490408331155777,0.1799968034029007,0.17803126573562622,0.13385890424251556,0.09492233395576477,0.08227263391017914,0.11897451430559158,0.10371207445859909,0.1357860565185547,0.40888530015945435,0.062158203125,0.025825924169764227
50,banjo_050.aiff,banjo,-290.5580139160156,100.67733001708984,-1.4632290601730347,11.089188575744629,-18.03843116760254,6.6909637451171875,2.1131606101989746,-16.17060661315918,-12.15904426574707,7.664614677429199,-0.9942500591278076,7.81912899017334,7.413320064544678,97.8156509399414,19.19456672668457,11.034356117248535,21.06426239013672,8.167774200439453,8.274124145507812,6.744121551513672,8.996793746948242,7.13858699798584,4.389706134796143,13.355237007141113,2.5204834938049316,7.077457904815674,1142.226819435239,147.7827129437223,1385.2287079308944,170.85938948505375,1477.0751953125,235.99248838997462,0.16231587529182434,0.10785413533449173,0.0766337513923645,0.040214139968156815,0.04025856405496597,0.23297153413295746,0.9838722944259644,0.20476233959197998,0.019105061888694763,0.016230931505560875,0.027838626876473427,0.048807092010974884,0.08158203959465027,0.24125340580940247,0.15430860221385956,0.15918609499931335,0.12966543436050415,0.11708719283342361,0.07212523370981216,0.07543709874153137,0.06494665145874023,0.06203218922019005,0.10166992247104645,0.19792935252189636,0.211613267660141,0.33870407938957214,0.06501116071428571,0.018325211584374647
51,banjo_051.aiff,banjo,-328.79376220703125,80.94387817382812,-2.9039790630340576,0.700072169303894,-0.9926341772079468,-0.5042861104011536,-12.3847074508667,-4.746175765991211,-20.969223022460938,-13.824819564819336,30.726953506469727,33.437496185302734,13.645264625549316,103.37773132324219,25.1280517578125,17.815759658813477,10.377570152282715,11.663392066955566,8.250099182128906,4.447405815124512,5.962985992431641,6.501401424407959,6.434896945953369,11.234173774719238,4.653291702270508,6.012038707733154,1695.472033507644,257.11917640920194,1715.5601331774703,169.15024704018387,2748.7601902173915,353.7046066527228,0.094585120677948,0.07248708605766296,0.02896684594452381,0.035156842321157455,0.04747270420193672,0.21264933049678802,0.9950886368751526,0.19973869621753693,0.02750593237578869,0.02087397500872612,0.01778167299926281,0.013236423023045063,0.017708564177155495,0.04889173060655594,0.084039606153965,0.12265409529209137,0.17225860059261322,0.17911429703235626,0.023036427795886993,0.10143010318279266,0.10071340948343277,0.07562004774808884,0.06027257815003395,0.05060438811779022,0.05265532061457634,0.061395931988954544,0.10967221467391304,0.04326248529311941
52,banjo_052.aiff,banjo,-324.5342712402344,94.40267181396484,1.9496738910675049,6.327821254730225,-14.722552299499512,-1.5094517469406128,-15.293220520019531,-14.468324661254883,-16.106733322143555,12.883989334106445,47.125877380371094,43.43779754638672,4.110341548919678,80.92915344238281,28.94541358947754,18.073469161987305,8.795196533203125,14.969069480895996,11.683988571166992,11.163243293762207,8.767012596130371,8.568819046020508,7.856796741485596,13.068418502807617,10.891347885131836,2.93106746673584,1207.092201597867,189.98063222365184,1398.3948362264437,262.661008039009,2047.269287109375,627.2344767827915,0.16067247092723846,0.10660871863365173,0.04343542829155922,0.04612008109688759,0.05602819472551346,0.20942190289497375,0.9972852468490601,0.2463436871767044,0.05314107984304428,0.04318183660507202,0.04092799499630928,0.03826712816953659,0.03625159710645676,0.03818916156888008,0.17199742794036865,0.18074944615364075,0.2072979062795639,0.19283197820186615,0.01183323934674263,0.1803894191980362,0.19466577470302582,0.16617272794246674,0.1568230390548706,0.1554756760597229,0.14719511568546295,0.15002048015594482,0.0559814453125,0.01587798356381935
53,banjo_053.aiff,banjo,-325.0982666015625,101.73406219482422,-22.265037536621094,-22.64788818359375,-10.737893104553223,4.409822940826416,20.273609161376953,16.971092224121094,-27.650840759277344,-23.620662689208984,30.505191802978516,23.55007553100586,-16.456016540527344,118.31949615478516,12.98007583618164,21.409652709960938,12.303206443786621,17.892454147338867,9.324128150939941,4.729857444763184,9.021687507629395,7.688378810882568,9.586217880249023,8.918137550354004,4.030084133148193,6.191049098968506,1850.4331661191193,180.48068699354653,1679.731696056967,232.73962207289304,2685.07080078125,267.31975165674885,0.0924440398812294,0.07418722659349442,0.055376145988702774,0.06310554593801498,0.07551106810569763,0.22036655247211456,0.9970704317092896,0.26350003480911255,0.059303537011146545,0.05194131284952164,0.052236489951610565,0.048907775431871414,0.045475978404283524,0.04968872293829918,0.1983502060174942,0.20942437648773193,0.22146736085414886,0.20881186425685883,0.012078933417797089,0.20095528662204742,0.19903233647346497,0.18251806497573853,0.1818644106388092,0.1743588000535965,0.16841712594032288,0.17506222426891327,0.14173719618055555,0.04833705031570912
54,banjo_054.aiff,banjo,-378.18780517578125,138.90574645996094,22.510238647460938,8.110666275024414,-7.7624616622924805,-13.332901954650879,-4.944772243499756,4.885315895080566,3.3658883571624756,5.442264556884766,0.46636703610420227,-9.82903003692627,-9.625399589538574,110.79308319091797,22.48585319519043,38.24268341064453,12.254923820495605,12.010108947753906,4.694760799407959,6.2821760177612305,7.122684001922607,10.440606117248535,7.330537796020508,3.624626874923706,7.463428974151611,4.517177104949951,711.7651975353562,210.84620449400157,905.616720862992,285.3205862023804,943.7483162715517,335.3391086067716,0.09057068824768066,0.07287324965000153,0.08898290246725082,0.05026227980852127,0.02959553897380829,0.044674210250377655,0.22181008756160736,0.9978622198104858,0.2645358443260193,0.021715641021728516,0.03037872351706028,0.07647571712732315,0.01931612566113472,0.028430737555027008,0.1329973340034485,0.15344591438770294,0.1249864250421524,0.1598157286643982,0.16214953362941742,0.01131206564605236,0.08463633805513382,0.0790206640958786,0.07063508033752441,0.07159066945314407,0.03618079051375389,0.06348799914121628,0.04839035560344827,0.013816241062961893
55,banjo_055.aiff,banjo,-460.3431701660156,95.72684478759766,42.22004699707031,23.050792694091797,11.421165466308594,5.9437575340271,4.558490753173828,9.681135177612305,13.611170768737793,10.445440292358398,1.5545660257339478,-4.388566017150879,-4.9613165855407715,91.74420166015625,39.39600372314453,26.034177780151367,13.599614143371582,13.029711723327637,9.623296737670898,10.663302421569824,8.011037826538086,6.311395168304443,4.603300094604492,4.432221412658691,5.36970329284668,5.690621852874756,520.6227447100207,193.9356634062312,1215.567549768412,345.36526079920947,603.3334350585938,392.95678213304853,0.04890919849276543,0.05579736456274986,0.16722789406776428,0.1655513495206833,0.16711151599884033,0.1717652976512909,0.3514314591884613,0.9990342855453491,0.3532807230949402,0.13866794109344482,0.13260331749916077,0.1539357751607895,0.12343204021453857,0.12838774919509888,0.21983309090137482,0.23835508525371552,0.24554471671581268,0.24604840576648712,0.20936031639575958,0.008583437651395798,0.17033794522285461,0.20315960049629211,0.1898951530456543,0.18110835552215576,0.18455804884433746,0.19419746100902557,0.0231201171875,0.019147085539748414
56,banjo_056.aiff,banjo,-284.5643615722656,78.98072814941406,-4.738874435424805,26.137170791625977,-11.482470512390137,4.621128559112549,-18.331073760986328,-3.460207939147949,-0.52573162317276,-15.733112335205078,-1.2191296815872192,-1.6681195497512817,2.0900657176971436,109.87297821044922,18.817434310913086,11.097055435180664,22.76862144470215,15.742408752441406,7.383665561676025,9.370820999145508,7.033468246459961,6.415830135345459,9.009343147277832,8.025174140930176,5.63592529296875,6.537189960479736,1513.8727238505421,165.99100552661088,1732.130354095313,256.65111110192714,2656.7666015625,427.5333835818199,0.11858918517827988,0.09434239566326141,0.19336578249931335,0.08627194166183472,0.04621227830648422,0.06940476596355438,0.21768060326576233,1.0,0.3403478264808655,0.040999382734298706,0.0394289530813694,0.09031925350427628,0.04746977239847183,0.06260482966899872,0.1755189448595047,0.15970103442668915,0.1658192127943039,0.1761500984430313,0.14918379485607147,0.0,0.1149272620677948,0.14833709597587585,0.13892467319965363,0.15338659286499023,0.16010813415050507,0.1828562170267105,0.0720703125,0.019111704873809497
57,banjo_057.aiff,banjo,-359.4677734375,89.39999389648438,13.394693374633789,12.487879753112793,-9.767000198364258,6.650397300720215,3.6224868297576904,-1.5959900617599487,8.860095977783203,5.52342414855957,-7.217513084411621,11.057869911193848,10.509544372558594,101.25638580322266,17.129047393798828,16.294462203979492,13.128700256347656,15.216435432434082,3.9316136837005615,9.238903045654297,13.118216514587402,12.739249229431152,4.089166641235352,8.35645866394043,2.335756301879883,5.384486675262451,889.5687352998351,253.99456297678546,1232.026509507387,222.70019035599603,1300.395388719512,354.60496379362706,0.11251586675643921,0.10029064118862152,0.25681638717651367,0.06856202334165573,0.03231059014797211,0.04141717404127121,0.22499918937683105,0.9997385740280151,0.18770958483219147,0.01837007887661457,0.017445454373955727,0.020308425650000572,0.01796674355864525,0.057541485875844955,0.21650923788547516,0.08303412795066833,0.09718945622444153,0.12391293793916702,0.14069460332393646,0.0016536419279873371,0.05029970407485962,0.03573920950293541,0.036277126520872116,0.03385802358388901,0.043096549808979034,0.07625115662813187,0.0501976943597561,0.01751655842358822
58,banjo_058.aiff,banjo,-285.7108154296875,93.04647827148438,-5.464252471923828,-5.096707344055176,-15.17841911315918,-8.495767593383789,-19.892305374145508,-15.075136184692383,-7.282248497009277,2.209643840789795,34.898277282714844,28.441078186035156,2.9628453254699707,95.3533706665039,28.484392166137695,20.240079879760742,8.801567077636719,6.828587532043457,4.217695713043213,8.481995582580566,9.970528602600098,11.52562141418457,6.367717742919922,11.248363494873047,4.154946327209473,5.385190010070801,1778.4514768158845,238.55622998026215,1905.8651350566852,249.03327942613524,3476.2664794921875,1100.5978739132647,0.11415307968854904,0.09194494038820267,0.07532430440187454,0.031087391078472137,0.029843846336007118,0.05227859690785408,0.22253891825675964,1.0,0.24222825467586517,0.033386267721652985,0.013993849977850914,0.010680320672690868,0.00842201430350542,0.016546713188290596,0.04667441546916962,0.0499965101480484,0.08430225402116776,0.14152978360652924,0.1721639335155487,0.0,0.1405288279056549,0.09092950075864792,0.04173724353313446,0.030435780063271523,0.024915121495723724,0.028894541785120964,0.073089599609375,0.027096155307351082
59,banjo_059.aiff,banjo,-348.913818359375,91.3293685913086,16.106199264526367,2.0978434085845947,-18.969514846801758,-16.58515739440918,-19.962196350097656,-12.235054016113281,-2.45296049118042,29.008615493774414,47.07179641723633,25.290939331054688,-9.079195976257324,76.02407836914062,31.995683670043945,17.488393783569336,11.026590347290039,10.501862525939941,5.862674713134766,11.459829330444336,10.237008094787598,9.987028121948242,7.884840965270996,11.843876838684082,5.795645236968994,4.913902759552002,901.151472689144,131.98689889172766,1098.7079286570067,289.70184672637987,960.919189453125,361.487077495151,0.1740095168352127,0.11648128181695938,0.020084453746676445,0.023167068138718605,0.030937252566218376,0.038236889988183975,0.22235560417175293,1.0,0.20826125144958496,0.03702729567885399,0.02785293012857437,0.02303474396467209,0.018211552873253822,0.017585081979632378,0.09147663414478302,0.1059366762638092,0.13849328458309174,0.14968308806419373,0.16436675190925598,0.0,0.1713213473558426,0.15940572321414948,0.12643958628177643,0.10526540130376816,0.08380172401666641,0.08085056394338608,0.055867513020833336,0.014709965093942814
60,banjo_060.aiff,banjo,-408.1079406738281,129.00192260742188,22.662683486938477,10.04272174835205,-0.31064149737358093,-3.1720998287200928,-1.97257661819458,1.8856767416000366,-0.6572248935699463,0.6444677710533142,0.885120153427124,-2.772650718688965,-9.121767044067383,119.44204711914062,27.29867935180664,39.95719909667969,17.573097229003906,16.039310455322266,7.296721935272217,9.08863639831543,6.9637346267700195,7.849321365356445,6.221114635467529,3.159184455871582,6.4669952392578125,5.738331317901611,677.9672360724717,245.12107827090776,992.5432785431066,243.6049591246536,985.6650075604839,394.7843873042915,0.06822662800550461,0.06029177084565163,0.037267304956912994,0.07032761722803116,0.0572529174387455,0.04189339280128479,0.057126302272081375,0.297672301530838,0.9951503872871399,0.2021329700946808,0.025355784222483635,0.02136671356856823,0.03504548594355583,0.03245193883776665,0.14065131545066833,0.18709734082221985,0.18718896806240082,0.17246113717556,0.16063567996025085,0.13785114884376526,0.026562437415122986,0.10555367916822433,0.10773196071386337,0.09285420179367065,0.10440757125616074,0.1177598237991333,0.03854271673387097,0.01224379260786939
61,cello_001.aiff,cello,-411.8227844238281,74.60248565673828,9.416786193847656,11.500533103942871,18.14173126220703,11.488555908203125,2.57126784324646,7.895614147186279,7.306186199188232,4.016568183898926,0.9716063141822815,1.1657003164291382,-0.9282023906707764,145.69692993164062,74.89535522460938,26.626014709472656,15.831104278564453,12.172809600830078,9.245000839233398,13.769129753112793,6.571078777313232,6.070921421051025,6.410417556762695,8.6272611618042,7.332810401916504,8.955536842346191,999.5212778904526,648.7710471351307,1729.4808441683538,1030.9760216756094,2482.4911298102393,1883.8036993128076,0.05520858243107796,0.08969435840845108,0.3737102150917053,0.41391268372535706,0.43000563979148865,0.4663642942905426,0.484375,0.5036760568618774,0.48032426834106445,0.41583988070487976,0.45310086011886597,0.46015289425849915,0.38435736298561096,0.3338569104671478,0.3604748249053955,0.37038475275039673,0.3748861849308014,0.4068855941295624,0.3999573886394501,0.42012181878089905,0.4194377064704895,0.3808740973472595,0.39202815294265747,0.38575732707977295,0.36122381687164307,0.31048688292503357,0.016699522287369314,0.026364033842551662
62,cello_002.aiff,cello,-424.38482666015625,75.57263946533203,2.034461498260498,8.216914176940918,16.134294509887695,9.312651634216309,0.5363453030586243,7.180253505706787,6.685673236846924,1.8022009134292603,-0.531664252281189,0.1707853078842163,-1.1979596614837646,130.57798767089844,69.13636779785156,25.768997192382812,11.179717063903809,11.334136009216309,8.244551658630371,12.272536277770996,6.585378646850586,6.134523391723633,7.024377822875977,8.762414932250977,7.406712532043457,8.034181594848633,928.4405466438906,686.2795542262646,1571.4982369618006,1047.051715273388,2271.705451458086,1838.0946519227402,0.05288593843579292,0.07976541668176651,0.3380039632320404,0.3407965302467346,0.3193899393081665,0.30520790815353394,0.3449350595474243,0.368664026260376,0.4047548174858093,0.46445775032043457,0.5018242001533508,0.4788157343864441,0.3887732923030853,0.33374345302581787,0.3673955798149109,0.36281755566596985,0.3766985535621643,0.3877842128276825,0.39982667565345764,0.3982239365577698,0.41736117005348206,0.43481776118278503,0.3935626745223999,0.40017661452293396,0.3583129346370697,0.33444729447364807,0.015376056065552918,0.024586963539291105
63,cello_003.aiff,cello,-392.0574035644531,62.17700958251953,-6.288209915161133,5.783524990081787,13.006616592407227,6.4771881103515625,-1.0391205549240112,4.677635669708252,4.936614990234375,0.09921571612358093,-2.017822265625,-0.714532732963562,-0.7674081921577454,125.03632354736328,59.314640045166016,35.30596160888672,11.915193557739258,8.929116249084473,7.251536846160889,12.301566123962402,6.275210857391357,5.740634441375732,7.185871124267578,8.644288063049316,6.533702850341797,6.577001094818115,991.8052907168744,719.4299549058925,1567.0274377177914,1067.450060410544,2372.924112790992,1809.2325015183062,0.06832339614629745,0.10833542793989182,0.26987776160240173,0.3089500069618225,0.38153621554374695,0.40464797616004944,0.42656171321868896,0.4224432408809662,0.3942260444164276,0.3962860107421875,0.43405354022979736,0.3863218128681183,0.2949848771095276,0.2569984793663025,0.3453380763530731,0.3735414445400238,0.4202161729335785,0.4129348695278168,0.41597768664360046,0.4316784739494324,0.4112268090248108,0.3967212736606598,0.4110778570175171,0.3781460225582123,0.34087759256362915,0.3326241672039032,0.019487579648969452,0.03005030286813298
64,cello_004.aiff,cello,-358.1878356933594,77.0732650756836,-19.062355041503906,2.8032217025756836,10.535077095031738,3.5719358921051025,-6.52823543548584,4.261176109313965,3.1334683895111084,-2.7270121574401855,-1.800431251525879,4.996255874633789,-0.3417341113090515,150.578857421875,57.89521026611328,39.83403015136719,10.005548477172852,8.179299354553223,9.301251411437988,15.367086410522461,5.238816738128662,5.532705307006836,8.484084129333496,8.012981414794922,4.834338188171387,6.119492053985596,1055.326257343657,739.5961335709602,1497.1975087548974,1005.8742930835116,2369.744895569073,1676.7542913550874,0.10458395630121231,0.13639837503433228,0.5049197673797607,0.45121315121650696,0.33629998564720154,0.363491415977478,0.38942644000053406,0.31807276606559753,0.40451839566230774,0.42036354541778564,0.3692587912082672,0.30005380511283875,0.3014466166496277,0.4652380049228668,0.36953890323638916,0.4226507246494293,0.3860945403575897,0.39052119851112366,0.4216766357421875,0.4194127321243286,0.41931697726249695,0.41400009393692017,0.40505099296569824,0.3794044852256775,0.3467167317867279,0.38835659623146057,0.030519379900830257,0.037279640377655604
65,cello_005.aiff,cello,-406.84375,73.27153015136719,8.853045463562012,14.827313423156738,19.435014724731445,10.6054105758667,2.210035562515259,8.126848220825195,6.719691753387451,3.6120851039886475,0.40961548686027527,0.7377587556838989,0.7468523979187012,126.59847259521484,68.57701110839844,33.84988021850586,15.472611427307129,12.082306861877441,9.598539352416992,15.120776176452637,6.313813209533691,6.330172538757324,7.080785751342773,10.181981086730957,8.670499801635742,8.588183403015137,867.0847365032685,583.9575997975303,1598.1079504153672,935.751160685955,1919.5756178635818,1534.6618142191028,0.06336954236030579,0.09744856506586075,0.25909802317619324,0.25009632110595703,0.2924938499927521,0.3002404570579529,0.3266054689884186,0.4122013449668884,0.4271507263183594,0.5351097583770752,0.5873430967330933,0.5615584254264832,0.4536602795124054,0.3595864474773407,0.3234948515892029,0.35395240783691406,0.38027119636535645,0.3841494619846344,0.38693007826805115,0.41539403796195984,0.3765743374824524,0.4342840611934662,0.3681614398956299,0.3625301420688629,0.36769577860832214,0.3406786620616913,0.014992850167410714,0.020878798696013248
66,cello_006.aiff,cello,-441.6604919433594,49.72105407714844,-5.451748847961426,7.064724922180176,13.012225151062012,5.389760494232178,0.630523681640625,5.581587791442871,4.140269756317139,3.073002576828003,1.3552117347717285,1.2616431713104248,1.3753976821899414,111.81407165527344,54.968650817871094,33.00876235961914,10.750118255615234,8.616199493408203,9.082413673400879,12.380369186401367,5.885793685913086,7.070635795593262,6.445822238922119,6.881460666656494,6.123415946960449,6.145234107971191,997.8150696153311,607.636821474004,1686.319184743685,999.4322538958463,2346.518737633423,1561.1903119218866,0.039613936096429825,0.07556477934122086,0.391349196434021,0.4157673120498657,0.42017120122909546,0.4522060751914978,0.4568522870540619,0.4373895227909088,0.4389141798019409,0.4807327389717102,0.5195766091346741,0.4802743196487427,0.4135994613170624,0.3879533112049103,0.37374281883239746,0.3857632875442505,0.39987847208976746,0.4328741729259491,0.434233695268631,0.43379077315330505,0.4292231798171997,0.41992494463920593,0.4150536358356476,0.3933304250240326,0.3563094735145569,0.3573814630508423,0.01806442079037177,0.029011708160944776
67,cello_007.aiff,cello,-438.798583984375,50.45218276977539,-11.185214042663574,6.7864837646484375,11.17916202545166,5.4666266441345215,-0.8623208999633789,3.550840139389038,1.4353018999099731,0.11012230068445206,-1.6391268968582153,0.49532273411750793,0.830938994884491,120.39614868164062,47.243255615234375,41.901859283447266,11.419246673583984,7.678070068359375,7.815424919128418,12.575577735900879,6.105935096740723,7.488668441772461,7.560835838317871,8.89870834350586,6.993338108062744,6.431257247924805,1023.0173378673454,643.0916650729381,1599.3360762424845,1000.1140151103344,2269.5900420997305,1510.850392440858,0.04610379785299301,0.07246188819408417,0.40869569778442383,0.4150260388851166,0.40656325221061707,0.40932607650756836,0.43923047184944153,0.4189678132534027,0.3486649990081787,0.34964725375175476,0.3627506196498871,0.4068847596645355,0.4149847626686096,0.39472219347953796,0.40271052718162537,0.4126504361629486,0.4116666316986084,0.4246305227279663,0.4380393326282501,0.431122750043869,0.41069477796554565,0.402985543012619,0.3918055295944214,0.3866932988166809,0.37933000922203064,0.38406383991241455,0.02417418329498572,0.03500284154572162
68,cello_008.aiff,cello,-391.7459716796875,63.973148345947266,-24.543725967407227,9.006924629211426,10.852747917175293,6.43552303314209,-4.963488578796387,5.591756343841553,0.9878262281417847,1.1925746202468872,-1.989891529083252,-0.48872441053390503,-5.8127031326293945,148.82423400878906,39.056095123291016,44.845462799072266,7.277088165283203,7.5814104080200195,7.137206554412842,13.866260528564453,4.984038829803467,6.66848087310791,5.650138854980469,7.900346279144287,7.569563388824463,11.870719909667969,1114.320983083978,549.463169714467,1544.0151240677721,916.2359293737086,2338.644588694853,1352.0707519249838,0.11204398423433304,0.13589739799499512,0.2864862382411957,0.3433431088924408,0.41062355041503906,0.34036001563072205,0.32375770807266235,0.37161847949028015,0.6138791441917419,0.571171224117279,0.3487907648086548,0.27121636271476746,0.2649921774864197,0.2806842625141144,0.37995201349258423,0.3926638066768646,0.39082300662994385,0.42506885528564453,0.44040125608444214,0.417397677898407,0.42991676926612854,0.4056561589241028,0.3744966387748718,0.36692506074905396,0.333601713180542,0.34551072120666504,0.035485874037114847,0.03951594193156593
69,cello_009.aiff,cello,-405.447998046875,60.07881546020508,-4.832433700561523,10.884065628051758,13.818684577941895,5.413055896759033,1.9086370468139648,7.161371231079102,4.852537155151367,3.7539632320404053,0.694098711013794,-0.2525680363178253,0.22509536147117615,124.47216033935547,51.86159133911133,41.8090934753418,11.248254776000977,8.517006874084473,10.10586166381836,10.540295600891113,6.18425178527832,5.999749183654785,5.429365158081055,7.48751163482666,8.245574951171875,8.150636672973633,864.7823263133065,609.2567714662923,1536.4683472710806,896.6022072785698,1636.6688803934856,1128.6766664246184,0.06666946411132812,0.09678784757852554,0.3512578308582306,0.4135589897632599,0.4766439199447632,0.4545533061027527,0.4467964768409729,0.4810501039028168,0.48839107155799866,0.46967288851737976,0.43472614884376526,0.4097554385662079,0.3921526372432709,0.360392689704895,0.3696599006652832,0.40946879982948303,0.4431343972682953,0.4216008484363556,0.4379955232143402,0.432835191488266,0.43603286147117615,0.42926010489463806,0.4064159095287323,0.3666999638080597,0.358572781085968,0.3671034276485443,0.02281052812833274,0.03445235831647865
70,cello_010.aiff,cello,-426.1979675292969,43.37830352783203,-7.89042854309082,6.535409927368164,10.637480735778809,4.595299243927002,1.6825445890426636,3.9410221576690674,0.23649796843528748,-0.03594444692134857,0.36556604504585266,0.2540283501148224,0.4082111418247223,98.0689926147461,41.980979919433594,37.07417678833008,10.64141845703125,7.452868461608887,7.472702980041504,8.402992248535156,5.540367126464844,7.836152076721191,7.3632588386535645,6.356817245483398,6.647973537445068,6.894378662109375,888.3207231543839,577.9277137244686,1524.7595718392151,910.0635866853556,1644.8630435158473,1085.464215159472,0.04687170684337616,0.07851046323776245,0.3459242582321167,0.3823763132095337,0.41262444853782654,0.39854711294174194,0.4211667776107788,0.42230895161628723,0.415143758058548,0.44888341426849365,0.4133816659450531,0.3534385859966278,0.31785327196121216,0.30728352069854736,0.37262827157974243,0.3864922523498535,0.41859498620033264,0.40954914689064026,0.4305690824985504,0.4365265369415283,0.4198431074619293,0.43557289242744446,0.40235254168510437,0.3610730767250061,0.33913686871528625,0.3312099874019623,0.02370595434516282,0.03854151097300116
71,cello_011.aiff,cello,-415.7291564941406,49.07782745361328,-15.425588607788086,7.151813983917236,9.18773078918457,4.216545104980469,0.4723089337348938,3.019197702407837,-1.4367153644561768,-3.2842254638671875,-2.5294039249420166,2.4299497604370117,8.472794532775879,108.51136016845703,40.38636016845703,37.739776611328125,9.729499816894531,7.048011779785156,8.072174072265625,9.118189811706543,6.255364894866943,9.727137565612793,10.951882362365723,10.290122032165527,11.387106895446777,12.62581729888916,993.7615610938261,586.1932254087009,1460.915342217372,876.4890844156006,1783.5500909761809,1063.9309302153285,0.07237133383750916,0.10505592077970505,0.4574293792247772,0.4742831289768219,0.493820458650589,0.4058654308319092,0.3788040280342102,0.399535596370697,0.3823121190071106,0.3790700137615204,0.3846692442893982,0.36743783950805664,0.3990991413593292,0.4025212526321411,0.3909826874732971,0.4379968047142029,0.45623141527175903,0.44078943133354187,0.4579218924045563,0.45413118600845337,0.45363175868988037,0.44021865725517273,0.42667099833488464,0.38900551199913025,0.395272821187973,0.38877713680267334,0.03697683394408252,0.04690915591944702
72,cello_012.aiff,cello,-440.4661560058594,53.3813362121582,-8.724006652832031,14.412121772766113,8.779220581054688,6.510459899902344,-0.8573036193847656,4.354199409484863,0.7363210320472717,2.761493444442749,-1.478590965270996,-1.9394174814224243,-1.864251732826233,151.45278930664062,37.85157775878906,47.12248992919922,14.717079162597656,9.59408187866211,8.903725624084473,13.322607040405273,6.335694789886475,5.7038092613220215,5.4156317710876465,8.092697143554688,7.175907135009766,6.45628547668457,951.2309047753027,661.1594853773182,1465.0752384221023,828.0287890517986,1568.9031044891262,1096.2142229313179,0.06895178556442261,0.11502470076084137,0.2104479819536209,0.2363167703151703,0.2426089346408844,0.2426195591688156,0.28010469675064087,0.3123122453689575,0.2836763262748718,0.26415103673934937,0.3439519703388214,0.5530118942260742,0.5738128423690796,0.32646644115448,0.3004101812839508,0.32816189527511597,0.3404560089111328,0.35958459973335266,0.3676726222038269,0.36403030157089233,0.38414266705513,0.37015771865844727,0.3656938970088959,0.4289241433143616,0.3374757170677185,0.3439974784851074,0.03788006343064263,0.050063378805237674
73,cello_013.aiff,cello,-445.48577880859375,28.34100914001465,-11.414690017700195,9.427040100097656,5.690556049346924,3.0592713356018066,-3.738133668899536,2.8635103702545166,0.3384299874305725,-0.37011533975601196,-2.8817408084869385,-2.315723419189453,-2.3163537979125977,115.32865905761719,27.168331146240234,36.29582977294922,10.803556442260742,7.738777160644531,6.996243476867676,12.548765182495117,5.381811618804932,6.023301124572754,5.770345211029053,8.600476264953613,7.196742057800293,7.474571704864502,986.037306286515,756.816341919479,1396.258138180407,898.3181453251142,1694.775390625,1333.4189286423896,0.04920267313718796,0.08634800463914871,0.29131606221199036,0.2767939865589142,0.25988081097602844,0.2604908347129822,0.2875765860080719,0.29827767610549927,0.31539833545684814,0.33714577555656433,0.3072715699672699,0.33735358715057373,0.28659361600875854,0.27625590562820435,0.35785987973213196,0.36090612411499023,0.36473509669303894,0.35993891954421997,0.3731338083744049,0.3831888437271118,0.38566628098487854,0.3965127170085907,0.37408241629600525,0.402029812335968,0.337408185005188,0.3399275243282318,0.042823705002834465,0.05931003155877708
74,cello_014.aiff,cello,-490.0685729980469,16.91196060180664,-13.476201057434082,5.896670341491699,3.3859987258911133,-2.009777545928955,-5.126573085784912,2.3244941234588623,-0.02067456766963005,2.9400415420532227,4.441145420074463,7.135946750640869,3.041452407836914,90.76681518554688,18.148595809936523,27.157573699951172,7.64768648147583,6.156302452087402,9.222895622253418,12.254651069641113,5.3544087409973145,8.749642372131348,10.879050254821777,10.955713272094727,11.26354694366455,14.32623291015625,1108.8013138727008,853.1125837470048,1386.715391305235,932.0353645367487,1899.6512973169717,1370.9714702752,0.03037029318511486,0.0541076734662056,0.36120203137397766,0.34283727407455444,0.3239254057407379,0.33544641733169556,0.34700724482536316,0.35902509093284607,0.3778104782104492,0.3527127504348755,0.30445390939712524,0.2522326707839966,0.26343053579330444,0.340303510427475,0.3918711841106415,0.39522117376327515,0.4065406024456024,0.413377046585083,0.419887512922287,0.42299485206604004,0.42791125178337097,0.4165418744087219,0.3940431773662567,0.35587283968925476,0.33721286058425903,0.38969674706459045,0.05103635867304492,0.0686458588453564
75,cello_015.aiff,cello,-206.71368408203125,47.44635772705078,-57.332157135009766,12.431734085083008,-8.877969741821289,-16.52968406677246,-15.88614273071289,28.130727767944336,13.544160842895508,16.69603157043457,-2.5000462532043457,-19.458038330078125,-31.916194915771484,43.62534713745117,20.650392532348633,13.463057518005371,5.855088710784912,6.827579021453857,5.443874835968018,7.741487979888916,5.833471775054932,4.943994998931885,4.967782974243164,7.228748798370361,4.598286151885986,5.518072605133057,2056.018088894227,241.80874800416407,1711.7213511021168,161.76755436705835,3155.4424579326924,448.85492197833526,0.32179760932922363,0.1344517469406128,0.0007148458389565349,0.0014366281684488058,0.0007950716535560787,0.03813636675477028,0.2748933434486389,0.03938905894756317,0.0007737484411336482,0.0020120616536587477,0.20610657334327698,1.0,0.12449586391448975,0.0011709639802575111,0.0013334826799109578,0.0013414224376901984,0.0009447560296393931,0.027078133076429367,0.22326397895812988,0.03411853313446045,0.001141294022090733,0.003119653556495905,0.06418381631374359,0.0,0.029784411191940308,0.002289057010784745,0.08722080328525642,0.021626902198830424
76,cello_016.aiff,cello,-433.22088623046875,69.14681243896484,2.578472852706909,10.552952766418457,15.251187324523926,8.430638313293457,1.7040939331054688,6.323913097381592,6.404022693634033,2.69344162940979,-0.9966674447059631,-0.5405295491218567,-1.371783971786499,145.86724853515625,78.89794921875,33.45576477050781,15.748757362365723,12.325029373168945,9.419221878051758,12.934645652770996,6.831886291503906,6.71522855758667,6.175776481628418,9.523118019104004,8.006769180297852,8.585400581359863,913.3635583252849,663.2262395304282,1520.716489260547,1036.1555189989288,2111.1439636405803,1919.9915953412149,0.047137804329395294,0.08374480158090591,0.29489073157310486,0.3253019452095032,0.36635622382164,0.36599066853523254,0.3610928952693939,0.37715014815330505,0.39986711740493774,0.4483065605163574,0.4785391688346863,0.386585533618927,0.2816492021083832,0.2641366720199585,0.3376506567001343,0.3431670069694519,0.3788872957229614,0.37506622076034546,0.3742450475692749,0.38574475049972534,0.3679056763648987,0.3858852982521057,0.39146268367767334,0.35648268461227417,0.2996792793273926,0.2895699143409729,0.020410405611634215,0.028444830179181986
77,cello_017.aiff,cello,-419.6507568359375,53.069923400878906,-8.531439781188965,4.130771160125732,9.82225227355957,3.8775696754455566,-1.642192006111145,4.273760795593262,4.052789688110352,0.06015999987721443,-2.4460251331329346,-0.8269028663635254,-1.847912311553955,129.13255310058594,61.28877639770508,36.18346405029297,11.981313705444336,8.703691482543945,7.254174709320068,12.335984230041504,5.456643581390381,4.9403276443481445,6.897012710571289,9.283782005310059,6.792848110198975,7.430746078491211,988.3595522544452,694.3763756325958,1529.518857996941,1045.8336667092608,2230.595815844701,1873.983920073271,0.04525931924581528,0.07834047824144363,0.3423190116882324,0.33687904477119446,0.35184815526008606,0.38614392280578613,0.35777923464775085,0.3380090296268463,0.32865989208221436,0.3028336763381958,0.3307322561740875,0.3745189309120178,0.35492920875549316,0.37103375792503357,0.35282957553863525,0.33263951539993286,0.3675007224082947,0.4029461741447449,0.3761516511440277,0.38332027196884155,0.3847598433494568,0.3601889908313751,0.3618153929710388,0.37944549322128296,0.3341514468193054,0.3458801507949829,0.02429604838885974,0.034315877753386556
78,cello_018.aiff,cello,-407.7882995605469,41.803466796875,-14.106829643249512,2.798035144805908,6.915745735168457,2.0986266136169434,-2.4692325592041016,1.9233663082122803,3.1686782836914062,-0.4638187885284424,-2.2081716060638428,-0.3662198483943939,-1.943261981010437,115.79878997802734,49.99986267089844,37.044246673583984,8.899109840393066,7.474799156188965,6.19710636138916,10.45254135131836,4.765530109405518,4.676455974578857,6.15505313873291,8.074800491333008,5.241305828094482,7.475399494171143,1034.6630367835164,686.7744705760745,1561.3203923095455,1081.8296057827965,2451.4157267011833,1887.0112999539397,0.06422066688537598,0.1152649000287056,0.30077534914016724,0.2933037281036377,0.28789007663726807,0.2907283902168274,0.29136529564857483,0.33636632561683655,0.3677031397819519,0.4690254032611847,0.4909423887729645,0.4043942987918854,0.31650397181510925,0.3186659514904022,0.3460283875465393,0.3554668128490448,0.3752910792827606,0.37043696641921997,0.36507710814476013,0.4043576419353485,0.3833492696285248,0.43122556805610657,0.4104333221912384,0.3941951096057892,0.3212531805038452,0.35896581411361694,0.022582606529421432,0.03445689006677953
79,cello_019.aiff,cello,-456.0662841796875,57.66910934448242,2.151052236557007,14.190520286560059,15.022676467895508,9.395641326904297,3.290834665298462,7.393726825714111,4.945099353790283,3.87308669090271,1.727731704711914,0.1744089424610138,0.8621111512184143,138.4063720703125,67.2074203491211,40.0188102722168,14.735562324523926,11.506869316101074,8.891704559326172,13.040630340576172,6.472710609436035,6.454420566558838,5.792365550994873,8.570119857788086,9.840113639831543,8.238479614257812,886.2489713512883,585.8528593283212,1606.7021345650178,933.8561056660382,1948.1966621117028,1628.2998458302495,0.0401054248213768,0.07325255870819092,0.27249667048454285,0.3183925747871399,0.34249135851860046,0.3439789116382599,0.39602625370025635,0.427103191614151,0.5549782514572144,0.6684504151344299,0.668342649936676,0.5186270475387573,0.39814069867134094,0.303978830575943,0.3581787049770355,0.38760021328926086,0.40977364778518677,0.39317587018013,0.4018222689628601,0.37617793679237366,0.41490161418914795,0.36286661028862,0.3404831290245056,0.3353351950645447,0.3414877951145172,0.33129242062568665,0.017830704335518473,0.027485409561438356
80,cello_020.aiff,cello,-435.37030029296875,37.481346130371094,-7.880622386932373,7.474260330200195,8.2508544921875,3.6214709281921387,-0.17555540800094604,5.223644733428955,2.6253747940063477,2.0132503509521484,0.5601761341094971,-0.022737951949238777,-0.03197859227657318,121.72185516357422,47.76198196411133,36.0834846496582,8.387042999267578,6.239602088928223,7.274753570556641,11.527233123779297,5.489419460296631,7.065974712371826,5.462113857269287,6.6692962646484375,7.05189847946167,7.092794418334961,989.2800649230361,603.975279633365,1687.6867357602828,985.6284137513979,2250.3064093624203,1553.3263298809882,0.04675702005624771,0.09554687142372131,0.3819177746772766,0.4026920199394226,0.42642757296562195,0.45105740427970886,0.433207631111145,0.4182460606098175,0.4474484324455261,0.49695783853530884,0.5054686665534973,0.43682634830474854,0.37293311953544617,0.36120080947875977,0.36758843064308167,0.38258644938468933,0.404410719871521,0.4205283224582672,0.42488765716552734,0.42537441849708557,0.4163120687007904,0.4214891791343689,0.4048621356487274,0.38746485114097595,0.3476818799972534,0.3403133749961853,0.02107119308717379,0.03445628750472867
81,cello_021.aiff,cello,-465.5812683105469,32.580055236816406,-10.828116416931152,7.079903602600098,7.306633472442627,5.88671875,0.4329640865325928,5.467482566833496,1.9350095987319946,1.0089356899261475,-1.4872349500656128,-0.757686197757721,-0.2555310130119324,126.88301086425781,36.42694854736328,39.23531723022461,8.211291313171387,6.975490093231201,5.516716003417969,10.499606132507324,5.239553928375244,6.670500755310059,6.167491436004639,8.800042152404785,8.317513465881348,7.157389163970947,1045.791899396547,670.9426702193155,1664.0635776388472,1010.3279218191988,2322.7186005691,1566.4306283872604,0.04663301631808281,0.0865725502371788,0.45545271039009094,0.47738537192344666,0.47203439474105835,0.45373716950416565,0.39839139580726624,0.3847481608390808,0.3996502757072449,0.4166862964630127,0.4068271219730377,0.4207339584827423,0.4615274667739868,0.428775817155838,0.377523273229599,0.40617555379867554,0.414345920085907,0.42288485169410706,0.42662906646728516,0.43317070603370667,0.4213370084762573,0.4261470437049866,0.40947622060775757,0.4041707217693329,0.3945717513561249,0.35333314538002014,0.028334443792333745,0.04417209854296734
82,cello_022.aiff,cello,-434.67205810546875,31.920108795166016,-11.982771873474121,9.265657424926758,7.4115400314331055,5.41941499710083,-2.7007269859313965,4.620651721954346,0.4488735496997833,1.0764832496643066,-0.3520766496658325,-0.729362428188324,-1.6982848644256592,132.71568298339844,30.42039680480957,38.52550506591797,7.923295497894287,6.365799427032471,6.318442344665527,13.57466983795166,5.574041843414307,7.360729694366455,5.809817314147949,7.3675713539123535,7.553289413452148,9.161213874816895,1100.9404666084831,635.8269855483394,1666.8584913823038,991.9830725725473,2418.5808804766016,1496.9774760590212,0.06772270798683167,0.11625882983207703,0.33136552572250366,0.34156277775764465,0.3716474175453186,0.40457838773727417,0.563535213470459,0.5728039145469666,0.4862109124660492,0.45210185647010803,0.42058780789375305,0.3533053696155548,0.31208306550979614,0.34041115641593933,0.34899479150772095,0.3827855885028839,0.40230923891067505,0.40970513224601746,0.4430690109729767,0.4370558261871338,0.43673402070999146,0.42575550079345703,0.4098189175128937,0.37994450330734253,0.3522613048553467,0.3429892063140869,0.0352008250889866,0.051667486004510293
83,cello_023.aiff,cello,-446.0693664550781,31.365203857421875,-1.7580376863479614,11.049694061279297,8.549864768981934,5.858829975128174,1.1446694135665894,4.504101753234863,3.245659828186035,2.616652250289917,0.14887669682502747,-0.12861081957817078,-0.7066394090652466,111.69615936279297,38.34938430786133,34.305946350097656,9.733816146850586,7.514237880706787,6.103630542755127,10.222262382507324,4.7542033195495605,4.991304874420166,5.078909873962402,7.220623016357422,7.372356414794922,8.005139350891113,875.1064778844798,527.8027608796276,1656.9739787109645,884.5502849643564,1674.5787217881943,1135.0984865594228,0.04108686000108719,0.08721452206373215,0.36174237728118896,0.3945825695991516,0.4937950670719147,0.5225375890731812,0.48219916224479675,0.48663702607154846,0.4971641004085541,0.4764094650745392,0.46433740854263306,0.43515533208847046,0.4260743260383606,0.38626372814178467,0.3569912314414978,0.37053531408309937,0.4297219216823578,0.42717912793159485,0.427268922328949,0.42797207832336426,0.4347282946109772,0.4349289536476135,0.41686344146728516,0.3944779634475708,0.37456512451171875,0.3465462923049927,0.01866259162808642,0.03453801328843877
84,cello_024.aiff,cello,-476.9619445800781,19.961612701416016,-4.54163932800293,7.353086471557617,4.844354152679443,3.911937952041626,-0.6878899335861206,2.9927852153778076,1.1034871339797974,1.4620919227600098,-0.989823043346405,0.03953476622700691,-0.26154106855392456,97.73302459716797,24.32167625427246,28.2927188873291,7.572225093841553,6.251926898956299,5.4490485191345215,10.74598217010498,4.959475994110107,6.407242774963379,5.013504505157471,8.358315467834473,5.982376575469971,6.603860378265381,941.914843328267,613.3951706035816,1651.7132217154597,920.6821999453864,1773.0985293299198,1211.0563771110978,0.03625642880797386,0.0806879922747612,0.429379403591156,0.4673291742801666,0.46595561504364014,0.4605138301849365,0.46134841442108154,0.4480220079421997,0.4346875250339508,0.4490697979927063,0.43012234568595886,0.3924964666366577,0.3628869354724884,0.3694363534450531,0.3875589668750763,0.4037412405014038,0.42641109228134155,0.427311509847641,0.4278729557991028,0.4383620619773865,0.4297696352005005,0.4232017397880554,0.4055849015712738,0.3691042363643646,0.34696367383003235,0.3383199870586395,0.023264594232338974,0.04365618716239656
85,cello_025.aiff,cello,-435.44952392578125,20.213462829589844,-10.513167381286621,7.898004531860352,4.343805313110352,2.0878162384033203,-3.1453194618225098,2.2341628074645996,-1.4541304111480713,-0.7510428428649902,0.2856024503707886,5.961647033691406,9.800760269165039,102.19868469238281,22.555559158325195,30.901119232177734,7.459229469299316,5.846179962158203,6.595633506774902,12.832315444946289,5.076267719268799,9.577664375305176,8.88143539428711,9.290641784667969,8.963251113891602,11.29904556274414,1092.698972477258,808.2916320631425,1654.076657946268,916.5613188803147,2022.2221300439928,1370.377506581096,0.06237811595201492,0.12005624920129776,0.4799973964691162,0.5090543627738953,0.44028422236442566,0.4928836226463318,0.43841806054115295,0.4309810400009155,0.43939584493637085,0.4377102553844452,0.44717198610305786,0.44704267382621765,0.4630299210548401,0.4287720322608948,0.38504740595817566,0.4268748164176941,0.39564961194992065,0.4363679587841034,0.4466956853866577,0.4535885453224182,0.44996169209480286,0.43053069710731506,0.41451993584632874,0.40353482961654663,0.3917170763015747,0.3643948435783386,0.03510963415250809,0.056609664294230935
86,cello_026.aiff,cello,-461.09375,39.692596435546875,-10.104687690734863,12.027654647827148,6.533489227294922,6.3882856369018555,-2.2784316539764404,3.277458906173706,0.6191012859344482,0.4398481845855713,-2.450916290283203,-2.685959577560425,-4.149901866912842,158.16937255859375,36.09624099731445,43.23979187011719,15.736246109008789,8.03199577331543,7.728342056274414,12.647245407104492,4.865298748016357,5.2084174156188965,6.089822769165039,7.808661460876465,8.653192520141602,9.758222579956055,1003.8588807238152,693.1530149636355,1445.9773408174874,794.5421108795539,1630.322615396669,1145.9896724986208,0.05972142517566681,0.09885358810424805,0.21533353626728058,0.2693701684474945,0.23995409905910492,0.25230658054351807,0.2573717534542084,0.24982760846614838,0.24470406770706177,0.26447051763534546,0.35798755288124084,0.5725088119506836,0.5295988321304321,0.3202490508556366,0.2843775749206543,0.3438449501991272,0.3360399007797241,0.3582245111465454,0.3608267605304718,0.35416141152381897,0.37638288736343384,0.3580453395843506,0.3554653823375702,0.4130977392196655,0.33981481194496155,0.3424059748649597,0.04590473339004298,0.06205730694146713
87,cello_027.aiff,cello,-466.3425598144531,17.441999435424805,-7.860464096069336,7.522190570831299,3.235697031021118,3.1865837574005127,-2.3363170623779297,2.8360414505004883,0.46767887473106384,0.29852697253227234,-2.4943161010742188,-1.3401315212249756,-0.6276001334190369,110.12408447265625,18.949764251708984,29.84278106689453,8.821836471557617,6.317322731018066,4.921032428741455,11.524285316467285,5.055678844451904,5.88590669631958,5.834723949432373,9.16866397857666,7.493164539337158,8.293845176696777,1003.7833569179949,741.6074420018906,1542.405767914848,919.1280221125346,1780.2290814217265,1304.7393307792054,0.03994831070303917,0.07621994614601135,0.35839900374412537,0.36247000098228455,0.3411780595779419,0.33932191133499146,0.3762529194355011,0.3788430988788605,0.3784864544868469,0.4172097444534302,0.37072816491127014,0.33737850189208984,0.34375834465026855,0.32580214738845825,0.3715672791004181,0.38201940059661865,0.39859738945961,0.39950934052467346,0.42419999837875366,0.41669926047325134,0.41800811886787415,0.4333133101463318,0.40519145131111145,0.3899858295917511,0.37144383788108826,0.3411664068698883,0.0367446547447422,0.05727156410388977
88,cello_028.aiff,cello,-453.4729309082031,14.095593452453613,-12.61159896850586,5.5905609130859375,1.5118173360824585,-0.09886284172534943,-3.5574820041656494,3.224458932876587,1.1332496404647827,4.355016708374023,3.4836416244506836,6.514372825622559,3.523754835128784,113.57266998291016,17.579666137695312,29.05498695373535,9.13331127166748,6.710896968841553,7.5492939949035645,11.16858196258545,6.094071388244629,8.458649635314941,10.98946475982666,9.592945098876953,13.050313949584961,15.018013000488281,1145.2349604873807,931.175636192409,1433.9029992839228,955.80668271813,1988.2828903198242,1541.2916695048368,0.0542106106877327,0.09677764773368835,0.32398054003715515,0.40436699986457825,0.40982764959335327,0.35000237822532654,0.3547746241092682,0.35411274433135986,0.3390496075153351,0.35010281205177307,0.32356131076812744,0.30435436964035034,0.2622082531452179,0.25629135966300964,0.38260722160339355,0.42510250210762024,0.43459561467170715,0.4101027548313141,0.4243949055671692,0.43332013487815857,0.42537474632263184,0.4246119558811188,0.39204102754592896,0.37522199749946594,0.3437183201313019,0.330839067697525,0.050946553548177086,0.07142134977360234
89,cello_029.aiff,cello,-449.8387451171875,54.23735046386719,2.2501578330993652,10.497869491577148,11.468764305114746,8.537607192993164,3.0162594318389893,6.232684135437012,5.3629021644592285,3.2302589416503906,-0.6546832323074341,0.262267142534256,-0.2069334238767624,148.62353515625,69.4260482788086,36.419708251953125,14.763557434082031,10.501537322998047,8.439847946166992,12.30769157409668,6.042217254638672,5.479394435882568,5.763757705688477,9.842853546142578,7.025339126586914,6.737668514251709,1122.0364335174183,780.8238486727181,1733.378196557708,1062.5461428634808,2634.002487292338,2261.328158487074,0.034274037927389145,0.06550509482622147,0.3265608251094818,0.3813979923725128,0.40449756383895874,0.40393680334091187,0.3944016396999359,0.3966265320777893,0.3973936438560486,0.41926437616348267,0.4252863824367523,0.3555251359939575,0.2875854969024658,0.29047533869743347,0.3103695809841156,0.3365883231163025,0.35833725333213806,0.37722012400627136,0.3508772552013397,0.3738381266593933,0.3512692153453827,0.36390772461891174,0.37186259031295776,0.33980557322502136,0.2912767231464386,0.2654097080230713,0.019915046568931317,0.02764496241430114
90,cello_030.aiff,cello,-479.3088073730469,40.67742919921875,-6.298709869384766,5.924891948699951,7.4536309242248535,5.3945231437683105,0.035581011325120926,4.0625481605529785,2.6637887954711914,0.9283947944641113,-1.983309268951416,0.2697080671787262,-0.6103734374046326,142.9948272705078,52.4398078918457,38.48190689086914,10.831738471984863,7.508215427398682,6.488637924194336,11.37205982208252,5.042008876800537,5.186616897583008,5.885561466217041,9.404526710510254,5.402919769287109,6.264550685882568,1166.8443366243114,766.0509663674529,1739.1424670585307,1087.8107130772266,2764.3721170088356,2142.938980113661,0.02813759259879589,0.05668903887271881,0.40885886549949646,0.40576881170272827,0.4163404107093811,0.4015595316886902,0.37115636467933655,0.3780273199081421,0.3588602542877197,0.38323453068733215,0.4263683259487152,0.4084998667240143,0.4188084602355957,0.4330541789531708,0.3395346701145172,0.35733163356781006,0.38247573375701904,0.3761584162712097,0.37589776515960693,0.3907225430011749,0.3733347952365875,0.3721573054790497,0.3760894238948822,0.34725216031074524,0.35476556420326233,0.3475751280784607,0.02173569409897535,0.03534210200753898
91,cello_031.aiff,cello,-452.06414794921875,33.07426071166992,-12.921560287475586,2.6904091835021973,4.0744194984436035,3.3982815742492676,-1.5869652032852173,2.162879705429077,0.6964052319526672,-0.13086986541748047,-2.3161745071411133,-0.955350399017334,-1.7477309703826904,129.86984252929688,43.875186920166016,37.149959564208984,7.872171401977539,5.891951560974121,4.369086265563965,9.892616271972656,4.325098037719727,4.6819562911987305,5.492526531219482,8.377650260925293,6.072546005249023,6.863412380218506,1183.58941904909,730.2739727124662,1698.4869455187552,1045.1163078261413,2681.998406459849,1935.8917979132473,0.04075132682919502,0.08116979897022247,0.33043423295021057,0.33979853987693787,0.32499054074287415,0.29134342074394226,0.2982167601585388,0.3931906819343567,0.4619170129299164,0.4579542875289917,0.4800039231777191,0.4246220290660858,0.3575984239578247,0.3541525900363922,0.3313334882259369,0.35081547498703003,0.36753812432289124,0.3408593535423279,0.3320904076099396,0.37782788276672363,0.4178132712841034,0.3902623951435089,0.3926180601119995,0.3743397891521454,0.3291322886943817,0.3392525315284729,0.021911177077504198,0.033574473430405066
92,cello_032.aiff,cello,-478.4896240234375,44.44358825683594,1.2641336917877197,11.895822525024414,11.722661972045898,8.040079116821289,2.770230770111084,6.404119491577148,3.7459661960601807,3.2929153442382812,0.49601954221725464,1.5399775505065918,2.035963773727417,140.2687530517578,56.53984069824219,40.08555603027344,13.804327964782715,9.984840393066406,8.125225067138672,11.988903999328613,5.784064292907715,6.225257396697998,5.527541160583496,9.027290344238281,6.326879501342773,5.160443305969238,954.670216824818,620.9796307559916,1675.724403090169,903.6198384175223,2032.4351543114144,1687.0336649661622,0.026514653116464615,0.05418707802891731,0.29966551065444946,0.3065529763698578,0.331294983625412,0.33963435888290405,0.3428630828857422,0.36556416749954224,0.433368980884552,0.5637723803520203,0.6324867010116577,0.6470779776573181,0.5244631767272949,0.4181804955005646,0.32351362705230713,0.36226651072502136,0.3739401698112488,0.3897552788257599,0.39096179604530334,0.3782474994659424,0.37043246626853943,0.3967037498950958,0.31426742672920227,0.3404340445995331,0.3304413855075836,0.3289211094379425,0.01861066415942928,0.03083558387377074
93,cello_033.aiff,cello,-439.0870666503906,31.860885620117188,-9.071496963500977,7.019362449645996,6.246042251586914,2.849576711654663,-1.4487992525100708,3.0400710105895996,0.07229909300804138,-0.20654049515724182,-1.9535003900527954,-1.3259015083312988,-0.8071731925010681,124.39855194091797,43.38188934326172,37.19646072387695,8.512109756469727,6.195343494415283,5.561920642852783,10.321273803710938,4.724766731262207,4.982267379760742,5.251212120056152,7.008495807647705,6.138647556304932,5.043493270874023,1016.0498449393651,659.052137215189,1629.1180716874599,970.9131520514379,2186.6152214020103,1627.4041574637547,0.032294437289237976,0.06516794115304947,0.3533813953399658,0.38752251863479614,0.37922170758247375,0.3550584018230438,0.356792688369751,0.35926389694213867,0.3826183080673218,0.39526522159576416,0.39549970626831055,0.34552955627441406,0.3293827176094055,0.33188703656196594,0.35794326663017273,0.36946403980255127,0.38105085492134094,0.37071123719215393,0.39189767837524414,0.38353484869003296,0.39247313141822815,0.3875046670436859,0.3825489282608032,0.3463517725467682,0.337228387594223,0.3443388044834137,0.022472530384397966,0.035684420446201584
94,cello_034.aiff,cello,-486.62982177734375,21.624664306640625,-7.062342166900635,5.162635803222656,3.850201368331909,3.630650758743286,-1.2539515495300293,2.739997386932373,-0.35476598143577576,0.03593934327363968,-1.315100073814392,-0.17056187987327576,-0.8150805234909058,128.13568115234375,30.065414428710938,30.76718521118164,6.42475700378418,5.189972400665283,4.280677318572998,10.393868446350098,4.357830047607422,6.549282550811768,5.448307991027832,7.590614318847656,5.617947578430176,6.723418712615967,1118.1995317715575,678.965789594213,1773.3330741963748,1009.888995779494,2552.6464915031934,1663.6463072741565,0.03316469117999077,0.07397787272930145,0.4265497624874115,0.4564603865146637,0.4655834436416626,0.47504177689552307,0.5064743161201477,0.4779851734638214,0.465419739484787,0.43567022681236267,0.4184983968734741,0.413446307182312,0.39494433999061584,0.40517905354499817,0.3688410520553589,0.39341890811920166,0.40234464406967163,0.41383472084999084,0.43568962812423706,0.42966240644454956,0.4281046688556671,0.42571187019348145,0.4090180993080139,0.39800751209259033,0.36654946208000183,0.3598634600639343,0.022991702782846714,0.04136000024971635
95,cello_035.aiff,cello,-238.35809326171875,66.80139923095703,-66.77706146240234,5.478122234344482,-8.450776100158691,-2.3299622535705566,-22.993511199951172,4.174498558044434,-8.199959754943848,-7.594411373138428,-12.182880401611328,-8.323935508728027,-14.950654983520508,64.57620239257812,30.923095703125,21.09059715270996,9.784544944763184,6.449801445007324,6.782005786895752,4.8363471031188965,4.8875274658203125,5.101917743682861,5.61426305770874,4.122458457946777,4.812145233154297,4.9456706047058105,1596.26326798177,204.72939306463735,1368.1827467042685,177.78164368239263,2356.9287109375,362.6839093627628,0.1894858032464981,0.0729326605796814,0.036638978868722916,0.08393216878175735,0.5684107542037964,0.11750540137290955,0.022359879687428474,0.0328548289835453,0.17811666429042816,0.9618142247200012,0.265654981136322,0.045339617878198624,0.08040300011634827,0.2715319097042084,0.03680909425020218,0.04693056643009186,0.1986183226108551,0.051938749849796295,0.06553740054368973,0.09330901503562927,0.07485774904489517,0.14316342771053314,0.2142270803451538,0.13897839188575745,0.08362443745136261,0.11314290016889572,0.11397569444444444,0.027092152433928297
96,cello_036.aiff,cello,-481.3732604980469,29.258886337280273,-0.5275598764419556,9.838438987731934,6.967130184173584,5.240103244781494,0.4991086423397064,2.8152503967285156,1.3616156578063965,2.064622640609741,-1.1555943489074707,-0.40630677342414856,-0.6497074961662292,130.1742401123047,37.889015197753906,33.473419189453125,9.920384407043457,6.9430718421936035,5.58811616897583,9.850113868713379,4.871531009674072,5.221618175506592,4.404277324676514,8.205644607543945,6.528427600860596,6.988463878631592,901.5827266605181,569.329579522202,1670.0724259718352,848.2275977505498,1644.290010055693,1202.4151445556995,0.028360137715935707,0.06448043137788773,0.3416616916656494,0.3907983899116516,0.47549620270729065,0.4831888973712921,0.4779597222805023,0.48864755034446716,0.47454917430877686,0.4826625883579254,0.46657007932662964,0.4165300726890564,0.3927917778491974,0.3474510610103607,0.34680598974227905,0.3673922121524811,0.41964367032051086,0.3981076776981354,0.42450758814811707,0.43113473057746887,0.42524951696395874,0.43073418736457825,0.41132888197898865,0.3686276972293854,0.36332249641418457,0.3259155750274658,0.020626049770155586,0.038096338791632114
97,cello_037.aiff,cello,-465.1327819824219,20.074922561645508,-3.1018593311309814,6.450934886932373,3.526761293411255,2.8609707355499268,-0.8916904330253601,2.000941276550293,-0.6223843693733215,-0.22663752734661102,-1.3965569734573364,-0.5406543016433716,-1.6309548616409302,115.15204620361328,26.600183486938477,27.953807830810547,6.885970592498779,5.848596096038818,4.966280937194824,9.016417503356934,4.272775173187256,6.341640949249268,5.282214164733887,6.983501434326172,5.64328670501709,7.166707515716553,944.5879821406234,666.6543495970493,1598.3110248581677,903.6165140937188,1737.7320999020776,1330.5650907130862,0.033413972705602646,0.07623136043548584,0.36812931299209595,0.4173990786075592,0.4382612407207489,0.4013110101222992,0.389435350894928,0.4166966378688812,0.3954721987247467,0.45629534125328064,0.4418966770172119,0.35186079144477844,0.31708207726478577,0.29341426491737366,0.3708983361721039,0.3855085074901581,0.40318235754966736,0.39195066690444946,0.3958958387374878,0.4111328721046448,0.410393625497818,0.43693384528160095,0.4055531322956085,0.3711695373058319,0.3456782400608063,0.31274834275245667,0.024477185749697244,0.04370941491072705
98,cello_038.aiff,cello,-463.7214660644531,19.447933197021484,-5.486827373504639,6.420539379119873,3.398059844970703,4.088993549346924,-0.4906235933303833,2.894268274307251,-0.4481660723686218,1.0958647727966309,0.007310026325285435,3.262808084487915,5.393972873687744,129.0003662109375,24.347997665405273,27.90523338317871,6.186629295349121,7.7100043296813965,5.203446865081787,10.318360328674316,4.907813549041748,8.555879592895508,5.832081317901611,8.371548652648926,7.348011493682861,8.34665298461914,1018.7521146257484,716.6644068132704,1630.2228786831195,916.7436012790389,1904.5988445971386,1315.6689607501341,0.04333471134305,0.09029196947813034,0.48018452525138855,0.4545777440071106,0.48195090889930725,0.4213145673274994,0.425996869802475,0.4671339988708496,0.4819997251033783,0.4724670648574829,0.42612510919570923,0.41041693091392517,0.480320543050766,0.4959878623485565,0.3886767029762268,0.3849531412124634,0.4121329188346863,0.4146775007247925,0.4176960289478302,0.42362305521965027,0.44177672266960144,0.4339388906955719,0.40021440386772156,0.3623872995376587,0.3748444616794586,0.374980092048645,0.028529155685240965,0.05280002975351883
99,cello_039.aiff,cello,-454.83123779296875,34.26369094848633,-5.0654215812683105,10.620098114013672,6.5736565589904785,4.339779376983643,-2.9230170249938965,1.211168646812439,-1.908097505569458,-1.438757300376892,-3.2781856060028076,-2.298855781555176,-3.092552423477173,155.80589294433594,36.446048736572266,39.40138626098633,12.487482070922852,6.485254764556885,5.8531622886657715,12.169432640075684,6.656219482421875,6.986832141876221,5.569442272186279,7.547364711761475,6.024020195007324,7.086454391479492,931.5396491551919,701.5971403359655,1427.8813995567718,818.3295894903141,1506.654161509901,1246.7294428722662,0.05908207595348358,0.10661506652832031,0.22443324327468872,0.29128751158714294,0.2613687217235565,0.2248106151819229,0.22599345445632935,0.22973310947418213,0.22246795892715454,0.22092768549919128,0.27871453762054443,0.581472635269165,0.5882281064987183,0.3256906569004059,0.2936210036277771,0.37786534428596497,0.3519565761089325,0.3410351276397705,0.3420948386192322,0.34046033024787903,0.34884291887283325,0.3359085023403168,0.3275246024131775,0.4096618592739105,0.3436109721660614,0.3240906000137329,0.037548620933521924,0.05495820112343972
100,cello_040.aiff,cello,-471.7259826660156,14.622530937194824,-6.004025459289551,4.656838417053223,2.345280170440674,0.9344395399093628,-3.3051340579986572,0.3498903810977936,-1.1629611253738403,0.13901720941066742,-3.3792834281921387,-1.866369366645813,-2.125838279724121,104.43445587158203,19.18448257446289,25.41484832763672,6.961462497711182,5.295943737030029,6.2138261795043945,10.977263450622559,4.77316951751709,5.98226261138916,5.270735263824463,8.623007774353027,6.000234127044678,8.374377250671387,984.7190069129866,725.4411276213821,1538.27810339787,872.5080260627377,1709.2012567035222,1325.3386803011801,0.03246407210826874,0.06941404938697815,0.3333623707294464,0.3270854949951172,0.34657254815101624,0.3116505742073059,0.30546167492866516,0.303962767124176,0.32899191975593567,0.3386087715625763,0.297311931848526,0.2606436014175415,0.26319533586502075,0.3191232681274414,0.3817156255245209,0.3597659766674042,0.39672645926475525,0.37447696924209595,0.384686142206192,0.3923070430755615,0.3945876657962799,0.4004663825035095,0.38217055797576904,0.33805471658706665,0.3201785981655121,0.3770191967487335,0.034372546770959446,0.05427932922019201
101,cello_041.aiff,cello,-459.8467102050781,9.510894775390625,-7.800160884857178,2.8420498371124268,0.9255926012992859,0.10073062777519226,-2.522028684616089,2.4755208492279053,3.0112969875335693,5.218113422393799,3.0370986461639404,3.8007307052612305,1.3109853267669678,98.18338012695312,14.56357192993164,23.47493553161621,6.222771644592285,5.656661033630371,6.413388252258301,10.171667098999023,5.607799530029297,7.801124095916748,9.054423332214355,8.362515449523926,12.023713111877441,12.469198226928711,1123.2244690972627,872.7547876080137,1559.5376224784713,947.266851218953,2046.006934322528,1485.37593119442,0.0455625057220459,0.0984237864613533,0.36946895718574524,0.3973460793495178,0.4019804298877716,0.38699498772621155,0.4138926565647125,0.4220421016216278,0.40993162989616394,0.41637152433395386,0.38853269815444946,0.34341636300086975,0.31589314341545105,0.3138524293899536,0.388741135597229,0.39951303601264954,0.42301926016807556,0.41129159927368164,0.4296676516532898,0.43843597173690796,0.42664191126823425,0.4223681092262268,0.3982563316822052,0.35678479075431824,0.3502730131149292,0.34814879298210144,0.0407281625725539,0.06753248145875404
102,cello_042.aiff,cello,-461.90838623046875,42.62584686279297,26.467830657958984,19.1960506439209,16.92094612121582,13.837288856506348,10.314167976379395,7.874109745025635,6.190439701080322,5.240594387054443,4.724153518676758,4.239170074462891,4.042683124542236,42.77791976928711,38.332603454589844,22.648632049560547,15.691179275512695,11.797813415527344,9.126818656921387,7.329669952392578,6.040320873260498,5.266406059265137,4.797547340393066,4.601626873016357,4.815007209777832,4.469238758087158,969.1106039113386,634.8747739056668,1937.2149166204683,1029.4804325499967,2464.9491614761646,1753.285421067094,0.02064044401049614,0.0326920710504055,0.48312318325042725,0.5236639976501465,0.5604405999183655,0.5749014616012573,0.5752362012863159,0.5740700364112854,0.5632159113883972,0.5580995678901672,0.5172265768051147,0.48013582825660706,0.4355018436908722,0.41870880126953125,0.3794041574001312,0.3833775222301483,0.4064236283302307,0.4135529398918152,0.4020463526248932,0.41077303886413574,0.40092116594314575,0.40969225764274597,0.38716426491737366,0.3681900203227997,0.3376404345035553,0.32196521759033203,0.0052040692914557905,0.019074875679070742
103,cello_043.aiff,cello,-468.43560791015625,39.33493423461914,22.48541259765625,15.795564651489258,14.27091121673584,11.387151718139648,8.169934272766113,6.368594646453857,5.2122955322265625,4.426346302032471,4.101859092712402,4.022021770477295,3.683487892150879,44.004486083984375,36.720436096191406,18.727567672729492,11.701652526855469,9.849851608276367,7.401729106903076,6.658241271972656,5.461172103881836,5.12923002243042,4.929746150970459,4.672324180603027,4.529092788696289,4.0012664794921875,967.2125464707766,668.4001748281088,1890.483626876118,1086.9937372502727,2498.4770398844316,1748.1999287483152,0.01725773513317108,0.025888048112392426,0.44186145067214966,0.5147754549980164,0.5835357308387756,0.6071062684059143,0.5374375581741333,0.5196452140808105,0.5269167423248291,0.5275526642799377,0.4938426613807678,0.4683375656604767,0.4372156858444214,0.41541191935539246,0.34629449248313904,0.3691425323486328,0.4193976819515228,0.43519559502601624,0.4127561151981354,0.4165213108062744,0.4114477336406708,0.4130549132823944,0.39980870485305786,0.3767819106578827,0.35130104422569275,0.34321069717407227,0.005753001295164718,0.02093953839328553
104,cello_044.aiff,cello,-483.55694580078125,47.331241607666016,18.255590438842773,12.829916954040527,13.28191089630127,10.423187255859375,6.261327743530273,5.279475212097168,4.045727729797363,2.623523235321045,2.215324878692627,1.7249736785888672,1.6322754621505737,62.9334831237793,43.0157585144043,22.955778121948242,12.883416175842285,9.840237617492676,8.03460693359375,7.435280799865723,5.663937568664551,5.131677627563477,6.328348159790039,6.873611927032471,6.1140007972717285,5.4763383865356445,953.5005322124144,696.0820894608853,1768.3801280497707,1116.114287777855,2377.6924524116093,1765.6692718728323,0.015784353017807007,0.0291094109416008,0.4037356972694397,0.41783010959625244,0.4357683062553406,0.4444262385368347,0.4321630299091339,0.4363912045955658,0.4414645731449127,0.43850094079971313,0.494183748960495,0.593170166015625,0.47688746452331543,0.39864611625671387,0.3640274107456207,0.38555705547332764,0.4070824086666107,0.42122742533683777,0.4167780876159668,0.41961434483528137,0.41941168904304504,0.40812548995018005,0.3854772746562958,0.4156586527824402,0.34257304668426514,0.3405562937259674,0.007259694575909428,0.022833915787228827
105,cello_045.aiff,cello,-439.8812561035156,56.63402557373047,29.37586784362793,21.61138153076172,20.022682189941406,15.918379783630371,11.828817367553711,9.770994186401367,8.122885704040527,6.785232067108154,5.763840198516846,4.930923938751221,5.191312313079834,48.95679473876953,41.70564270019531,26.078876495361328,16.744674682617188,13.009489059448242,9.760927200317383,8.193866729736328,6.729866027832031,6.0047383308410645,5.794388294219971,5.634832382202148,5.843327522277832,5.937880516052246,708.994412943047,491.8690002307868,1662.6643999185428,885.1537063891573,1260.8815298507463,1171.0356187877508,0.05025853216648102,0.063702791929245,0.29867807030677795,0.2855026125907898,0.2950288653373718,0.3126579225063324,0.3330748677253723,0.3610366880893707,0.4475429356098175,0.6092700958251953,0.6478188037872314,0.6461116075515747,0.5128961205482483,0.3877772092819214,0.3309313952922821,0.36294808983802795,0.3887192904949188,0.4080558717250824,0.411803275346756,0.39771464467048645,0.376585990190506,0.41818302869796753,0.373234361410141,0.35789981484413147,0.3400741517543793,0.3683752119541168,0.005645478661380597,0.01661365719654552
106,cello_046.aiff,cello,-474.25054931640625,42.79457092285156,21.390670776367188,14.623493194580078,14.007989883422852,11.476006507873535,8.022881507873535,6.2250800132751465,5.266470432281494,4.494015693664551,3.696549892425537,3.244760036468506,3.625190019607544,47.95101547241211,38.6985969543457,20.666629791259766,13.582587242126465,10.006951332092285,7.873318195343018,6.670434951782227,5.3996500968933105,5.011629104614258,4.6370649337768555,4.662147045135498,4.542896270751953,4.55991792678833,780.4947446142941,629.04783155048,1681.754385411233,989.8209306938124,1527.0233143235773,1358.1753213045267,0.023148639127612114,0.031296852976083755,0.49251365661621094,0.5092238783836365,0.5188919305801392,0.5308927893638611,0.5366110801696777,0.5238182544708252,0.5164127945899963,0.519987940788269,0.4963648319244385,0.4656844735145569,0.4428442418575287,0.45130544900894165,0.38213640451431274,0.4002782106399536,0.4190177321434021,0.4315168857574463,0.44161584973335266,0.44609108567237854,0.4362678825855255,0.4335174262523651,0.41508719325065613,0.3911561667919159,0.35387155413627625,0.3530646860599518,0.0064039351327473725,0.022580688636269674
107,cello_047.aiff,cello,-496.23583984375,55.559364318847656,16.41939926147461,14.728297233581543,14.185905456542969,11.808270454406738,7.438693523406982,6.2638163566589355,3.322230815887451,2.747771739959717,1.9495203495025635,1.8876925706863403,2.619901418685913,62.83223342895508,40.20915603637695,18.66727066040039,11.301605224609375,9.975361824035645,7.84268856048584,6.74222469329834,5.475742816925049,5.499436855316162,6.806020259857178,7.565675258636475,6.531229496002197,6.999644756317139,819.8980028817105,602.5886442993999,1743.8113834897604,992.2656445802056,1703.5789579503676,1247.7242853523733,0.022338971495628357,0.02333974651992321,0.49114227294921875,0.5530537366867065,0.6045430302619934,0.6017733812332153,0.6183485984802246,0.6205256581306458,0.6072231531143188,0.5877076983451843,0.5714551210403442,0.5408859848976135,0.4872138202190399,0.4440014362335205,0.36462822556495667,0.39198753237724304,0.4103318750858307,0.41234090924263,0.4271533191204071,0.42701494693756104,0.43220800161361694,0.42250052094459534,0.4145286977291107,0.3903064429759979,0.35952261090278625,0.3350784480571747,0.004793134701797386,0.01926859408107364
108,cello_048.aiff,cello,-439.8812561035156,56.63402557373047,29.37586784362793,21.61138153076172,20.022682189941406,15.918379783630371,11.828817367553711,9.770994186401367,8.122885704040527,6.785232067108154,5.763840198516846,4.930923938751221,5.191312313079834,48.95679473876953,41.70564270019531,26.078876495361328,16.744674682617188,13.009489059448242,9.760927200317383,8.193866729736328,6.729866027832031,6.0047383308410645,5.794388294219971,5.634832382202148,5.843327522277832,5.937880516052246,708.994412943047,491.8690002307868,1662.6643999185428,885.1537063891573,1260.8815298507463,1171.0356187877508,0.05025853216648102,0.063702791929245,0.29867807030677795,0.2855026125907898,0.2950288653373718,0.3126579225063324,0.3330748677253723,0.3610366880893707,0.4475429356098175,0.6092700958251953,0.6478188037872314,0.6461116075515747,0.5128961205482483,0.3877772092819214,0.3309313952922821,0.36294808983802795,0.3887192904949188,0.4080558717250824,0.411803275346756,0.39771464467048645,0.376585990190506,0.41818302869796753,0.373234361410141,0.35789981484413147,0.3400741517543793,0.3683752119541168,0.005645478661380597,0.01661365719654552
109,cello_049.aiff,cello,-474.25054931640625,42.79457092285156,21.390670776367188,14.623493194580078,14.007989883422852,11.476006507873535,8.022881507873535,6.2250800132751465,5.266470432281494,4.494015693664551,3.696549892425537,3.244760036468506,3.625190019607544,47.95101547241211,38.6985969543457,20.666629791259766,13.582587242126465,10.006951332092285,7.873318195343018,6.670434951782227,5.3996500968933105,5.011629104614258,4.6370649337768555,4.662147045135498,4.542896270751953,4.55991792678833,780.4947446142941,629.04783155048,1681.754385411233,989.8209306938124,1527.0233143235773,1358.1753213045267,0.023148639127612114,0.031296852976083755,0.49251365661621094,0.5092238783836365,0.5188919305801392,0.5308927893638611,0.5366110801696777,0.5238182544708252,0.5164127945899963,0.519987940788269,0.4963648319244385,0.4656844735145569,0.4428442418575287,0.45130544900894165,0.38213640451431274,0.4002782106399536,0.4190177321434021,0.4315168857574463,0.44161584973335266,0.44609108567237854,0.4362678825855255,0.4335174262523651,0.41508719325065613,0.3911561667919159,0.35387155413627625,0.3530646860599518,0.0064039351327473725,0.022580688636269674
110,cello_050.aiff,cello,-496.23583984375,55.559364318847656,16.41939926147461,14.728297233581543,14.185905456542969,11.808270454406738,7.438693523406982,6.2638163566589355,3.322230815887451,2.747771739959717,1.9495203495025635,1.8876925706863403,2.619901418685913,62.83223342895508,40.20915603637695,18.66727066040039,11.301605224609375,9.975361824035645,7.84268856048584,6.74222469329834,5.475742816925049,5.499436855316162,6.806020259857178,7.565675258636475,6.531229496002197,6.999644756317139,819.8980028817105,602.5886442993999,1743.8113834897604,992.2656445802056,1703.5789579503676,1247.7242853523733,0.022338971495628357,0.02333974651992321,0.49114227294921875,0.5530537366867065,0.6045430302619934,0.6017733812332153,0.6183485984802246,0.6205256581306458,0.6072231531143188,0.5877076983451843,0.5714551210403442,0.5408859848976135,0.4872138202190399,0.4440014362335205,0.36462822556495667,0.39198753237724304,0.4103318750858307,0.41234090924263,0.4271533191204071,0.42701494693756104,0.43220800161361694,0.42250052094459534,0.4145286977291107,0.3903064429759979,0.35952261090278625,0.3350784480571747,0.004793134701797386,0.01926859408107364
111,cello_051.aiff,cello,-455.8575744628906,36.95489501953125,21.153182983398438,15.971877098083496,13.919008255004883,10.30205249786377,7.514344215393066,5.759525775909424,4.312150955200195,3.3718440532684326,2.780691385269165,2.381845474243164,2.253161668777466,46.99653625488281,38.649227142333984,20.429929733276367,12.652705192565918,9.938426971435547,7.791100025177002,6.66288423538208,5.905092716217041,5.70487642288208,5.561550617218018,5.140210151672363,5.018677711486816,4.957977294921875,749.5588632252259,576.6252797341672,1612.373372193248,945.1975376290268,1418.1727329147195,1242.3136714311029,0.022644907236099243,0.04406965151429176,0.3215579390525818,0.39791521430015564,0.46887481212615967,0.4957435727119446,0.47213810682296753,0.4543348550796509,0.423321396112442,0.3975541293621063,0.3847050666809082,0.3732737898826599,0.3404883146286011,0.3045195937156677,0.34086713194847107,0.38031885027885437,0.42448940873146057,0.413376122713089,0.43054118752479553,0.4363194406032562,0.4305102229118347,0.42702516913414,0.418067067861557,0.3912913501262665,0.3623921573162079,0.332070529460907,0.0071952537713327915,0.01909773019880516
112,cello_052.aiff,cello,-496.6956787109375,28.478435516357422,14.011743545532227,11.187073707580566,9.633942604064941,6.3462018966674805,3.7844221591949463,2.605621337890625,1.6381243467330933,1.0253559350967407,0.8936676979064941,0.5779989957809448,0.5409148335456848,49.64200210571289,36.92359924316406,17.951066970825195,10.418724060058594,8.172627449035645,6.712093353271484,6.8708271980285645,5.905879497528076,5.9569501876831055,6.072598934173584,5.477383136749268,5.226734161376953,5.4336018562316895,765.6055530271182,698.6491768342031,1495.5306867937486,1006.8903217535735,1431.3180507501831,1449.9732748968818,0.011981874704360962,0.03221515193581581,0.32743895053863525,0.36567720770835876,0.40006259083747864,0.3562707006931305,0.3595634996891022,0.37620195746421814,0.3981925845146179,0.4443613290786743,0.34888920187950134,0.2958674430847168,0.25557729601860046,0.2694445252418518,0.36583778262138367,0.3712615668773651,0.4077312648296356,0.3967161476612091,0.4057356119155884,0.4064493179321289,0.4031231999397278,0.44215890765190125,0.3805274963378906,0.34945616126060486,0.31229206919670105,0.3141123652458191,0.009132433157178736,0.022041050400656147
113,cello_053.aiff,cello,-448.9524841308594,44.014793395996094,18.76023292541504,13.024560928344727,10.951159477233887,5.867951393127441,2.782959461212158,2.704655885696411,2.1277530193328857,1.4698647260665894,2.289156198501587,3.971691608428955,5.495420455932617,66.33196258544922,48.099796295166016,24.450387954711914,15.00175952911377,10.79718017578125,10.407325744628906,8.05815601348877,5.476134777069092,5.483506202697754,6.685678005218506,6.402900218963623,6.390522480010986,5.543769359588623,711.2065289482972,670.6368993190277,1394.143961558759,1041.285020283695,1279.4615664724577,1405.336990630107,0.021784571930766106,0.04760421812534332,0.39739343523979187,0.3597058951854706,0.3219202756881714,0.2896117866039276,0.2965437173843384,0.30982711911201477,0.3584471046924591,0.42570582032203674,0.37107887864112854,0.30307769775390625,0.29055216908454895,0.4625574052333832,0.3361188471317291,0.3480088412761688,0.3385961949825287,0.3420102000236511,0.3568247854709625,0.35708874464035034,0.39388054609298706,0.4360329806804657,0.38978973031044006,0.34008947014808655,0.2882311940193176,0.3977392017841339,0.010323792078625235,0.029380733858111602
114,cello_054.aiff,cello,-469.1622619628906,55.703792572021484,25.203136444091797,16.453739166259766,15.885942459106445,12.132535934448242,7.997435092926025,6.854097843170166,5.889086723327637,3.195007085800171,0.2934260070323944,-0.8974877595901489,-0.4688669443130493,61.927391052246094,46.21889877319336,20.792203903198242,11.788809776306152,9.671185493469238,7.612048625946045,6.985205173492432,4.658483028411865,4.834992408752441,5.1181111335754395,6.802080154418945,8.509963035583496,8.071855545043945,695.6195358873935,557.5148191108049,1588.5919388295333,880.7901808327346,1078.589026236767,1159.6738790140648,0.0379733070731163,0.05412089824676514,0.32193446159362793,0.3397800028324127,0.3520908057689667,0.3652823269367218,0.37456586956977844,0.3805854916572571,0.3785185217857361,0.37255799770355225,0.4389076828956604,0.6619604229927063,0.594647228717804,0.36037081480026245,0.37374499440193176,0.4054652154445648,0.42157623171806335,0.43990978598594666,0.4497094452381134,0.4538973271846771,0.4521905779838562,0.44057875871658325,0.38491764664649963,0.3829120695590973,0.32725268602371216,0.342709481716156,0.008143322475570033,0.0220503307182483
115,cello_055.aiff,cello,-480.22186279296875,39.471622467041016,20.13552474975586,14.456178665161133,13.631635665893555,10.140068054199219,6.693345546722412,5.204463005065918,3.8508095741271973,2.166412115097046,1.326987862586975,1.5015265941619873,1.7089903354644775,47.56202697753906,36.31583786010742,17.29195213317871,10.913320541381836,9.102466583251953,6.840269565582275,6.1246771812438965,5.128119945526123,5.393280982971191,6.182437419891357,6.308940887451172,7.155904769897461,7.137632369995117,693.6871986164252,558.382248190982,1576.6221097002126,928.0820887539106,1111.2400380810302,1046.7813485859067,0.022434093058109283,0.028461404144763947,0.45783939957618713,0.4490818679332733,0.4644707441329956,0.4765319228172302,0.5087580680847168,0.515699028968811,0.4950018525123596,0.4707164764404297,0.44575008749961853,0.3983030319213867,0.35829055309295654,0.4020119905471802,0.40839383006095886,0.4189206659793854,0.44369783997535706,0.446885883808136,0.45427125692367554,0.45001691579818726,0.4499117434024811,0.4407848119735718,0.42221859097480774,0.38493090867996216,0.34861406683921814,0.3679552376270294,0.008399454022343862,0.0224658695073107
116,cello_056.aiff,cello,-521.836669921875,56.65718078613281,16.892942428588867,14.502785682678223,12.901851654052734,8.9160795211792,4.232919216156006,4.625936031341553,3.2677857875823975,4.388405799865723,3.7695727348327637,4.549811363220215,4.897204399108887,73.70580291748047,44.927406311035156,19.719284057617188,11.922624588012695,9.744200706481934,8.410172462463379,8.1630220413208,7.189449787139893,6.960343837738037,6.596293926239014,5.295819282531738,5.405703067779541,6.0606160163879395,675.4793053688088,643.7972408434096,1512.7417689990793,992.8864720083839,1071.9950681800797,1136.2221913778335,0.020156657323241234,0.01957995444536209,0.5128989219665527,0.5332280993461609,0.5530360341072083,0.55659419298172,0.5545939207077026,0.5669130086898804,0.5654991865158081,0.5679072737693787,0.5431593656539917,0.503176212310791,0.45768094062805176,0.4795779883861542,0.38745471835136414,0.41433000564575195,0.4279029667377472,0.43988338112831116,0.44036662578582764,0.4446149170398712,0.4484871029853821,0.4497614800930023,0.4296691119670868,0.3949240744113922,0.3610408902168274,0.3649247884750366,0.006828765682374541,0.023524602465303423
117,cello_057.aiff,cello,-451.2381286621094,52.541603088378906,17.11100196838379,12.956403732299805,11.871481895446777,9.786181449890137,8.497430801391602,9.273418426513672,7.467775344848633,6.335443019866943,3.8810348510742188,2.1839439868927,3.279622793197632,60.618194580078125,40.00651168823242,16.480316162109375,9.64869213104248,9.75739574432373,8.67475700378418,6.724605560302734,8.490335464477539,6.89080286026001,5.019415378570557,5.589587688446045,7.666167736053467,7.5578532218933105,684.9084080600787,518.2968943120721,1603.2773418166282,966.4818170593253,1095.9377214666576,975.9383111306264,0.0405215285718441,0.036116670817136765,0.579689621925354,0.6061683297157288,0.6280378103256226,0.635970950126648,0.6583136320114136,0.6694762110710144,0.6586952805519104,0.6539062261581421,0.6287227272987366,0.5958763957023621,0.5352351069450378,0.5282949805259705,0.4038631021976471,0.4217238128185272,0.43412619829177856,0.4398910403251648,0.44085097312927246,0.44369086623191833,0.4415677487850189,0.43423178791999817,0.40536731481552124,0.3700321614742279,0.344961941242218,0.3610617518424988,0.005570413741900648,0.019707546577487762
118,cello_058.aiff,cello,-498.63751220703125,32.67257308959961,22.111053466796875,16.35262107849121,13.425149917602539,9.995939254760742,6.969426155090332,5.3211469650268555,4.263993263244629,3.4141576290130615,2.7379813194274902,2.270345449447632,2.207655429840088,45.1241569519043,44.85878372192383,25.50499725341797,16.94940757751465,12.025599479675293,8.486693382263184,6.960962772369385,5.775090217590332,5.181130886077881,4.840632438659668,4.610560417175293,4.518178462982178,4.231328010559082,868.804325223437,637.832201926438,1736.7399619410787,1037.1150664959675,2066.487436502177,1781.423539328427,0.010832749307155609,0.029497776180505753,0.42153772711753845,0.4496283233165741,0.4565664827823639,0.451272189617157,0.4712080955505371,0.48589417338371277,0.45732396841049194,0.45088446140289307,0.43918687105178833,0.41565069556236267,0.3653523027896881,0.35305851697921753,0.3704743981361389,0.38190487027168274,0.38726720213890076,0.40204837918281555,0.40023016929626465,0.4047580659389496,0.39731913805007935,0.40899375081062317,0.391965389251709,0.3732951283454895,0.3346251845359802,0.31126677989959717,0.006926790411828737,0.017407567916217687
119,cello_059.aiff,cello,-475.4562683105469,23.368074417114258,14.322370529174805,10.975500106811523,9.551643371582031,7.150906562805176,5.105605125427246,4.165886878967285,3.3494608402252197,2.55792498588562,2.2633984088897705,2.148013114929199,2.0186827182769775,40.10419845581055,34.67277526855469,16.876110076904297,10.428250312805176,8.2425537109375,5.656820774078369,5.078704833984375,4.383724689483643,3.965331792831421,4.296321868896484,3.919448137283325,3.679202079772949,3.66609525680542,899.3333060303812,644.9635175662728,1752.490233920894,1065.8402360633115,2141.373809396404,1728.955384184296,0.008888579905033112,0.02821323648095131,0.3509575426578522,0.43659505248069763,0.484502911567688,0.4239807724952698,0.38304343819618225,0.39132001996040344,0.4434907138347626,0.5043209791183472,0.46724116802215576,0.40956732630729675,0.30097562074661255,0.29915836453437805,0.3302890956401825,0.39015132188796997,0.4316595494747162,0.38888710737228394,0.37800905108451843,0.3853145241737366,0.38769063353538513,0.4179367423057556,0.3712366819381714,0.36649227142333984,0.29895833134651184,0.3095227777957916,0.007260761053301721,0.01867711422320587
120,cello_060.aiff,cello,-518.199951171875,40.26155471801758,21.696208953857422,17.84269142150879,15.492212295532227,11.61590576171875,7.454809665679932,5.67268180847168,4.1769208908081055,3.170842170715332,2.8279004096984863,3.098219633102417,3.282604932785034,66.1498031616211,45.32274627685547,22.52159881591797,13.747428894042969,10.58544635772705,7.771782875061035,7.097189426422119,5.596507549285889,5.174313068389893,5.870606899261475,5.782166481018066,4.283689022064209,4.095133304595947,967.6450975559499,671.0901164333179,1832.9421118984258,1058.4346643136696,2354.6478158873388,1766.3049303162038,0.012643745169043541,0.03500210866332054,0.43839654326438904,0.46825382113456726,0.507735013961792,0.4965105652809143,0.4199729561805725,0.4175221920013428,0.45125406980514526,0.4706932604312897,0.4721072018146515,0.577686071395874,0.5005093216896057,0.4893200993537903,0.3249332308769226,0.3753105700016022,0.41443508863449097,0.42182984948158264,0.4027228355407715,0.4061717689037323,0.41779613494873047,0.41171571612358093,0.37212276458740234,0.38836240768432617,0.31709355115890503,0.34440308809280396,0.008790864275830259,0.025599860275315665
121,cello_061.aiff,cello,-483.2613220214844,38.8883056640625,26.101001739501953,20.670543670654297,18.0487060546875,14.060052871704102,10.866948127746582,9.000239372253418,7.518145561218262,6.625594139099121,6.309370040893555,6.102815628051758,5.981071949005127,49.52779006958008,45.5020637512207,25.06121826171875,16.32691192626953,11.95486831665039,8.714753150939941,7.595981121063232,6.488943099975586,6.297799110412598,6.043149948120117,5.727776050567627,5.366919994354248,4.8469672203063965,541.2270541397909,394.11335461255175,1480.3494596307244,767.7806061158941,478.1916928231266,761.5557334350527,0.02687196619808674,0.04391232877969742,0.2841998338699341,0.29869765043258667,0.3165685534477234,0.3396050035953522,0.3760983347892761,0.4698273539543152,0.6607880592346191,0.7118198275566101,0.70155268907547,0.5237021446228027,0.3597372770309448,0.2893051207065582,0.37095242738723755,0.39314085245132446,0.4110373854637146,0.4154999852180481,0.4036023020744324,0.3750270903110504,0.4043024182319641,0.3527405560016632,0.3353371024131775,0.3236958682537079,0.33289775252342224,0.3321293890476227,0.005338500669080605,0.01549181604137447
122,cello_062.aiff,cello,-497.291015625,23.41286849975586,14.055129051208496,10.564974784851074,9.795736312866211,7.811547756195068,6.0464768409729,5.190245151519775,4.394613742828369,3.704172134399414,3.1750996112823486,2.8153905868530273,2.7642879486083984,38.943946838378906,34.90546798706055,16.636470794677734,9.971489906311035,7.97553825378418,5.4750542640686035,4.758151531219482,4.011170387268066,3.7487244606018066,3.9434866905212402,4.129409313201904,4.140946388244629,3.850665807723999,636.786081322348,580.4070033862986,1537.1997803537265,864.4764531663479,786.8095981880293,1039.8324188217025,0.011182304471731186,0.02439878322184086,0.45523133873939514,0.4840431213378906,0.49834439158439636,0.5186133980751038,0.5187863707542419,0.5246148109436035,0.544935405254364,0.5773771405220032,0.5442168116569519,0.49582716822624207,0.43049129843711853,0.3986969292163849,0.37665897607803345,0.38830333948135376,0.41030797362327576,0.43203091621398926,0.4364248812198639,0.4425875246524811,0.4317363500595093,0.42569178342819214,0.4112005829811096,0.39669641852378845,0.35575345158576965,0.3346633315086365,0.005978841554265997,0.01987012460920877
123,cello_063.aiff,cello,-483.4147033691406,21.36444664001465,12.635041236877441,9.89312744140625,9.034174919128418,6.7973432540893555,4.857450008392334,3.8486475944519043,2.850059986114502,1.9095633029937744,1.2499498128890991,0.6686367392539978,0.2867172658443451,40.55671691894531,34.70332717895508,15.852222442626953,9.997453689575195,7.956785202026367,5.324957847595215,5.075342655181885,4.206690311431885,4.327411651611328,4.83624792098999,5.484733581542969,5.788851737976074,5.883038520812988,782.9737160921625,636.2128364201627,1633.2489790627053,985.2401114290241,1556.0384051619922,1373.0253564514542,0.010078535415232182,0.02943393401801586,0.5083076357841492,0.5021129846572876,0.49210605025291443,0.4929373860359192,0.5171439051628113,0.502777099609375,0.4843675494194031,0.4645167887210846,0.4904748797416687,0.5117675065994263,0.4259585738182068,0.43253278732299805,0.39272692799568176,0.3968752920627594,0.41293036937713623,0.415501207113266,0.4291084408760071,0.42216867208480835,0.42758709192276,0.41704612970352173,0.39789000153541565,0.40176159143447876,0.34170717000961304,0.34202682971954346,0.006754148029497099,0.02018075515717092
124,cello_064.aiff,cello,-496.1522216796875,32.98728942871094,19.821407318115234,14.881156921386719,12.856420516967773,9.574252128601074,6.58904504776001,5.131462097167969,4.394982814788818,3.42965030670166,2.2424778938293457,1.4787036180496216,1.5055607557296753,48.41815948486328,40.79897689819336,19.649818420410156,12.10718822479248,8.857001304626465,7.114943504333496,6.445407867431641,5.513526439666748,4.937720775604248,4.97821044921875,5.348199844360352,5.674238204956055,5.0466532707214355,737.2011985813474,557.2279948060376,1611.2877176984873,931.9657029206026,1355.3447156511872,1201.3412142884479,0.014553850516676903,0.033107247203588486,0.31854790449142456,0.40014562010765076,0.4859381914138794,0.47384798526763916,0.4528438150882721,0.44431647658348083,0.4410031735897064,0.43109557032585144,0.38813313841819763,0.3434566557407379,0.3075994849205017,0.2881530821323395,0.3500358760356903,0.39104846119880676,0.4456547796726227,0.4159811735153198,0.4351552426815033,0.4377249479293823,0.43260157108306885,0.44023212790489197,0.4059623181819916,0.3768713176250458,0.35166409611701965,0.33666256070137024,0.007857236382681564,0.01828470571285256
125,cello_065.aiff,cello,-510.8382873535156,26.338403701782227,13.089912414550781,9.400555610656738,7.604917049407959,5.1395792961120605,3.0256433486938477,1.8984218835830688,0.7980101108551025,0.04700286686420441,-0.3159876763820648,-0.4783065915107727,-0.0318894237279892,52.76036071777344,39.015899658203125,17.302732467651367,9.979877471923828,6.771105766296387,5.298335552215576,4.830570220947266,4.305627822875977,4.917270660400391,5.442389965057373,5.517691135406494,5.879681587219238,5.772122383117676,719.1508706729279,634.3873618985764,1441.4161915240916,1002.3138857834684,1298.265749909157,1280.4709055965782,0.008889207616448402,0.027572333812713623,0.325746089220047,0.339548259973526,0.32992029190063477,0.30082008242607117,0.33940157294273376,0.3503691554069519,0.3461185395717621,0.42104223370552063,0.4088788628578186,0.3076097369194031,0.2606079876422882,0.30317971110343933,0.34868112206459045,0.36643552780151367,0.36489295959472656,0.34823739528656006,0.3899935781955719,0.38697725534439087,0.388209730386734,0.43366676568984985,0.4215189516544342,0.35718464851379395,0.3061618208885193,0.3501417934894562,0.010012919896640826,0.022825520703556503
126,cello_066.aiff,cello,-313.14129638671875,181.98892211914062,-16.37762451171875,-9.94214916229248,-8.952340126037598,-12.815155029296875,-9.2797212600708,14.814945220947266,14.337031364440918,5.876335144042969,-11.451844215393066,-17.235889434814453,-13.664680480957031,122.42374420166016,42.960445404052734,41.008453369140625,10.059051513671875,9.121606826782227,12.190319061279297,10.097890853881836,5.09868049621582,3.2649424076080322,3.607945442199707,6.335468292236328,9.710330963134766,8.978758811950684,1053.1980168629107,177.7604755952864,1200.9434797877684,532.0565835279237,1610.9527587890625,700.5727924571223,0.09806361049413681,0.06340377032756805,0.12019744515419006,0.11790268123149872,0.11686325818300247,0.12728655338287354,0.16365289688110352,0.17457328736782074,0.15452155470848083,0.18370486795902252,0.4106299579143524,0.9980850219726562,0.3507358133792877,0.14681412279605865,0.2743895649909973,0.2619413435459137,0.2666015028953552,0.2999681532382965,0.3195878863334656,0.31755921244621277,0.28956305980682373,0.2729141414165497,0.22615283727645874,0.0050665754824876785,0.21536298096179962,0.2517277002334595,0.045654296875,0.022613010580815555
127,cello_067.aiff,cello,-498.0389099121094,28.342411041259766,18.616411209106445,13.507499694824219,11.108749389648438,8.834814071655273,6.427920341491699,4.970113277435303,3.9454009532928467,3.14217472076416,2.456510543823242,2.204401731491089,2.2465696334838867,48.92521286010742,41.84245681762695,22.336946487426758,15.338510513305664,10.694872856140137,7.72914457321167,6.276147365570068,5.30525541305542,4.586500644683838,4.231113910675049,4.197080612182617,4.1367106437683105,3.8556923866271973,897.6649191330976,606.1512738465728,1769.77452778949,974.2100319261538,2052.697821535232,1728.3638797956296,0.007752318866550922,0.024739868938922882,0.3706561028957367,0.43418362736701965,0.4576049745082855,0.4311515688896179,0.42754438519477844,0.42587512731552124,0.41850873827934265,0.4289170503616333,0.4112733006477356,0.3485136330127716,0.3123989403247833,0.33819663524627686,0.3501036465167999,0.35564664006233215,0.3810954689979553,0.3613228499889374,0.3743627965450287,0.3737843632698059,0.3731779456138611,0.37852251529693604,0.3799424171447754,0.32756081223487854,0.3022899627685547,0.3231702744960785,0.007097210800438596,0.01218835963688457
128,cello_068.aiff,cello,-483.66461181640625,19.057697296142578,8.030496597290039,4.8760271072387695,4.468569278717041,3.8284947872161865,2.4944839477539062,1.9519333839416504,1.1661362648010254,0.6165578961372375,0.4951056241989136,0.5615366101264954,0.5878502130508423,55.64845657348633,38.40055847167969,14.399023056030273,8.326010704040527,5.645312309265137,3.981873035430908,3.586965799331665,3.322817325592041,3.67602801322937,4.346179962158203,3.9566097259521484,3.623321771621704,3.3231616020202637,982.1372183817977,643.8699346105383,1748.3154843657958,1032.6693231256666,2303.9452637604923,1740.422916333421,0.00733003206551075,0.03003169596195221,0.3949759304523468,0.42486926913261414,0.44130316376686096,0.4474630057811737,0.4432523548603058,0.4599487781524658,0.4312370717525482,0.41515877842903137,0.43936797976493835,0.4516003727912903,0.3973543047904968,0.3792564272880554,0.3320653438568115,0.3585714101791382,0.3728505074977875,0.38541799783706665,0.38126569986343384,0.3939952254295349,0.3754770755767822,0.38604578375816345,0.3876309394836426,0.39133134484291077,0.34398117661476135,0.3282266855239868,0.008133442273517847,0.01585217659251838
129,cello_069.aiff,cello,-484.16864013671875,17.907190322875977,6.956961154937744,4.582390785217285,4.313649654388428,3.4041855335235596,2.031041145324707,1.570953130722046,1.055448293685913,0.6231552958488464,0.15626811981201172,0.1749587506055832,0.28589946031570435,59.780494689941406,37.44330596923828,14.844895362854004,9.083465576171875,6.058293342590332,3.9357008934020996,4.129591464996338,3.8984618186950684,3.9693245887756348,3.968500852584839,4.058646202087402,3.715062141418457,3.4163057804107666,967.5839937357287,700.0752279293079,1676.964773893916,1031.7671120343778,2140.685868696733,1747.299480741703,0.009813811630010605,0.04385370761156082,0.3716566264629364,0.3902409076690674,0.4179770350456238,0.3917425870895386,0.33558252453804016,0.34135058522224426,0.3848603367805481,0.4253755509853363,0.458777517080307,0.44852709770202637,0.40148523449897766,0.3906104266643524,0.3427853584289551,0.37462317943573,0.3938050866127014,0.38194048404693604,0.36512571573257446,0.3713522255420685,0.3912566006183624,0.3924427926540375,0.397395521402359,0.3629519045352936,0.3508795499801636,0.3438391089439392,0.008919270833333333,0.01713424994867694
130,cello_070.aiff,cello,-549.84521484375,38.05744171142578,21.792335510253906,14.880988121032715,12.686185836791992,10.362079620361328,7.184537410736084,5.391891956329346,4.300559043884277,3.666438341140747,3.0560266971588135,2.734971761703491,2.582650661468506,69.81726837158203,51.719268798828125,24.94477653503418,16.399991989135742,10.300642013549805,7.243374347686768,6.2974419593811035,5.931058406829834,5.989360332489014,5.576506614685059,5.143797874450684,4.8645830154418945,4.816218376159668,790.9186523916006,589.0612202880305,1665.6314298696482,923.8841061949361,1649.0368823737324,1564.6071058284526,0.009543887339532375,0.024448182433843613,0.2791478931903839,0.25851020216941833,0.2872477173805237,0.30004340410232544,0.3023183047771454,0.3241034746170044,0.41085970401763916,0.5765722393989563,0.6439167261123657,0.6609485745429993,0.5077466368675232,0.38571009039878845,0.3244679570198059,0.36019694805145264,0.3768656253814697,0.38909226655960083,0.3936142921447754,0.38555532693862915,0.3703591823577881,0.41641971468925476,0.3246987462043762,0.3379366397857666,0.3382583558559418,0.3521481156349182,0.00826269378900156,0.012945380713133496
131,cello_071.aiff,cello,-509.78607177734375,19.960508346557617,9.03451156616211,6.250156402587891,6.218231678009033,5.072370529174805,3.001126527786255,2.3617892265319824,2.0537445545196533,1.880724310874939,1.4167094230651855,1.1290738582611084,1.1461549997329712,56.43353271484375,36.557098388671875,14.802395820617676,9.020383834838867,6.201512813568115,4.415699005126953,4.1808671951293945,3.97536301612854,3.847200632095337,3.860569715499878,3.9954047203063965,4.049129486083984,3.723036289215088,980.7611894053098,594.3865329927902,1846.7521367095842,937.0920878490955,2246.6396341113996,1508.256615499742,0.006471797823905945,0.025091862305998802,0.49341532588005066,0.5117947459220886,0.5058015584945679,0.5182828903198242,0.5295970439910889,0.5135639309883118,0.5123530030250549,0.5602118968963623,0.5318294763565063,0.45711514353752136,0.40923184156417847,0.4093177020549774,0.3619729280471802,0.37019166350364685,0.37305763363838196,0.3997085690498352,0.40293264389038086,0.40794244408607483,0.3988543450832367,0.4063067138195038,0.39610812067985535,0.3741315007209778,0.3346424996852875,0.3113783895969391,0.007708527242164926,0.016579707846109293
132,cello_072.aiff,cello,-544.2183227539062,15.202899932861328,8.200851440429688,6.692051887512207,6.070186614990234,4.7470197677612305,3.3387913703918457,2.6975369453430176,1.9140183925628662,1.4582732915878296,1.177851915359497,1.0124632120132446,0.8386049866676331,50.295066833496094,31.542734146118164,13.487382888793945,7.8166632652282715,5.898746490478516,4.232867240905762,3.824085235595703,3.2637274265289307,3.613041877746582,3.723210573196411,3.810136079788208,3.9781579971313477,4.213003158569336,645.930021885878,476.916457903526,1564.9807378903288,829.7682283306724,786.738917222991,966.5994442034015,0.0042426567524671555,0.01568460278213024,0.5924224853515625,0.5593324899673462,0.5404482483863831,0.5690748691558838,0.5901147723197937,0.565123438835144,0.5465013384819031,0.5395708680152893,0.5847541689872742,0.5912417769432068,0.47362369298934937,0.5015033483505249,0.39147382974624634,0.39585623145103455,0.4178680181503296,0.433201402425766,0.4443996846675873,0.4452272653579712,0.4411140978336334,0.42719900608062744,0.39452022314071655,0.3800901472568512,0.3311484754085541,0.3369571268558502,0.005332626509488211,0.0162021346292785
133,cello_073.aiff,cello,-505.72039794921875,23.763769149780273,13.018375396728516,9.549515724182129,8.021285057067871,6.07459020614624,3.755413293838501,3.19270920753479,2.683593988418579,2.04229998588562,1.1946362257003784,0.7186429500579834,0.5760353207588196,58.45309066772461,36.05837631225586,16.714679718017578,9.669492721557617,6.580275058746338,4.88604211807251,5.254035472869873,4.20297384262085,3.7415823936462402,3.6857640743255615,4.092245578765869,4.381371021270752,4.320441722869873,722.8497902157939,530.9420546207384,1570.4953519303424,890.9550560163656,1226.4118148247724,1118.4143266185497,0.007416123058646917,0.02486213855445385,0.2852848768234253,0.3827226758003235,0.4826611876487732,0.44804811477661133,0.4009006917476654,0.3826863169670105,0.40408921241760254,0.40315696597099304,0.3469010889530182,0.3032538890838623,0.25752535462379456,0.24359357357025146,0.31289106607437134,0.36431846022605896,0.4282367527484894,0.39573055505752563,0.38963496685028076,0.3900395631790161,0.4165817201137543,0.430752158164978,0.3707171380519867,0.3370012044906616,0.30773529410362244,0.29990237951278687,0.008986417742071526,0.017445670935306728
134,cello_074.aiff,cello,-545.865478515625,19.818683624267578,9.331445693969727,6.976984977722168,5.829715251922607,4.051514148712158,2.491727828979492,2.125746488571167,1.2923409938812256,0.5972425937652588,-0.030912034213542938,-0.17750999331474304,-0.2736973166465759,59.104793548583984,35.618221282958984,14.708703994750977,8.041396141052246,5.310306549072266,4.073594093322754,4.214705944061279,3.06048321723938,3.604473114013672,4.232669353485107,4.889037609100342,4.829558849334717,4.831426620483398,682.2670227983347,556.236143231007,1478.5406453209134,909.5236889400531,1060.5083814538043,1090.5715965954123,0.005802379455417395,0.02001989260315895,0.442491352558136,0.48193681240081787,0.45132485032081604,0.43932175636291504,0.46220239996910095,0.46207690238952637,0.44584140181541443,0.46295487880706787,0.4456894099712372,0.3969137966632843,0.34577953815460205,0.3329266905784607,0.3904387354850769,0.40154173970222473,0.4010178744792938,0.41632556915283203,0.43434062600135803,0.4297505021095276,0.431786447763443,0.4351327419281006,0.4198516011238098,0.40419435501098633,0.3614270091056824,0.3228621780872345,0.009079653532608695,0.019751746050264262
135,cello_075.aiff,cello,-562.6016845703125,28.576581954956055,15.150476455688477,11.434934616088867,8.800216674804688,6.186944007873535,3.9403271675109863,2.9321532249450684,1.575408935546875,0.7121809720993042,0.6305052638053894,1.745970606803894,3.202437400817871,71.36840057373047,39.596107482910156,20.31695556640625,11.568007469177246,7.471516132354736,5.513882160186768,5.3341264724731445,4.601613998413086,5.393860816955566,6.088171482086182,7.003930568695068,5.900151252746582,4.105536937713623,654.2655471065264,565.1266950323981,1426.1441436475366,889.7039220750403,941.3262176513672,1062.9355067873714,0.0057798875495791435,0.022883199155330658,0.41754627227783203,0.3782893121242523,0.3706340193748474,0.3228195309638977,0.3376336395740509,0.38143908977508545,0.48012152314186096,0.5112732648849487,0.407525897026062,0.3548647463321686,0.4416643977165222,0.5298857092857361,0.32796141505241394,0.3349607288837433,0.3462240993976593,0.33636990189552307,0.3436816334724426,0.3718380033969879,0.4255777597427368,0.44321784377098083,0.3669385015964508,0.32083266973495483,0.30531200766563416,0.3752560615539551,0.0078704833984375,0.018922437133571442
136,cello_076.aiff,cello,-525.1010131835938,47.79509353637695,12.245963096618652,10.694199562072754,14.12891674041748,9.286605834960938,3.717075824737549,1.8948755264282227,1.1503405570983887,0.15005801618099213,-0.8907468914985657,-1.7745589017868042,-2.520724296569824,87.09671020507812,49.25203323364258,22.37512969970703,12.143166542053223,9.794839859008789,7.480609893798828,6.839473724365234,5.450305461883545,5.906658172607422,5.417542934417725,6.0734429359436035,6.801856517791748,8.034822463989258,795.5072510867662,612.8982407227352,1455.2609430758564,879.3808785955468,1460.3624426800272,1267.9581747675263,0.015009373426437378,0.034401509910821915,0.21450500190258026,0.22754986584186554,0.2369755506515503,0.24980248510837555,0.2821806073188782,0.29282087087631226,0.2995080053806305,0.31099337339401245,0.3464864492416382,0.5617154836654663,0.5182285904884338,0.3076421022415161,0.2787705957889557,0.3094566762447357,0.3239153325557709,0.3368416130542755,0.3585412800312042,0.38239341974258423,0.38570576906204224,0.39797115325927734,0.3260200619697571,0.40487703680992126,0.328155517578125,0.30368590354919434,0.014451305318322982,0.025711237278620503
137,cello_077.aiff,cello,-518.23388671875,27.517375946044922,11.085270881652832,9.473414421081543,9.09640884399414,6.453365802764893,4.133731365203857,3.1867263317108154,2.087587833404541,0.8175089955329895,-0.1804218292236328,-0.5042819976806641,-0.870851993560791,69.11954498291016,35.92959976196289,15.969023704528809,8.646997451782227,7.589222431182861,5.857015132904053,5.475096225738525,4.331943511962891,4.361356258392334,5.065011978149414,5.917641639709473,5.8874711990356445,6.322470664978027,718.7511183576066,574.0615792123333,1416.7149975005657,873.7832792401374,1183.5184075030218,1101.8732764763156,0.0072921449318528175,0.02356727048754692,0.29317423701286316,0.34290727972984314,0.3789953589439392,0.3032580316066742,0.2839184105396271,0.3205128610134125,0.4040593206882477,0.4128016233444214,0.3089887201786041,0.2581367790699005,0.2053278386592865,0.2314833551645279,0.347271591424942,0.3681902587413788,0.4120025038719177,0.34429872035980225,0.336492657661438,0.35755544900894165,0.4005613327026367,0.41750550270080566,0.33393582701683044,0.31093400716781616,0.2719072103500366,0.30288511514663696,0.015847893308186062,0.02755779862497576
138,cello_078.aiff,cello,-561.2557373046875,23.920053482055664,12.049836158752441,9.508853912353516,7.638927459716797,5.385646343231201,3.7090091705322266,3.707881212234497,3.5777337551116943,3.3929052352905273,3.116515636444092,2.991910696029663,2.2379260063171387,65.94986724853516,35.29427719116211,17.505645751953125,9.715932846069336,6.842846870422363,6.517749786376953,7.22471809387207,5.886532783508301,6.322822093963623,6.558919906616211,5.556294918060303,5.322146415710449,5.980092525482178,749.8632704850367,641.0648013316973,1499.8696928518102,914.0831754325687,1273.4167341436503,1294.0296409747687,0.004764256998896599,0.01923161931335926,0.42957019805908203,0.4943751394748688,0.5321431159973145,0.5111227035522461,0.3995151221752167,0.41100776195526123,0.46460142731666565,0.5765171647071838,0.5151278376579285,0.4048912525177002,0.3430933654308319,0.33974194526672363,0.33097144961357117,0.3708806335926056,0.3953080177307129,0.3933134973049164,0.3533238470554352,0.3630497455596924,0.38413697481155396,0.4319811463356018,0.3959605395793915,0.337660551071167,0.3092818856239319,0.27887463569641113,0.009788092611047836,0.02515327277343346
139,cello_079.aiff,cello,-375.02215576171875,97.4173583984375,31.791990280151367,25.57625389099121,19.115161895751953,13.578208923339844,10.435894012451172,11.575238227844238,7.322718143463135,4.819623947143555,5.99653959274292,6.501703262329102,2.1137845516204834,84.13365173339844,66.63814544677734,17.619279861450195,12.734264373779297,9.462244033813477,7.915284156799316,7.443235874176025,6.338003158569336,6.588347911834717,7.4863433837890625,6.064995765686035,5.780652046203613,7.840539932250977,631.1607233298059,529.9275846562455,1489.6690735857921,735.9363685883401,984.4056568400865,1346.0661594353824,0.11262676864862442,0.10380873829126358,0.3792964518070221,0.40525591373443604,0.42958545684814453,0.45528218150138855,0.4822600483894348,0.47540202736854553,0.5065732598304749,0.4678193926811218,0.4596071243286133,0.40657562017440796,0.34717074036598206,0.3510963022708893,0.35666030645370483,0.375120609998703,0.4003906846046448,0.4234723150730133,0.42257145047187805,0.4100189805030823,0.41645848751068115,0.37764739990234375,0.3754916489124298,0.3331165313720703,0.31551384925842285,0.3198292553424835,0.011434847683910307,0.014486273396530452
140,cello_080.aiff,cello,-358.1921691894531,88.31192016601562,17.17620086669922,18.516216278076172,15.26625919342041,9.924280166625977,8.341265678405762,9.505120277404785,5.756739616394043,5.3903985023498535,8.225395202636719,7.685091972351074,3.478884696960449,79.32683563232422,55.89992904663086,11.437851905822754,9.060301780700684,7.007469654083252,7.686776161193848,7.13840913772583,6.012106418609619,6.605790615081787,6.739336013793945,5.748659610748291,5.516530513763428,6.896123886108398,692.915105290741,505.77309141911167,1542.266283266193,716.9998604316337,1146.2703426215041,1355.933220232785,0.12068872898817062,0.09639435261487961,0.3875417113304138,0.4336749315261841,0.435665488243103,0.4369484484195709,0.4302459955215454,0.4393920302391052,0.42849671840667725,0.41055113077163696,0.3905372619628906,0.35776790976524353,0.339919775724411,0.3127666711807251,0.37630727887153625,0.40009525418281555,0.4125231206417084,0.43689385056495667,0.450435072183609,0.4560571610927582,0.44337499141693115,0.42005714774131775,0.39849480986595154,0.3719637989997864,0.35485363006591797,0.31478211283683777,0.013225355518598969,0.01797081083995825
141,cello_081.aiff,cello,-380.89996337890625,92.09889221191406,21.581890106201172,21.987897872924805,23.320371627807617,10.906240463256836,8.953861236572266,11.180068969726562,8.427444458007812,5.691953659057617,6.30942964553833,7.5118608474731445,3.778048276901245,108.31607818603516,76.76730346679688,19.206008911132812,12.119542121887207,11.08633804321289,11.35396957397461,10.503162384033203,6.817023277282715,7.701711654663086,8.635834693908691,7.079937934875488,5.369588375091553,8.599455833435059,688.9513809843612,457.9170732349721,1542.79467310496,766.2861717195409,1180.5878930643735,1377.2345533567154,0.11088061332702637,0.12028169631958008,0.41667506098747253,0.4408310055732727,0.4684760272502899,0.49655795097351074,0.5370526313781738,0.5474140644073486,0.5864327549934387,0.5640283823013306,0.5270674228668213,0.48224005103111267,0.4198625087738037,0.37297192215919495,0.3390267789363861,0.34972310066223145,0.38092130422592163,0.42023637890815735,0.42961710691452026,0.4264826774597168,0.41158923506736755,0.3766545355319977,0.3638319969177246,0.34650662541389465,0.311990886926651,0.29924851655960083,0.012717978344868859,0.015645728307332095
142,cello_082.aiff,cello,-402.5338439941406,71.97113800048828,10.877660751342773,23.50039291381836,18.183372497558594,9.97164249420166,10.15468978881836,9.422187805175781,7.594629287719727,5.782547473907471,7.417154788970947,8.327045440673828,3.220902442932129,129.9739990234375,74.69062805175781,26.87606430053711,14.37076187133789,10.244049072265625,11.709879875183105,8.883524894714355,7.537520885467529,7.99963903427124,8.695960998535156,6.262000560760498,5.754538536071777,9.351502418518066,718.1764968236465,530.4243139968964,1539.524216969782,763.8840543133168,1231.9253629284876,1431.894179324831,0.08435824513435364,0.10623938590288162,0.4617752730846405,0.5324207544326782,0.5610783696174622,0.5415931940078735,0.5528991222381592,0.5456724166870117,0.5593417286872864,0.5252054333686829,0.4788461923599243,0.41426917910575867,0.3694593608379364,0.3890050947666168,0.34089386463165283,0.3586006760597229,0.40405750274658203,0.4152787923812866,0.43486952781677246,0.4360440671443939,0.4162801206111908,0.3830333948135376,0.3650507628917694,0.3242294490337372,0.2998884916305542,0.31125056743621826,0.012559883380080928,0.016954273004915348
143,cello_083.aiff,cello,-398.09149169921875,74.8608627319336,10.99775505065918,23.423816680908203,18.099939346313477,9.370991706848145,9.666566848754883,8.845919609069824,6.618180274963379,5.161355495452881,6.727688312530518,7.921705722808838,2.6893460750579834,134.1196746826172,78.45134735107422,26.9747371673584,15.409758567810059,10.966743469238281,11.946557998657227,8.992920875549316,7.59047794342041,8.189085960388184,8.591432571411133,6.227799415588379,5.805755138397217,9.202258110046387,708.4309069729156,486.375325388543,1521.5616509669696,770.2767110363956,1230.2234628743295,1418.6976503874384,0.08437271416187286,0.10654150694608688,0.4330691397190094,0.48669496178627014,0.513152003288269,0.5298084020614624,0.562357485294342,0.5634679198265076,0.5878806710243225,0.5470618605613708,0.4996814727783203,0.4292677044868469,0.37884363532066345,0.38423392176628113,0.3377533555030823,0.36191630363464355,0.40488123893737793,0.4235483407974243,0.4343435764312744,0.428466796875,0.404349684715271,0.3749469220638275,0.3606867492198944,0.3189504146575928,0.2972456216812134,0.3081321716308594,0.012657367401668652,0.015798076491147735
144,cello_084.aiff,cello,-350.4967956542969,103.72257232666016,21.873580932617188,20.30084800720215,20.00261688232422,11.152130126953125,6.092668056488037,8.952497482299805,3.7969253063201904,1.5895780324935913,6.854951858520508,8.662164688110352,2.596728801727295,80.94073486328125,60.21072769165039,15.115825653076172,11.206262588500977,9.497621536254883,8.137001991271973,7.739595413208008,6.722514629364014,7.140079498291016,7.097497463226318,5.403406143188477,5.888227939605713,6.148930549621582,602.0983408279337,523.7788782635158,1351.9901029457624,680.7531911126578,893.4421206480705,1157.536747622646,0.12875641882419586,0.10137668997049332,0.28492477536201477,0.3157966732978821,0.29478785395622253,0.31028124690055847,0.3420967757701874,0.34387412667274475,0.40974003076553345,0.35444530844688416,0.3169013559818268,0.2956255376338959,0.28320983052253723,0.285549521446228,0.3280910551548004,0.3582536280155182,0.3619181215763092,0.37515658140182495,0.38807690143585205,0.3766562044620514,0.42826569080352783,0.3713756501674652,0.3526022434234619,0.33295077085494995,0.31701844930648804,0.29927903413772583,0.015148890669942473,0.018069347885981555
145,cello_085.aiff,cello,-328.28277587890625,90.46256256103516,6.975247859954834,16.011493682861328,13.93619441986084,7.009995460510254,5.037583827972412,10.857553482055664,3.353252649307251,3.227712869644165,5.2734150886535645,6.325846195220947,0.5539277791976929,92.45354461669922,49.74833297729492,13.586799621582031,9.731487274169922,7.052548885345459,8.131805419921875,6.223487854003906,6.224303722381592,5.782687664031982,6.626510143280029,5.91250467300415,5.243224143981934,6.444945812225342,720.6258439779778,502.09047259984874,1429.8406370417692,710.0785851265356,1190.939849139547,1235.2514698250413,0.15706612169742584,0.10519976913928986,0.2836686968803406,0.28794071078300476,0.29383203387260437,0.289630264043808,0.339051216840744,0.31958693265914917,0.3264983594417572,0.3267887830734253,0.27671244740486145,0.2455485314130783,0.22976170480251312,0.23438984155654907,0.356052428483963,0.3719950020313263,0.39290904998779297,0.39920470118522644,0.4372005760669708,0.40391358733177185,0.39389848709106445,0.3999960720539093,0.3551991581916809,0.32182076573371887,0.3208172917366028,0.32437026500701904,0.022060089935137972,0.020133087125321802
146,cello_086.aiff,cello,-374.658447265625,81.31573486328125,14.055540084838867,18.94137954711914,21.5839786529541,7.407491207122803,8.016119956970215,10.812557220458984,5.860387802124023,3.8461899757385254,6.910006999969482,8.022690773010254,3.491758108139038,95.76388549804688,67.00968933105469,21.400209426879883,11.28796100616455,11.216144561767578,10.943857192993164,8.410054206848145,6.1373724937438965,7.426577091217041,7.9411749839782715,5.5211710929870605,5.072022914886475,6.787428379058838,680.7541305923246,505.54989503562194,1444.596324703867,766.1875239082267,1166.7412631482964,1344.0693882322855,0.1058315634727478,0.11535277217626572,0.3635072112083435,0.41958004236221313,0.4462875425815582,0.4524717628955841,0.47948557138442993,0.49381738901138306,0.5137158036231995,0.4776899516582489,0.4412413537502289,0.40066277980804443,0.3548520803451538,0.3376832902431488,0.33876025676727295,0.3759974539279938,0.4093643128871918,0.42278507351875305,0.427613228559494,0.4168930649757385,0.42338109016418457,0.40070003271102905,0.37317508459091187,0.3459109365940094,0.3246825933456421,0.31053781509399414,0.014842205737010542,0.017276651363632697
147,cello_087.aiff,cello,-376.7019958496094,70.61251068115234,4.150752067565918,26.16536521911621,18.37042808532715,8.035334587097168,9.256692886352539,9.132853507995605,4.553847789764404,3.8358876705169678,6.832185745239258,6.612730979919434,3.3675386905670166,106.65559387207031,44.22715759277344,26.786754608154297,13.743194580078125,9.161197662353516,9.009227752685547,6.7209672927856445,6.505593299865723,8.42212963104248,7.858858585357666,5.533705234527588,6.192046642303467,7.933181285858154,812.3076016950265,486.5763492175558,1579.0334067056726,753.3031520351673,1532.7714969791946,1396.117880067847,0.11169147491455078,0.11044107377529144,0.36449819803237915,0.4341621994972229,0.4716781675815582,0.4781073033809662,0.5081992745399475,0.49580737948417664,0.4769443869590759,0.44838133454322815,0.415734201669693,0.37473952770233154,0.32658863067626953,0.31757086515426636,0.3535146415233612,0.37412863969802856,0.41381388902664185,0.4285753071308136,0.43981674313545227,0.44650331139564514,0.42933982610702515,0.41137662529945374,0.38528987765312195,0.3609653115272522,0.3286416828632355,0.3176661431789398,0.019933796467464373,0.022718354097028003
148,cello_088.aiff,cello,-392.86688232421875,49.543270111083984,7.242452621459961,25.765602111816406,16.02496337890625,8.372661590576172,8.84630298614502,8.224322319030762,5.035608291625977,3.9813883304595947,5.732603549957275,5.550703048706055,3.8542962074279785,118.13695526123047,41.82491683959961,26.19754981994629,15.595829010009766,8.331012725830078,9.742620468139648,7.106770038604736,7.388655185699463,9.657771110534668,9.11178207397461,7.193958759307861,6.74916934967041,7.806954860687256,885.3221817629537,548.49939516495,1680.8092082089058,732.9756296096987,1679.2258339300809,1487.1789821056636,0.07607623189687729,0.08891505002975464,0.40807822346687317,0.47791796922683716,0.5187535881996155,0.5224561095237732,0.5452303886413574,0.5279086232185364,0.5129189491271973,0.49552255868911743,0.4489386975765228,0.3985784351825714,0.344882994890213,0.34626585245132446,0.3553844094276428,0.3710354268550873,0.41171514987945557,0.43151235580444336,0.44468826055526733,0.4500376582145691,0.43158623576164246,0.4125889837741852,0.3803401291370392,0.3506163954734802,0.3188159763813019,0.3199232518672943,0.021058947885361883,0.025416822462803676
149,cello_089.aiff,cello,-392.86688232421875,49.543270111083984,7.242452621459961,25.765602111816406,16.02496337890625,8.372661590576172,8.84630298614502,8.224322319030762,5.035608291625977,3.9813883304595947,5.732603549957275,5.550703048706055,3.8542962074279785,118.13695526123047,41.82491683959961,26.19754981994629,15.595829010009766,8.331012725830078,9.742620468139648,7.106770038604736,7.388655185699463,9.657771110534668,9.11178207397461,7.193958759307861,6.74916934967041,7.806954860687256,885.3221817629537,548.49939516495,1680.8092082089058,732.9756296096987,1679.2258339300809,1487.1789821056636,0.07607623189687729,0.08891505002975464,0.40807822346687317,0.47791796922683716,0.5187535881996155,0.5224561095237732,0.5452303886413574,0.5279086232185364,0.5129189491271973,0.49552255868911743,0.4489386975765228,0.3985784351825714,0.344882994890213,0.34626585245132446,0.3553844094276428,0.3710354268550873,0.41171514987945557,0.43151235580444336,0.44468826055526733,0.4500376582145691,0.43158623576164246,0.4125889837741852,0.3803401291370392,0.3506163954734802,0.3188159763813019,0.3199232518672943,0.021058947885361883,0.025416822462803676
150,cello_090.aiff,cello,-442.1984558105469,33.83576583862305,7.780162334442139,15.493058204650879,9.260603904724121,7.629961013793945,7.473665714263916,6.0636887550354,3.771894931793213,3.8377790451049805,6.62394905090332,4.550507545471191,5.770082950592041,78.46317291259766,32.94361877441406,11.74415397644043,8.744922637939453,5.8194708824157715,6.319124698638916,5.736871242523193,6.8963727951049805,8.907692909240723,8.647282600402832,6.256244659423828,9.603311538696289,10.911128044128418,944.9180742422922,615.6895603357783,1744.0985054971995,719.1696760351294,1737.3611353005574,1569.0989589959581,0.035133082419633865,0.047629211097955704,0.4245924949645996,0.49247485399246216,0.5512067079544067,0.5914388298988342,0.5865591168403625,0.5815585851669312,0.5598351955413818,0.5491159558296204,0.5042606592178345,0.45750874280929565,0.40767574310302734,0.3590461313724518,0.35041141510009766,0.38193178176879883,0.40616849064826965,0.43140506744384766,0.4499760866165161,0.45734620094299316,0.4458106458187103,0.4252183139324188,0.39631152153015137,0.37025153636932373,0.331350177526474,0.3087702691555023,0.023413730166628753,0.031159724022855936
151,double_bass_001.aiff,double_bass,-337.5108337402344,115.99642181396484,44.61662673950195,27.054441452026367,33.95570755004883,32.98237991333008,20.783550262451172,14.435428619384766,14.943452835083008,10.872696876525879,3.033781051635742,1.4381558895111084,2.637406587600708,75.98700714111328,62.55283737182617,15.459541320800781,11.88399600982666,8.753677368164062,9.23727798461914,6.466899871826172,6.674302577972412,5.34588098526001,5.9175705909729,8.43768310546875,7.563343524932861,6.031859874725342,669.8085462682316,445.8830466471876,1604.844238398296,757.0457891771878,1375.6438078703704,1699.8637704198945,0.19450150430202484,0.17141233384609222,0.435574471950531,0.34123915433883667,0.2983860969543457,0.31484079360961914,0.4169001281261444,0.5321841835975647,0.5924955606460571,0.6000831127166748,0.6239945292472839,0.6072670817375183,0.5102055072784424,0.45948535203933716,0.34242936968803406,0.2600027918815613,0.2619929313659668,0.27694275975227356,0.317664235830307,0.35204532742500305,0.3206935524940491,0.29872387647628784,0.26133185625076294,0.28846830129623413,0.29508811235427856,0.33729973435401917,0.007488318758573388,0.0056132074739524895
152,double_bass_002.aiff,double_bass,-358.4394836425781,94.57694244384766,33.82607650756836,19.512670516967773,31.083572387695312,31.42212677001953,17.71552085876465,9.175275802612305,9.650035858154297,7.393148899078369,2.265536069869995,1.8268553018569946,3.243304967880249,61.68109130859375,52.80986022949219,14.206732749938965,10.98232650756836,9.381464958190918,10.551928520202637,7.468546390533447,8.951987266540527,6.371249198913574,6.174436569213867,8.157572746276855,7.055178165435791,5.78449821472168,652.2161497355366,360.0369651250185,1567.7446873690794,652.7082846445564,1179.6701952525268,1356.600183967732,0.10265578329563141,0.09487549960613251,0.340239018201828,0.3577692210674286,0.4254847764968872,0.43649613857269287,0.40690144896507263,0.3972782790660858,0.41587111353874207,0.4470452666282654,0.41185349225997925,0.38703250885009766,0.3457050919532776,0.3362262547016144,0.34753116965293884,0.34623679518699646,0.39067375659942627,0.37871253490448,0.3236004114151001,0.33803248405456543,0.3502481281757355,0.37157928943634033,0.3111402690410614,0.3355558514595032,0.2936866879463196,0.30648189783096313,0.00709282241555783,0.005136495547666192
153,double_bass_003.aiff,double_bass,-288.6816711425781,108.86471557617188,21.75455093383789,21.283517837524414,28.927650451660156,28.26486587524414,10.358861923217773,6.723453044891357,3.5979273319244385,4.691027641296387,-1.5730915069580078,2.842334508895874,1.6229130029678345,100.81500244140625,43.03628158569336,22.60512351989746,12.299957275390625,7.227505683898926,6.280417442321777,8.092938423156738,9.69249439239502,7.4512128829956055,6.995970726013184,9.111034393310547,5.245850563049316,5.0364179611206055,907.2000977230073,282.0567011428902,1927.9258872891207,551.5551433373009,1973.6301744382367,1195.602415667063,0.21980945765972137,0.17627756297588348,0.5653834342956543,0.7002760171890259,0.5812463760375977,0.36978161334991455,0.3131805956363678,0.3291727900505066,0.3576750159263611,0.3632444143295288,0.349548876285553,0.319649875164032,0.304363489151001,0.4258241653442383,0.2701147794723511,0.2448340654373169,0.3305028975009918,0.30951574444770813,0.3640958070755005,0.3981840908527374,0.41125237941741943,0.3818342983722687,0.37031999230384827,0.3318215310573578,0.2973092496395111,0.30797919631004333,0.007476746684675835,0.006627163307383391
154,double_bass_004.aiff,double_bass,-352.61822509765625,99.22917175292969,35.115135192871094,27.7802734375,28.42983627319336,24.907873153686523,14.675861358642578,12.161775588989258,11.936017990112305,9.759566307067871,0.8064863681793213,1.393395185470581,3.1598455905914307,102.40274810791016,72.43475341796875,21.505889892578125,18.037464141845703,15.662399291992188,13.730073928833008,10.694319725036621,8.332937240600586,6.617067813873291,6.439074516296387,8.692873001098633,6.783711910247803,5.8285980224609375,550.4648380984409,414.9646887524288,1395.9115474737055,846.4695803134224,905.0986141859673,1229.2472987644333,0.17208877205848694,0.15864874422550201,0.4855769872665405,0.3436344265937805,0.2445182502269745,0.2142878919839859,0.23765337467193604,0.2849143445491791,0.3140234053134918,0.33857274055480957,0.49787864089012146,0.6156976222991943,0.6651278734207153,0.5990926027297974,0.3775804340839386,0.30423498153686523,0.2781164348125458,0.29147469997406006,0.30555346608161926,0.31007516384124756,0.3120032846927643,0.27815473079681396,0.3043910562992096,0.33913999795913696,0.32441726326942444,0.34172073006629944,0.007661492038487739,0.014170759276329062
155,double_bass_005.aiff,double_bass,-368.95703125,77.85778045654297,26.027956008911133,17.453411102294922,22.818740844726562,20.253005981445312,12.291009902954102,8.57736587524414,9.808159828186035,6.4550018310546875,0.6539601683616638,0.5639180541038513,2.771193265914917,76.87947082519531,65.09153747558594,20.72881317138672,13.981886863708496,15.588019371032715,13.791916847229004,9.161517143249512,8.274580955505371,7.871211528778076,6.497302055358887,7.719080448150635,6.491868495941162,4.7004313468933105,557.4359359469905,616.510874815334,1269.99345574573,884.544694529855,939.278638380493,1336.7627926553787,0.10570094734430313,0.1289992779493332,0.3213040828704834,0.3165235221385956,0.34049519896507263,0.3355368375778198,0.3428700566291809,0.34821438789367676,0.35356515645980835,0.3392215073108673,0.3332418203353882,0.32139015197753906,0.29417526721954346,0.29574787616729736,0.37007519602775574,0.3665616512298584,0.3915728032588959,0.36867856979370117,0.3717344403266907,0.39187756180763245,0.39583513140678406,0.37181156873703003,0.3503102660179138,0.33381929993629456,0.320430189371109,0.33808839321136475,0.009609836595273265,0.01987367466686326
156,double_bass_006.aiff,double_bass,-348.8697814941406,107.998291015625,38.546695709228516,22.874752044677734,32.56874465942383,32.30636978149414,19.681440353393555,14.34795093536377,13.712879180908203,9.277074813842773,2.303830146789551,0.6475774049758911,1.8985430002212524,85.6661148071289,71.92589569091797,18.271900177001953,12.49284553527832,12.257244110107422,12.552882194519043,6.611227035522461,6.218809604644775,5.370906829833984,5.691760063171387,9.137285232543945,9.088343620300293,6.464240074157715,690.4003130504555,477.95529418443545,1607.900049988706,823.2958187053255,1536.7014326287444,1865.5066926098991,0.17959345877170563,0.17230042815208435,0.45299404859542847,0.35665208101272583,0.3075125813484192,0.32099080085754395,0.4200748801231384,0.5474172830581665,0.6216628551483154,0.6058413982391357,0.6104238629341125,0.5854972004890442,0.5076224207878113,0.46699538826942444,0.3507118821144104,0.26714539527893066,0.25822409987449646,0.27180442214012146,0.31158554553985596,0.3493500053882599,0.3068901002407074,0.26738566160202026,0.25123417377471924,0.2755225896835327,0.2836165130138397,0.33557096123695374,0.007657925758136095,0.005773307339314637
157,double_bass_007.aiff,double_bass,-302.88214111328125,48.53211975097656,3.492933750152588,21.381908416748047,12.201483726501465,17.37578010559082,7.7008748054504395,6.97503137588501,0.8444488048553467,5.068742752075195,-2.3316776752471924,2.3711209297180176,2.1337990760803223,132.05392456054688,31.13525390625,19.471527099609375,12.455806732177734,9.235157012939453,10.289478302001953,7.376565456390381,7.293152332305908,6.2328972816467285,5.907104969024658,7.3639373779296875,5.362297534942627,4.948832988739014,1407.4294655429455,857.1928164633622,1964.6849058596297,1094.5683048455355,3450.0644259982637,2204.17027146139,0.10463539510965347,0.09635088592767715,0.2158105969429016,0.268603652715683,0.26144298911094666,0.2548004388809204,0.2820076048374176,0.32375434041023254,0.34822145104408264,0.2811266779899597,0.21206684410572052,0.16630689799785614,0.15187479555606842,0.1531912237405777,0.29531580209732056,0.31098997592926025,0.32174959778785706,0.32216787338256836,0.34420517086982727,0.38813143968582153,0.4241379201412201,0.3489360511302948,0.29244983196258545,0.24352815747261047,0.21878014504909515,0.20394058525562286,0.03256966547710905,0.03739995901143955
158,double_bass_008.aiff,double_bass,-347.330810546875,124.62117767333984,27.432201385498047,19.48909568786621,33.09619903564453,32.96916961669922,14.750099182128906,9.877395629882812,7.715511798858643,6.091850757598877,0.30164557695388794,1.632563829421997,1.3627674579620361,100.08782958984375,63.45604705810547,20.29608917236328,15.226133346557617,9.473746299743652,9.349081993103027,9.24294376373291,10.297883033752441,8.862405776977539,8.134221076965332,10.156071662902832,8.07495403289795,7.7555623054504395,633.5759702779877,318.57962702464727,1493.693476925822,599.2313442312118,1123.0551430691073,1194.7222723932528,0.16138756275177002,0.12711690366268158,0.349099725484848,0.3436802327632904,0.39204978942871094,0.40119117498397827,0.3837796151638031,0.3691848814487457,0.37191444635391235,0.4049621522426605,0.3642357289791107,0.34670883417129517,0.32804974913597107,0.3411794602870941,0.37160083651542664,0.35086336731910706,0.3774496018886566,0.3675822615623474,0.316263347864151,0.3459126353263855,0.35015738010406494,0.37150174379348755,0.29524552822113037,0.318583220243454,0.3061066269874573,0.3393627107143402,0.009590660053011677,0.007317624281048513
159,double_bass_009.aiff,double_bass,-290.2745361328125,114.35291290283203,15.023886680603027,18.420196533203125,29.822553634643555,29.197982788085938,7.664727210998535,5.156295299530029,0.17118839919567108,3.027392625808716,-4.4250807762146,3.176119804382324,2.959324836730957,124.70792388916016,44.783443450927734,24.099506378173828,13.648876190185547,6.222747802734375,6.303852558135986,10.063506126403809,9.227194786071777,9.48076057434082,6.910104274749756,10.927729606628418,5.842939376831055,4.918533802032471,858.9228427845035,199.681833536524,1786.7136859921918,493.78650855128785,1638.5882651969177,851.499247681658,0.21733726561069489,0.14986015856266022,0.440090149641037,0.6956266760826111,0.6021900773048401,0.29306280612945557,0.15276329219341278,0.16812296211719513,0.2584584951400757,0.378206729888916,0.22511768341064453,0.18149012327194214,0.14711005985736847,0.258098304271698,0.24654653668403625,0.24191217124462128,0.35237953066825867,0.23045633733272552,0.2409915179014206,0.30478912591934204,0.3496066927909851,0.43074604868888855,0.26661884784698486,0.2280285358428955,0.20452211797237396,0.24946840107440948,0.009229184503424658,0.006209887467469137
160,double_bass_010.aiff,double_bass,-368.95257568359375,102.76203918457031,35.32590866088867,26.66737174987793,30.728118896484375,25.2246150970459,14.104089736938477,12.693134307861328,10.538315773010254,9.756990432739258,1.7542036771774292,0.6410213708877563,0.9557873606681824,114.02147674560547,80.18463134765625,25.135934829711914,19.655899047851562,18.403348922729492,14.605194091796875,11.341444969177246,8.796114921569824,7.2121171951293945,6.559720993041992,8.407123565673828,6.936979293823242,6.2264084815979,464.0846065479446,579.1920087113824,1169.1303357004938,788.5421964311279,680.4865791970623,1175.629298813441,0.18401695787906647,0.18417805433273315,0.43499207496643066,0.2886645495891571,0.18906980752944946,0.15964950621128082,0.18431846797466278,0.23189924657344818,0.2676336169242859,0.3113962411880493,0.4995661675930023,0.6457991003990173,0.6657183170318604,0.5729758143424988,0.37706395983695984,0.28863030672073364,0.24888579547405243,0.2482263594865799,0.25558337569236755,0.2756509482860565,0.2823180854320526,0.26501667499542236,0.31879016757011414,0.3731997013092041,0.3397727310657501,0.35022005438804626,0.008336208596214511,0.014655581074716945
161,double_bass_011.aiff,double_bass,-337.42657470703125,78.67833709716797,8.371317863464355,22.398780822753906,18.626285552978516,13.606058120727539,6.634827136993408,4.583702087402344,5.874114036560059,6.954098701477051,-0.6611537337303162,2.3603432178497314,4.838386535644531,111.58602142333984,55.800689697265625,19.588481903076172,15.4589204788208,12.143328666687012,10.081977844238281,8.62611198425293,7.4105916023254395,6.974076271057129,5.998173236846924,6.1780476570129395,5.567424297332764,4.675177574157715,987.0618583417123,861.8945361954641,1617.9690176117924,1081.5872363489236,2231.3858133278145,2448.2085785616723,0.1222514808177948,0.1502913236618042,0.18603792786598206,0.1069827750325203,0.13641616702079773,0.15169790387153625,0.10844473540782928,0.16234488785266876,0.2554236650466919,0.30967453122138977,0.3902205526828766,0.45180758833885193,0.3897132873535156,0.3135931193828583,0.26666852831840515,0.17620497941970825,0.2539273500442505,0.2558043897151947,0.18390551209449768,0.2545444667339325,0.312190979719162,0.35156506299972534,0.3476560711860657,0.3674503564834595,0.3439887762069702,0.34376391768455505,0.01477547377601703,0.021743973533119496
162,double_bass_012.aiff,double_bass,-335.4603576660156,57.50685119628906,6.381875991821289,20.993120193481445,12.992020606994629,13.415804862976074,7.385029315948486,7.271020889282227,4.319262504577637,5.6211090087890625,-1.8639401197433472,0.31801551580429077,1.8479279279708862,114.87332153320312,42.219173431396484,18.329254150390625,13.843781471252441,10.620804786682129,9.584033012390137,8.242244720458984,9.151373863220215,6.739938735961914,5.651009559631348,7.548245429992676,5.817160606384277,4.826814651489258,1081.2311652397468,803.144635116945,1732.9320698175734,1112.483803801288,2624.884789688879,2356.6183486341556,0.12158770859241486,0.15105797350406647,0.20153138041496277,0.22982057929039001,0.24194610118865967,0.22286319732666016,0.23954850435256958,0.28611183166503906,0.32030391693115234,0.2515389323234558,0.24413436651229858,0.23861603438854218,0.20672164857387543,0.18069574236869812,0.2937556803226471,0.3127369284629822,0.30674463510513306,0.3018871545791626,0.3253604769706726,0.3763112425804138,0.41399750113487244,0.3180272877216339,0.30762436985969543,0.3040967285633087,0.27533721923828125,0.25571876764297485,0.016112922087624125,0.02212259182002588
163,double_bass_013.aiff,double_bass,-302.88214111328125,48.53211975097656,3.492933750152588,21.381908416748047,12.201483726501465,17.37578010559082,7.7008748054504395,6.97503137588501,0.8444488048553467,5.068742752075195,-2.3316776752471924,2.3711209297180176,2.1337990760803223,132.05392456054688,31.13525390625,19.471527099609375,12.455806732177734,9.235157012939453,10.289478302001953,7.376565456390381,7.293152332305908,6.2328972816467285,5.907104969024658,7.3639373779296875,5.362297534942627,4.948832988739014,1407.4294655429455,857.1928164633622,1964.6849058596297,1094.5683048455355,3450.0644259982637,2204.17027146139,0.10463539510965347,0.09635088592767715,0.2158105969429016,0.268603652715683,0.26144298911094666,0.2548004388809204,0.2820076048374176,0.32375434041023254,0.34822145104408264,0.2811266779899597,0.21206684410572052,0.16630689799785614,0.15187479555606842,0.1531912237405777,0.29531580209732056,0.31098997592926025,0.32174959778785706,0.32216787338256836,0.34420517086982727,0.38813143968582153,0.4241379201412201,0.3489360511302948,0.29244983196258545,0.24352815747261047,0.21878014504909515,0.20394058525562286,0.03256966547710905,0.03739995901143955
164,double_bass_014.aiff,double_bass,-348.8697814941406,107.998291015625,38.546695709228516,22.874752044677734,32.56874465942383,32.30636978149414,19.681440353393555,14.34795093536377,13.712879180908203,9.277074813842773,2.303830146789551,0.6475774049758911,1.8985430002212524,85.6661148071289,71.92589569091797,18.271900177001953,12.49284553527832,12.257244110107422,12.552882194519043,6.611227035522461,6.218809604644775,5.370906829833984,5.691760063171387,9.137285232543945,9.088343620300293,6.464240074157715,690.4003130504555,477.95529418443545,1607.900049988706,823.2958187053255,1536.7014326287444,1865.5066926098991,0.17959345877170563,0.17230042815208435,0.45299404859542847,0.35665208101272583,0.3075125813484192,0.32099080085754395,0.4200748801231384,0.5474172830581665,0.6216628551483154,0.6058413982391357,0.6104238629341125,0.5854972004890442,0.5076224207878113,0.46699538826942444,0.3507118821144104,0.26714539527893066,0.25822409987449646,0.27180442214012146,0.31158554553985596,0.3493500053882599,0.3068901002407074,0.26738566160202026,0.25123417377471924,0.2755225896835327,0.2836165130138397,0.33557096123695374,0.007657925758136095,0.005773307339314637
165,double_bass_015.aiff,double_bass,-347.330810546875,124.62117767333984,27.432201385498047,19.48909568786621,33.09619903564453,32.96916961669922,14.750099182128906,9.877395629882812,7.715511798858643,6.091850757598877,0.30164557695388794,1.632563829421997,1.3627674579620361,100.08782958984375,63.45604705810547,20.29608917236328,15.226133346557617,9.473746299743652,9.349081993103027,9.24294376373291,10.297883033752441,8.862405776977539,8.134221076965332,10.156071662902832,8.07495403289795,7.7555623054504395,633.5759702779877,318.57962702464727,1493.693476925822,599.2313442312118,1123.0551430691073,1194.7222723932528,0.16138756275177002,0.12711690366268158,0.349099725484848,0.3436802327632904,0.39204978942871094,0.40119117498397827,0.3837796151638031,0.3691848814487457,0.37191444635391235,0.4049621522426605,0.3642357289791107,0.34670883417129517,0.32804974913597107,0.3411794602870941,0.37160083651542664,0.35086336731910706,0.3774496018886566,0.3675822615623474,0.316263347864151,0.3459126353263855,0.35015738010406494,0.37150174379348755,0.29524552822113037,0.318583220243454,0.3061066269874573,0.3393627107143402,0.009590660053011677,0.007317624281048513
166,double_bass_016.aiff,double_bass,-290.2745361328125,114.35291290283203,15.023886680603027,18.420196533203125,29.822553634643555,29.197982788085938,7.664727210998535,5.156295299530029,0.17118839919567108,3.027392625808716,-4.4250807762146,3.176119804382324,2.959324836730957,124.70792388916016,44.783443450927734,24.099506378173828,13.648876190185547,6.222747802734375,6.303852558135986,10.063506126403809,9.227194786071777,9.48076057434082,6.910104274749756,10.927729606628418,5.842939376831055,4.918533802032471,858.9228427845035,199.681833536524,1786.7136859921918,493.78650855128785,1638.5882651969177,851.499247681658,0.21733726561069489,0.14986015856266022,0.440090149641037,0.6956266760826111,0.6021900773048401,0.29306280612945557,0.15276329219341278,0.16812296211719513,0.2584584951400757,0.378206729888916,0.22511768341064453,0.18149012327194214,0.14711005985736847,0.258098304271698,0.24654653668403625,0.24191217124462128,0.35237953066825867,0.23045633733272552,0.2409915179014206,0.30478912591934204,0.3496066927909851,0.43074604868888855,0.26661884784698486,0.2280285358428955,0.20452211797237396,0.24946840107440948,0.009229184503424658,0.006209887467469137
167,double_bass_017.aiff,double_bass,-368.95257568359375,102.76203918457031,35.32590866088867,26.66737174987793,30.728118896484375,25.2246150970459,14.104089736938477,12.693134307861328,10.538315773010254,9.756990432739258,1.7542036771774292,0.6410213708877563,0.9557873606681824,114.02147674560547,80.18463134765625,25.135934829711914,19.655899047851562,18.403348922729492,14.605194091796875,11.341444969177246,8.796114921569824,7.2121171951293945,6.559720993041992,8.407123565673828,6.936979293823242,6.2264084815979,464.0846065479446,579.1920087113824,1169.1303357004938,788.5421964311279,680.4865791970623,1175.629298813441,0.18401695787906647,0.18417805433273315,0.43499207496643066,0.2886645495891571,0.18906980752944946,0.15964950621128082,0.18431846797466278,0.23189924657344818,0.2676336169242859,0.3113962411880493,0.4995661675930023,0.6457991003990173,0.6657183170318604,0.5729758143424988,0.37706395983695984,0.28863030672073364,0.24888579547405243,0.2482263594865799,0.25558337569236755,0.2756509482860565,0.2823180854320526,0.26501667499542236,0.31879016757011414,0.3731997013092041,0.3397727310657501,0.35022005438804626,0.008336208596214511,0.014655581074716945
168,double_bass_018.aiff,double_bass,-388.3893127441406,70.60253143310547,21.65727996826172,17.262052536010742,22.38022232055664,18.465654373168945,10.7310209274292,7.947923183441162,8.197378158569336,6.1020989418029785,1.587425947189331,1.4904042482376099,3.117788553237915,85.19577026367188,68.21631622314453,18.218435287475586,12.524229049682617,16.07081413269043,12.82618236541748,8.064586639404297,7.4953436851501465,6.877162933349609,5.98782205581665,7.576528072357178,6.745229721069336,5.392516613006592,589.2631649521901,559.7213520588501,1351.0737580571042,946.497414284253,1109.6300019308987,1366.3416097926188,0.09787274152040482,0.12301917374134064,0.3468053936958313,0.3470403850078583,0.3724631667137146,0.38216209411621094,0.37803101539611816,0.38867422938346863,0.3961593210697174,0.38932931423187256,0.3841746747493744,0.37174689769744873,0.3570401966571808,0.3422746956348419,0.3674165606498718,0.36591362953186035,0.3927001655101776,0.38798046112060547,0.3784759044647217,0.4081571698188782,0.40769463777542114,0.376142293214798,0.3528539836406708,0.3410470187664032,0.32981038093566895,0.3330104947090149,0.008220732296852775,0.0187679631222907
169,double_bass_019.aiff,double_bass,-367.096435546875,68.22320556640625,9.708928108215332,15.827410697937012,19.212520599365234,16.031269073486328,5.015222549438477,5.683016300201416,4.563717365264893,3.59271502494812,-2.435678005218506,-1.1086697578430176,0.5821107029914856,106.53519439697266,57.35806655883789,16.878459930419922,11.677268028259277,12.912504196166992,10.834370613098145,8.441813468933105,7.214583873748779,6.69045352935791,6.151881217956543,9.118205070495605,7.388123989105225,5.676354885101318,687.3079162800091,587.8558061194412,1397.6542606398473,917.6456565081853,1320.5660678372524,1269.9105510895913,0.11261516809463501,0.12381117045879364,0.23759214580059052,0.28502923250198364,0.3100728988647461,0.311303973197937,0.30981338024139404,0.3057311177253723,0.30025991797447205,0.33827319741249084,0.30715006589889526,0.2788449823856354,0.20970401167869568,0.18129655718803406,0.334087073802948,0.36667317152023315,0.367110013961792,0.3817283809185028,0.38325628638267517,0.4008984863758087,0.40236368775367737,0.41286689043045044,0.36761218309402466,0.36150383949279785,0.2932441830635071,0.27110421657562256,0.011715296808698728,0.021499440527456858
170,double_bass_020.aiff,double_bass,-327.75604248046875,108.20640563964844,22.369670867919922,27.21883201599121,28.564098358154297,19.825847625732422,9.552045822143555,10.158474922180176,10.428214073181152,8.430794715881348,-0.2888932526111603,0.7899632453918457,3.0123257637023926,102.54401397705078,61.99205780029297,14.472025871276855,8.698051452636719,9.100320816040039,6.750838756561279,9.36392593383789,6.793198585510254,5.613258361816406,5.4872870445251465,9.788542747497559,8.635525703430176,6.65794563293457,706.0639378653209,241.73315676292796,1675.7866637988263,561.3552154646909,1172.1121397713162,787.6708016396642,0.16971223056316376,0.13838517665863037,0.31715941429138184,0.3179009258747101,0.40194398164749146,0.4555124342441559,0.49343055486679077,0.5071688890457153,0.4857349395751953,0.4437263011932373,0.45171722769737244,0.49693551659584045,0.4210745096206665,0.35126519203186035,0.3196345865726471,0.3098584711551666,0.38885167241096497,0.402727335691452,0.38939884305000305,0.39535418152809143,0.37333887815475464,0.36613425612449646,0.3394341468811035,0.3469926714897156,0.3028607964515686,0.322542667388916,0.009415743998344371,0.009086090539750031
171,double_bass_021.aiff,double_bass,-375.27203369140625,58.21601104736328,7.724869251251221,18.723541259765625,17.996355056762695,14.340570449829102,7.195651054382324,8.744434356689453,5.757058620452881,5.011738300323486,-2.2180159091949463,-0.9371121525764465,1.3040800094604492,110.18020629882812,47.47220230102539,17.4993953704834,12.624116897583008,12.579593658447266,9.667659759521484,8.144996643066406,7.145985126495361,6.538086414337158,5.963640213012695,9.23607349395752,7.269980430603027,5.431285381317139,754.2983927801026,587.1148082343002,1481.8992376870988,924.3928100171465,1415.6759999281057,1235.9613982312662,0.09453032910823822,0.11659751832485199,0.264943927526474,0.2905459702014923,0.3025144934654236,0.3093636631965637,0.32817763090133667,0.3203805387020111,0.3254438638687134,0.3029794991016388,0.2895362675189972,0.2934524118900299,0.26035401225090027,0.2528856098651886,0.35324519872665405,0.37020546197891235,0.37700438499450684,0.3863162100315094,0.41239020228385925,0.4122900068759918,0.4152541756629944,0.37965938448905945,0.3659851551055908,0.3524087369441986,0.32665106654167175,0.3246374726295471,0.015082985345571318,0.022766086511245204
172,double_bass_022.aiff,double_bass,-329.82196044921875,55.31559371948242,6.663607597351074,22.399599075317383,16.78583526611328,17.468034744262695,8.03762149810791,11.133953094482422,3.1094651222229004,7.260618686676025,-1.3041114807128906,1.8934974670410156,3.129817485809326,154.5476531982422,35.443519592285156,21.215009689331055,12.622102737426758,9.77322006225586,9.581453323364258,7.958959102630615,7.069146156311035,6.069777965545654,6.5503621101379395,7.557575702667236,6.507749557495117,4.787744998931885,1123.1084511704237,663.0754053802074,1845.9704557851862,907.9765059749296,2303.1741796875,1420.0262327870125,0.10179323703050613,0.08100015670061111,0.43116405606269836,0.4801427125930786,0.4609554708003998,0.3244956433773041,0.29914578795433044,0.30171099305152893,0.3130131959915161,0.31571391224861145,0.4267014265060425,0.3305455446243286,0.25072795152664185,0.2660644054412842,0.3925940990447998,0.3521169126033783,0.4231010675430298,0.3702360689640045,0.38660046458244324,0.4180152118206024,0.4355710744857788,0.3830637037754059,0.4155491590499878,0.3356158137321472,0.31595033407211304,0.28800660371780396,0.03755390625,0.04101434606636991
173,double_bass_023.aiff,double_bass,-346.4689025878906,85.47905731201172,12.045585632324219,23.87465476989746,22.409656524658203,18.501710891723633,9.836311340332031,9.12117862701416,8.727714538574219,9.799785614013672,1.7064272165298462,1.7122288942337036,3.956583023071289,106.03722381591797,49.34517288208008,19.348670959472656,8.936026573181152,9.308036804199219,8.077923774719238,7.722316741943359,7.5803937911987305,7.478372573852539,6.894999027252197,7.327080726623535,6.171787261962891,4.013640880584717,1335.2258968231195,741.0692665118975,2183.382857934317,807.1620346659397,3261.0998388083585,2591.804137997608,0.1178252324461937,0.1487758904695511,0.26032841205596924,0.17153096199035645,0.18527968227863312,0.2020845115184784,0.1742895245552063,0.2568248510360718,0.3787602186203003,0.39004936814308167,0.4847593605518341,0.57920902967453,0.5172867178916931,0.4114419221878052,0.2681291699409485,0.21246345341205597,0.27841833233833313,0.2628609836101532,0.20785664021968842,0.2903563678264618,0.35465529561042786,0.337755411863327,0.28415563702583313,0.3102734684944153,0.2968219220638275,0.32569700479507446,0.015043768825301205,0.013359086387112163
174,double_bass_024.aiff,double_bass,-352.9006652832031,48.18966293334961,4.946039199829102,21.383188247680664,13.097743034362793,13.376202583312988,6.046178817749023,7.724120140075684,4.304512977600098,5.650895595550537,-1.582165241241455,0.5734235644340515,2.154863119125366,121.5453872680664,38.978172302246094,17.442659378051758,14.871585845947266,10.198391914367676,9.718015670776367,8.262740135192871,7.506286144256592,7.052184581756592,5.8013739585876465,8.00263500213623,5.747729778289795,5.05444860458374,1148.5803949288966,867.2343606943612,1785.5566707892438,1125.635826957056,2791.533224802303,2392.0103730738138,0.10520000010728836,0.14361578226089478,0.21044747531414032,0.23264460265636444,0.23657353222370148,0.22919240593910217,0.2450016587972641,0.2912384271621704,0.31515374779701233,0.2446754276752472,0.23851102590560913,0.23659777641296387,0.22460070252418518,0.19306764006614685,0.30300185084342957,0.31615233421325684,0.29263579845428467,0.3096518814563751,0.3309023380279541,0.3749663531780243,0.41041526198387146,0.3103284537792206,0.29986321926116943,0.3041233718395233,0.28539755940437317,0.25843867659568787,0.01704161175083241,0.0245881260585483
175,double_bass_025.aiff,double_bass,-349.7249450683594,98.39717102050781,29.92782974243164,16.890369415283203,27.874547958374023,25.633831024169922,14.594164848327637,11.80940055847168,10.792530059814453,7.611231803894043,3.134387493133545,1.8625274896621704,1.985063076019287,94.67007446289062,78.31920623779297,18.183799743652344,12.816987037658691,14.000083923339844,12.350846290588379,6.7888336181640625,6.759049415588379,5.168509483337402,4.967654705047607,7.228882789611816,7.244100570678711,5.65509033203125,774.0967586997702,476.1224644573459,1726.4756568984415,805.9642040761621,1809.8649596086552,1884.840755945676,0.14178545773029327,0.16373932361602783,0.46291735768318176,0.39027437567710876,0.34075498580932617,0.3354070484638214,0.40713489055633545,0.5288596153259277,0.6317921876907349,0.6384333372116089,0.6597289443016052,0.6167405247688293,0.5135025382041931,0.4661993384361267,0.32384857535362244,0.2886391580104828,0.2781866788864136,0.2754812240600586,0.2874247431755066,0.3245779275894165,0.30772361159324646,0.2636283338069916,0.24627293646335602,0.2542962431907654,0.2649211883544922,0.3083208501338959,0.0071286986180014176,0.005754751236575881
176,double_bass_026.aiff,double_bass,-337.04229736328125,101.33419799804688,21.571945190429688,15.059147834777832,29.65604019165039,26.50721549987793,12.715863227844238,8.623102188110352,8.588876724243164,5.791167259216309,1.6009572744369507,1.4029933214187622,2.297870397567749,88.648681640625,66.93624114990234,15.654535293579102,12.831426620483398,12.451292037963867,10.898161888122559,8.059428215026855,9.160951614379883,7.406758785247803,7.371566295623779,9.50762939453125,8.546918869018555,7.150181293487549,651.4276971676092,325.6418715324705,1540.4308059197851,621.9512995865196,1166.8974008133162,1228.1422415523737,0.14420472085475922,0.12942950427532196,0.35792794823646545,0.3572198748588562,0.4052709937095642,0.4077502489089966,0.3863665461540222,0.38218438625335693,0.40062689781188965,0.4458576440811157,0.4046686887741089,0.37328070402145386,0.3521658778190613,0.35664910078048706,0.36535388231277466,0.3514828383922577,0.38342276215553284,0.36645638942718506,0.32367196679115295,0.3529534637928009,0.345027893781662,0.3775539696216583,0.30570366978645325,0.3241139352321625,0.3101547360420227,0.3237330913543701,0.008943320506840796,0.006292377778636442
177,double_bass_027.aiff,double_bass,-254.01446533203125,107.81863403320312,12.1261568069458,17.2667179107666,26.155895233154297,24.608882904052734,6.329388618469238,4.233055591583252,1.4515058994293213,3.8285977840423584,-2.1540231704711914,2.7536802291870117,0.2158830314874649,127.02037048339844,45.1636848449707,25.161916732788086,13.473883628845215,5.646533966064453,5.832982063293457,7.758065700531006,7.337992191314697,8.024503707885742,6.283194541931152,8.349238395690918,5.94993782043457,8.471636772155762,903.553180989319,185.91844301874522,1819.4097511247357,429.1277000764548,1634.72900390625,764.1092380636503,0.26838046312332153,0.19519640505313873,0.5000244379043579,0.66334068775177,0.5248509049415588,0.2272881418466568,0.12254539132118225,0.1278434693813324,0.21526147425174713,0.3116903007030487,0.1763729602098465,0.14381375908851624,0.14449843764305115,0.3195253312587738,0.316529244184494,0.28275173902511597,0.36460334062576294,0.20226354897022247,0.201125830411911,0.24498242139816284,0.2844824194908142,0.3689839839935303,0.19603489339351654,0.17864787578582764,0.17158718407154083,0.32319921255111694,0.009675366950757576,0.006464928473507162
178,double_bass_028.aiff,double_bass,-382.6894836425781,89.10739135742188,29.841060638427734,25.834516525268555,27.99176788330078,24.791683197021484,14.695820808410645,15.19013500213623,9.562677383422852,9.107732772827148,2.419384717941284,1.5792337656021118,1.4058208465576172,139.21444702148438,74.74458312988281,25.2645206451416,20.049192428588867,17.196548461914062,14.280732154846191,11.535030364990234,9.569541931152344,9.40665340423584,7.817678451538086,9.17672348022461,8.425186157226562,7.565382957458496,535.3451219860261,464.3319147430119,1333.9257535497002,791.5702067886117,824.4904506606543,1228.3538594058364,0.14582911133766174,0.16646575927734375,0.4747906029224396,0.32659539580345154,0.22221718728542328,0.19448955357074738,0.2186448872089386,0.25889262557029724,0.3172105550765991,0.3689884543418884,0.5395781397819519,0.6834193468093872,0.6784861087799072,0.5905457735061646,0.3611561059951782,0.2827538847923279,0.26921141147613525,0.2796630859375,0.28718554973602295,0.3002742528915405,0.3152554929256439,0.27842673659324646,0.3157847821712494,0.35986995697021484,0.3149532079696655,0.3337211012840271,0.0099943634647651,0.018123889198905847
179,double_bass_029.aiff,double_bass,-369.2864074707031,67.22539520263672,13.703372955322266,14.934572219848633,19.463565826416016,16.3624324798584,8.039470672607422,7.982680320739746,4.678793907165527,4.798828601837158,1.6348633766174316,0.9218093156814575,1.5830658674240112,103.694091796875,68.6723403930664,16.54018783569336,12.894339561462402,15.67294692993164,12.864294052124023,7.840048789978027,8.112439155578613,6.994070053100586,5.9089579582214355,7.584394454956055,7.328268527984619,6.273717880249023,587.2070639609166,600.2064170623049,1305.9091254744628,911.1086951981498,1032.568359375,1330.1289447975464,0.11661653965711594,0.15262000262737274,0.3031699061393738,0.30392175912857056,0.3390647768974304,0.3500111401081085,0.35472631454467773,0.37468063831329346,0.371233731508255,0.36300569772720337,0.3592243790626526,0.3435627222061157,0.3044149577617645,0.3001679480075836,0.3537239730358124,0.34929612278938293,0.3806421458721161,0.3773995041847229,0.37328624725341797,0.41016891598701477,0.38346603512763977,0.36663690209388733,0.3597944378852844,0.3360223174095154,0.3145032823085785,0.3381083011627197,0.009505321755226481,0.019891002454740927
180,double_bass_030.aiff,double_bass,-364.89202880859375,54.13710021972656,6.0395588874816895,15.316421508789062,15.256946563720703,14.270183563232422,4.664134979248047,5.957246780395508,2.887763261795044,3.835508108139038,-1.1546117067337036,-0.8314075469970703,-0.017129214480519295,122.79778289794922,51.192867279052734,15.854879379272461,11.798657417297363,11.618060111999512,10.913171768188477,7.536201000213623,6.384265899658203,6.398707389831543,5.2618632316589355,7.7760009765625,7.26409387588501,6.583998203277588,722.5557761125561,603.9774605026694,1422.3909489770608,952.2823463688661,1391.2554137194525,1258.7015103227252,0.11625204980373383,0.14707891643047333,0.2599126696586609,0.2953712046146393,0.30305716395378113,0.294674277305603,0.31584590673446655,0.2967950999736786,0.29139193892478943,0.3263196647167206,0.30274301767349243,0.2736339867115021,0.21503210067749023,0.19967812299728394,0.3487924337387085,0.3727113604545593,0.35872316360473633,0.3693597614765167,0.39098721742630005,0.3948904275894165,0.4034630358219147,0.4064934551715851,0.3662130832672119,0.3626120090484619,0.2972620129585266,0.2801051735877991,0.011737127548353371,0.020944692086921516
181,double_bass_031.aiff,double_bass,-353.9912414550781,66.51730346679688,15.561796188354492,19.259746551513672,20.130800247192383,14.745129585266113,6.436380863189697,8.595396995544434,6.529041767120361,8.368972778320312,2.6623475551605225,0.14102216064929962,1.432938575744629,106.36189270019531,61.05588150024414,18.829524993896484,15.299749374389648,14.919156074523926,11.38467788696289,11.15755844116211,9.173585891723633,8.260112762451172,7.29494571685791,7.936361312866211,9.036317825317383,6.344229698181152,620.2351613678358,591.7085171453293,1344.5360099396971,861.1124445464475,1025.9634231377665,1181.7370649630009,0.100758396089077,0.12591566145420074,0.23051141202449799,0.2430216372013092,0.32754892110824585,0.3693971633911133,0.36660313606262207,0.35179463028907776,0.31851622462272644,0.2979806959629059,0.3005216121673584,0.33359575271606445,0.28473469614982605,0.2551047205924988,0.28985831141471863,0.2909632623195648,0.3938065469264984,0.4123978614807129,0.37707674503326416,0.38267090916633606,0.3541342616081238,0.35890695452690125,0.3478247821331024,0.36102017760276794,0.3052937686443329,0.3044048249721527,0.01199563062000444,0.01972724556934032
182,double_bass_032.aiff,double_bass,-352.4569396972656,42.192771911621094,7.104342937469482,17.798791885375977,15.865570068359375,13.111989974975586,4.726933479309082,9.621706008911133,4.426239490509033,3.906254529953003,-1.413863182067871,-0.31102845072746277,1.5019910335540771,118.0904541015625,38.95772171020508,14.023560523986816,12.794938087463379,11.572541236877441,9.157125473022461,7.877363204956055,7.651918411254883,6.158682823181152,5.7513747215271,8.760651588439941,7.406799793243408,5.402368068695068,868.3931054616528,677.0188647999822,1616.524296028515,975.7071718487337,1646.2096245701764,1411.241287866213,0.10174274444580078,0.13556154072284698,0.2747732102870941,0.29831624031066895,0.3189096450805664,0.3229965269565582,0.3403315842151642,0.33422067761421204,0.3297339677810669,0.3150872588157654,0.31788700819015503,0.32333439588546753,0.29331210255622864,0.2566884160041809,0.35469409823417664,0.36749395728111267,0.3766828179359436,0.3877428472042084,0.4173266589641571,0.41652682423591614,0.4186050295829773,0.3816344439983368,0.3673766255378723,0.36344555020332336,0.34047016501426697,0.3168269693851471,0.014689111838919024,0.0255018485278631
183,double_bass_033.aiff,double_bass,-325.30718994140625,44.09764862060547,11.008711814880371,25.396472930908203,18.161975860595703,16.545520782470703,5.723200798034668,11.534631729125977,2.892807722091675,7.916684150695801,-0.5078200101852417,0.3532414436340332,2.312629461288452,195.50148010253906,27.99769401550293,21.412694931030273,13.748044967651367,10.956809997558594,9.977686882019043,10.413605690002441,7.586781024932861,7.494234085083008,6.129746913909912,7.604864597320557,7.3578715324401855,4.863374710083008,1367.419981739876,945.6466017269261,1963.3328458130313,954.1754323698707,2872.356080256802,2066.1330807694576,0.11577676236629486,0.11282627284526825,0.4187219738960266,0.39543598890304565,0.4704607129096985,0.38218092918395996,0.3932945728302002,0.32644474506378174,0.3142828643321991,0.3191920518875122,0.4154397249221802,0.3587120473384857,0.2726016938686371,0.29077428579330444,0.4021835923194885,0.3184845745563507,0.4338083267211914,0.36812734603881836,0.40760141611099243,0.4225431978702545,0.4157303273677826,0.3467886447906494,0.3977314829826355,0.31807607412338257,0.2921171188354492,0.2841304540634155,0.05149672836159306,0.06052340460596356
184,double_bass_034.aiff,double_bass,-355.9522399902344,56.767696380615234,7.686723232269287,19.93585777282715,16.149394989013672,15.23770809173584,5.640506267547607,7.059750556945801,4.774004936218262,6.099918365478516,1.8534152507781982,2.6753900051116943,2.940429449081421,129.33547973632812,49.09538650512695,17.788888931274414,14.47408390045166,11.835700988769531,10.805508613586426,9.027364730834961,7.5604963302612305,8.871505737304688,8.027495384216309,6.011305809020996,5.063648223876953,4.126897811889648,1146.0496970535921,959.5574938332516,1818.9757376192567,1110.9972849371245,2699.404575170013,2624.429180724168,0.10986553132534027,0.15291856229305267,0.18226061761379242,0.11763914674520493,0.11285015940666199,0.12234953045845032,0.12753771245479584,0.1930793970823288,0.2894570529460907,0.3356887102127075,0.4396040141582489,0.5210806131362915,0.41689935326576233,0.31453293561935425,0.24906538426876068,0.18962307274341583,0.20137058198451996,0.20167894661426544,0.20621258020401,0.2875439524650574,0.33784905076026917,0.3498642146587372,0.32883578538894653,0.388849675655365,0.33288151025772095,0.32715630531311035,0.01537622112478411,0.023088327706778575
185,double_bass_035.aiff,double_bass,-355.8250732421875,35.79386901855469,4.264185905456543,20.062917709350586,10.841239929199219,12.499724388122559,4.038521766662598,6.27976131439209,2.700493812561035,4.620316028594971,-1.4918534755706787,0.9755744934082031,2.0361387729644775,127.58948516845703,32.99876022338867,14.27153205871582,15.526992797851562,9.541522026062012,9.542562484741211,7.460264205932617,7.519529819488525,7.135997772216797,5.8069305419921875,7.983911037445068,5.543371677398682,4.9193267822265625,1187.6530380293066,878.1996777052932,1788.5453824368199,1160.9409883303547,2903.807427345037,2341.4261065915885,0.08371074497699738,0.11552070826292038,0.19928576052188873,0.20436404645442963,0.22729520499706268,0.23287174105644226,0.23726341128349304,0.26564401388168335,0.2812407612800598,0.2415280044078827,0.2378496527671814,0.2302907407283783,0.22342006862163544,0.194737046957016,0.30152076482772827,0.28740614652633667,0.29407161474227905,0.312153697013855,0.3349922299385071,0.36595773696899414,0.38346803188323975,0.31986135244369507,0.31055787205696106,0.30132707953453064,0.2882125973701477,0.2747220993041992,0.019455634781713343,0.025542130053436498
186,double_bass_036.aiff,double_bass,-363.171875,31.929471969604492,12.202999114990234,23.037376403808594,11.773663520812988,15.83689022064209,6.707194805145264,7.050591468811035,1.8118566274642944,5.959640979766846,-1.7329403162002563,0.47477173805236816,2.7458455562591553,173.8917236328125,25.890771865844727,17.23549461364746,14.32215690612793,11.018115997314453,10.191878318786621,8.632576942443848,6.682584762573242,7.275600433349609,6.576095104217529,7.751748561859131,5.470564365386963,5.119767189025879,1594.017343072967,971.9297793732984,2074.13757989765,1178.173105907531,4040.0416562368255,2427.727964151415,0.08640407025814056,0.10740919411182404,0.22224265336990356,0.3103870451450348,0.3034350574016571,0.2660490572452545,0.2967202067375183,0.34574222564697266,0.37230411171913147,0.2736426889896393,0.23226192593574524,0.20925281941890717,0.17427004873752594,0.1781233549118042,0.28787070512771606,0.328138530254364,0.33588749170303345,0.33363887667655945,0.3532302975654602,0.3977127969264984,0.4215104877948761,0.3220536708831787,0.30157727003097534,0.26646143198013306,0.23201178014278412,0.2314070761203766,0.04237589586846543,0.054255226597535136
187,double_bass_037.aiff,double_bass,-452.0879821777344,43.28535461425781,38.617286682128906,34.202667236328125,30.362449645996094,26.79259490966797,23.308509826660156,20.211048126220703,17.48590850830078,14.953227043151855,12.570915222167969,10.538298606872559,8.994877815246582,21.821062088012695,25.658435821533203,18.074329376220703,13.538345336914062,10.762063980102539,8.704923629760742,7.3249192237854,6.24984884262085,5.413333415985107,4.811465740203857,4.450166702270508,4.165977478027344,3.6748459339141846,896.3460073118342,317.4482588791665,2194.9828503101257,483.7952859403777,1727.1743774414062,1406.24763744126,0.034906286746263504,0.04734787344932556,0.41098886728286743,0.4181513786315918,0.4720040261745453,0.5261009335517883,0.6135640144348145,0.6886805891990662,0.7172389626502991,0.6936588883399963,0.6520745754241943,0.5788213610649109,0.4718080163002014,0.41286057233810425,0.2857358157634735,0.2424057424068451,0.24991574883460999,0.27050235867500305,0.2918551564216614,0.31896480917930603,0.26072394847869873,0.2580096125602722,0.2834673821926117,0.3232262432575226,0.3072274625301361,0.29703599214553833,0.002759038185586735,0.004306675867719793
188,double_bass_038.aiff,double_bass,-445.5950012207031,50.43919372558594,42.48453140258789,35.723480224609375,30.8441104888916,26.617328643798828,22.338186264038086,18.509382247924805,15.296586990356445,12.546573638916016,10.193625450134277,8.442254066467285,7.506105422973633,29.632978439331055,32.50129699707031,20.315616607666016,13.90854549407959,10.218277931213379,7.974329471588135,6.542690277099609,5.868983745574951,5.390587329864502,5.010419845581055,4.631300926208496,4.158666133880615,3.292994499206543,865.7069563704023,318.75517161635184,2144.679959266026,524.2800679794791,1714.4014748889847,1357.114842548625,0.05452641844749451,0.06816292554140091,0.43702495098114014,0.4882076680660248,0.5730027556419373,0.61248379945755,0.5989551544189453,0.6291264295578003,0.6703379154205322,0.5942382216453552,0.5125139355659485,0.47996267676353455,0.4145070016384125,0.38863229751586914,0.3025732636451721,0.30379965901374817,0.33304211497306824,0.34262824058532715,0.3112344741821289,0.34303227066993713,0.36030763387680054,0.3559924364089966,0.3247995674610138,0.326675683259964,0.2778131663799286,0.26734238862991333,0.0033677425768822906,0.004407859299367131
189,double_bass_039.aiff,double_bass,-472.2281494140625,65.6666259765625,46.328006744384766,35.65117645263672,30.520814895629883,25.896282196044922,20.599546432495117,16.61026382446289,13.292397499084473,11.424457550048828,9.567150115966797,7.97437047958374,7.446784019470215,46.13825607299805,38.75524139404297,16.450613021850586,10.98462963104248,7.071654319763184,5.115649700164795,4.628048419952393,4.106570720672607,4.194269180297852,4.1297736167907715,4.162216663360596,4.323670387268066,3.8682546615600586,883.3526586584576,289.65100714781624,2162.616091301512,488.8105924979694,1667.7351281998006,1216.6262501841725,0.03967772051692009,0.041363026946783066,0.4710519313812256,0.5767776370048523,0.6170516610145569,0.5035551190376282,0.4460371434688568,0.4935409128665924,0.6151833534240723,0.7694898843765259,0.7058269381523132,0.551002562046051,0.4187375605106354,0.3637155592441559,0.2696683406829834,0.27058374881744385,0.31019505858421326,0.30020418763160706,0.30996790528297424,0.3154979646205902,0.31759411096572876,0.31141290068626404,0.2659992575645447,0.257345587015152,0.2631435692310333,0.2572284936904907,0.0032621343085106383,0.004990304497951291
190,double_bass_040.aiff,double_bass,-437.0509948730469,47.697959899902344,37.87994384765625,32.375362396240234,27.482677459716797,23.28391456604004,18.829877853393555,15.071282386779785,11.694262504577637,9.859466552734375,7.962320804595947,6.426530838012695,5.883139610290527,35.85562515258789,39.79541778564453,29.88317108154297,24.5161075592041,20.183517456054688,16.732614517211914,13.464761734008789,10.961162567138672,8.754217147827148,7.477059841156006,6.348794460296631,5.436528205871582,5.00839376449585,516.9377803652238,550.3493780032392,1375.2674486115552,962.7465558011436,557.5786609184452,1144.3906354887283,0.06654077023267746,0.08395281434059143,0.5312645435333252,0.4300854802131653,0.2963859438896179,0.23491790890693665,0.2714778184890747,0.3187551498413086,0.34174883365631104,0.36757227778434753,0.45544663071632385,0.5564601421356201,0.5735190510749817,0.570033848285675,0.385600745677948,0.33096522092819214,0.27589836716651917,0.283187597990036,0.3159400522708893,0.3362169563770294,0.33631619811058044,0.31377577781677246,0.33405980467796326,0.39793848991394043,0.38831382989883423,0.3866402208805084,0.006300019054878049,0.01624006933335466
191,double_bass_041.aiff,double_bass,-460.5030822753906,36.725006103515625,28.905277252197266,24.270872116088867,21.03626823425293,17.951988220214844,14.825068473815918,11.993062019348145,9.709928512573242,8.112449645996094,6.637678623199463,5.42476749420166,4.874974250793457,33.997928619384766,37.80720901489258,27.285736083984375,22.251895904541016,18.696582794189453,15.733301162719727,12.935465812683105,10.640301704406738,8.840084075927734,7.480731964111328,6.320549011230469,5.3767876625061035,4.658158779144287,570.4298252744188,714.4416490611427,1317.2391389733605,1085.1268491190815,883.5844580806903,1506.7653701569686,0.04065027832984924,0.058924268931150436,0.3041744530200958,0.32330161333084106,0.3573398292064667,0.35169628262519836,0.34746628999710083,0.35166096687316895,0.33696219325065613,0.3119773864746094,0.29161566495895386,0.2803087830543518,0.27428579330444336,0.28234758973121643,0.3614446818828583,0.3692821264266968,0.39729055762290955,0.37949126958847046,0.3839096426963806,0.4153733551502228,0.39448925852775574,0.37824419140815735,0.34839800000190735,0.33843177556991577,0.326570063829422,0.3317258656024933,0.00863994331228473,0.027381977938516346
192,double_bass_042.aiff,double_bass,-483.8705139160156,33.215293884277344,23.10219383239746,18.815000534057617,16.58902359008789,13.957988739013672,11.34467887878418,9.023286819458008,7.081728935241699,5.949707984924316,4.7776780128479,3.878225803375244,3.6160898208618164,41.505882263183594,40.16961669921875,23.81801414489746,18.65533447265625,15.832898139953613,13.030101776123047,10.412335395812988,8.394844055175781,6.8366570472717285,5.768073081970215,4.966241359710693,4.424406051635742,3.97613263130188,580.4520724428579,733.7539088282127,1286.5956518570251,1133.7722421089613,1043.2721498731814,1501.6615478382316,0.02901202253997326,0.04737460985779762,0.29433029890060425,0.3325634002685547,0.34766989946365356,0.3453173041343689,0.34424179792404175,0.37358415126800537,0.39010199904441833,0.340833455324173,0.30298835039138794,0.2696937918663025,0.23873478174209595,0.23996341228485107,0.3558937907218933,0.3807571530342102,0.3926311731338501,0.4048464894294739,0.41009560227394104,0.4379826486110687,0.4441012144088745,0.395691841840744,0.37470921874046326,0.3521110415458679,0.3157527446746826,0.3014606535434723,0.008394250095712099,0.024532019909073693
193,double_bass_043.aiff,double_bass,-455.24951171875,46.84856033325195,36.74222183227539,30.390256881713867,25.086334228515625,20.341651916503906,15.85958480834961,12.257308006286621,9.535638809204102,7.8538103103637695,6.271145820617676,5.0891594886779785,4.966491222381592,37.27571105957031,41.52420425415039,30.52264404296875,24.29389762878418,19.335420608520508,15.381126403808594,12.050418853759766,9.488104820251465,7.6087141036987305,6.477722644805908,5.428325176239014,4.786075115203857,4.500425338745117,527.1593956632784,610.0088351064243,1347.2677222337504,974.5581361743559,638.2063202682366,1202.532625928244,0.05640117824077606,0.06785609573125839,0.24259020388126373,0.278473824262619,0.3633647859096527,0.4023965895175934,0.39821362495422363,0.4128682613372803,0.38155728578567505,0.32380419969558716,0.29258695244789124,0.30089685320854187,0.271794855594635,0.23944522440433502,0.308447927236557,0.31373122334480286,0.3963421881198883,0.4199358820915222,0.39204320311546326,0.41713228821754456,0.39243149757385254,0.37089020013809204,0.34675392508506775,0.3701319992542267,0.3357851803302765,0.31696105003356934,0.007622167138810199,0.021097618267627734
194,double_bass_044.aiff,double_bass,-511.79022216796875,33.85322952270508,25.69333267211914,21.022811889648438,18.10720443725586,15.118244171142578,12.222803115844727,9.615951538085938,7.509403228759766,6.016295433044434,4.791884899139404,3.923114538192749,3.57863450050354,38.12220764160156,38.730712890625,24.621017456054688,19.32073974609375,15.875245094299316,12.960625648498535,10.338988304138184,8.355968475341797,6.929506778717041,5.880010604858398,5.092084884643555,4.456673622131348,3.922214984893799,581.4603366935991,681.5141500139117,1342.3392668390193,1084.4946238524499,894.9267192784667,1377.705697840169,0.02135482244193554,0.030475102365016937,0.2846761643886566,0.33582553267478943,0.3626842796802521,0.3595356047153473,0.34620368480682373,0.3495730459690094,0.3536235988140106,0.3071773946285248,0.27855271100997925,0.2646472454071045,0.2460075169801712,0.23805369436740875,0.3488607108592987,0.37742429971694946,0.3946515917778015,0.404300332069397,0.40325406193733215,0.4223536252975464,0.42847082018852234,0.38181981444358826,0.36177191138267517,0.34675005078315735,0.32548245787620544,0.3009544909000397,0.00813893831031567,0.023860901915337664
195,double_bass_045.aiff,double_bass,-457.94854736328125,37.344669342041016,23.196840286254883,19.68328857421875,17.15963363647461,14.520691871643066,11.399835586547852,9.38180923461914,7.7232465744018555,6.987107276916504,5.033320903778076,3.668989896774292,3.7998552322387695,51.91965866088867,40.56433868408203,21.33588981628418,16.759788513183594,14.36853313446045,11.626648902893066,9.301437377929688,7.676146507263184,6.210285186767578,5.55081033706665,5.7042717933654785,6.472562313079834,5.100691318511963,680.3478167325752,783.6135316848981,1505.6218437815385,1113.3557718905759,1255.3980118189102,1453.7055909797323,0.03907772898674011,0.05330364406108856,0.4557947516441345,0.47743406891822815,0.5008900165557861,0.4743119776248932,0.47394776344299316,0.5045966506004333,0.5345722436904907,0.5256034731864929,0.5432116985321045,0.4981177747249603,0.42613351345062256,0.414713054895401,0.3648604154586792,0.3722330927848816,0.3988288938999176,0.3986645042896271,0.4221000075340271,0.44944748282432556,0.44777557253837585,0.4121055603027344,0.419855535030365,0.38387346267700195,0.33205798268318176,0.32955077290534973,0.006628661413817663,0.025322901754056975
196,double_bass_046.aiff,double_bass,-444.7704162597656,41.8016242980957,33.4586181640625,25.106855392456055,18.56684684753418,13.51915168762207,9.39930248260498,6.435979843139648,4.6822381019592285,3.6680691242218018,3.1793594360351562,3.01444411277771,2.8577682971954346,35.13919448852539,41.98674774169922,29.14562225341797,20.211320877075195,14.213648796081543,10.111756324768066,7.333645343780518,5.808534145355225,5.135425090789795,4.556898593902588,4.023795127868652,3.5805227756500244,3.259404182434082,855.5012380906979,856.9205339204563,1623.5095421424717,1196.1641090373878,1976.5805954776731,2525.613665121927,0.028979072347283363,0.0580686554312706,0.17010462284088135,0.14397500455379486,0.1410883516073227,0.14410078525543213,0.1597660630941391,0.21971440315246582,0.29670146107673645,0.3583746552467346,0.4246866703033447,0.387363463640213,0.28612253069877625,0.20578838884830475,0.26833662390708923,0.24735116958618164,0.24984729290008545,0.2513173520565033,0.2653006315231323,0.34648242592811584,0.38875487446784973,0.3724040687084198,0.3556513786315918,0.339568167924881,0.33253705501556396,0.28930985927581787,0.011334295261239368,0.02027226237573867
197,double_bass_047.aiff,double_bass,-439.6195373535156,33.83617401123047,27.661069869995117,22.38096046447754,18.184234619140625,14.4907808303833,11.220772743225098,8.537723541259766,6.572756290435791,5.119492530822754,3.8715269565582275,2.973320484161377,2.604677677154541,28.487403869628906,32.59020233154297,22.597064971923828,16.696935653686523,12.939290046691895,10.24781322479248,8.173410415649414,6.573431491851807,5.431370258331299,4.550123691558838,3.9278924465179443,3.56197190284729,3.409508466720581,960.6489262859249,812.8167609482923,1797.436412798077,1243.4834591127806,2503.3166471179625,2545.1307407162335,0.029861770570278168,0.047234825789928436,0.2188827246427536,0.2775922417640686,0.3042305111885071,0.30581289529800415,0.2863871157169342,0.28700318932533264,0.3132554888725281,0.24865180253982544,0.21249155700206757,0.19546259939670563,0.17650187015533447,0.16949526965618134,0.2959461510181427,0.3361562490463257,0.3354834318161011,0.35348084568977356,0.35116109251976013,0.369843453168869,0.42057710886001587,0.3363230526447296,0.3004484474658966,0.29176151752471924,0.27013951539993286,0.23689596354961395,0.010873530356344951,0.022381023161440142
198,double_bass_048.aiff,double_bass,-472.6335754394531,31.265539169311523,21.484912872314453,17.478885650634766,14.756478309631348,12.466934204101562,9.936075210571289,7.4323835372924805,5.577367782592773,4.78634786605835,3.684516429901123,3.0069546699523926,3.2110469341278076,40.52650833129883,35.230682373046875,19.490442276000977,14.617341041564941,11.933770179748535,9.773667335510254,7.717967510223389,6.081153869628906,5.080819129943848,4.595685958862305,4.4451165199279785,4.0070319175720215,3.718409776687622,1136.2919659516099,925.6876559084322,1897.1222014616808,1395.2936745963248,3413.3770766707794,2820.357012084718,0.01789429783821106,0.03742273151874542,0.32863110303878784,0.3379289507865906,0.36010029911994934,0.37552040815353394,0.41227301955223083,0.502467691898346,0.540285587310791,0.37773096561431885,0.3387936055660248,0.3212660551071167,0.2945312559604645,0.2889191210269928,0.29574912786483765,0.29900479316711426,0.3170042335987091,0.32461342215538025,0.35468727350234985,0.42258426547050476,0.46419891715049744,0.33526667952537537,0.3035266101360321,0.2909959554672241,0.2655044198036194,0.2569618225097656,0.007531571061643836,0.02552036618534432
199,double_bass_049.aiff,double_bass,-452.481689453125,36.22126770019531,33.23045349121094,30.152538299560547,27.46009635925293,24.867706298828125,22.16667366027832,19.600536346435547,17.29521369934082,15.070850372314453,12.839543342590332,10.755722045898438,8.96630573272705,23.58896827697754,28.12839698791504,20.20523452758789,15.354251861572266,12.176796913146973,9.870011329650879,8.178364753723145,6.926240921020508,5.768407344818115,4.892892360687256,4.329484939575195,4.039124011993408,3.6697657108306885,796.9282995631427,337.54234128771697,2041.9905002517087,573.6452646767509,1351.0018245829524,1407.1224243363213,0.02678712271153927,0.047030918300151825,0.3363710641860962,0.36414095759391785,0.4617817997932434,0.5420113205909729,0.6393316388130188,0.6717709898948669,0.645246684551239,0.6165379881858826,0.611896812915802,0.5233508348464966,0.4038928151130676,0.3425668179988861,0.28121161460876465,0.2436961680650711,0.25929585099220276,0.2763287127017975,0.296293169260025,0.3497437536716461,0.28187867999076843,0.2699378728866577,0.31173157691955566,0.320835679769516,0.31608447432518005,0.29784825444221497,0.003888396937842779,0.004469645888510986
200,double_bass_050.aiff,double_bass,-457.93353271484375,43.54595947265625,37.691917419433594,32.10236740112305,28.003742218017578,24.479537963867188,20.879016876220703,17.625280380249023,14.990349769592285,12.65966796875,10.432247161865234,8.56124496459961,7.270694255828857,28.256933212280273,33.09153366088867,21.330381393432617,14.774349212646484,10.91794490814209,8.258421897888184,6.454052925109863,5.627840518951416,4.973196506500244,4.545823574066162,4.282824516296387,4.148925304412842,3.733423948287964,782.8821362047386,325.92904239971057,1999.4962542021958,587.4273856992694,1295.7836520287299,1223.8885240912887,0.03352663666009903,0.05600202456116676,0.4085347354412079,0.48469361662864685,0.5805583000183105,0.5884303450584412,0.5489901304244995,0.5457295775413513,0.507642388343811,0.45642346143722534,0.4167512059211731,0.3953600823879242,0.3436935245990753,0.35032257437705994,0.3208070397377014,0.33382946252822876,0.37507957220077515,0.3389332592487335,0.3089523911476135,0.35464850068092346,0.3584633469581604,0.3684828281402588,0.32886967062950134,0.33434849977493286,0.2736753523349762,0.27602702379226685,0.003718988015232975,0.004499496276592268
201,double_bass_051.aiff,double_bass,-490.233642578125,62.139591217041016,43.1196174621582,33.71216583251953,29.99262809753418,25.0404052734375,19.302906036376953,16.213794708251953,13.357172012329102,11.822820663452148,10.301918029785156,8.973633766174316,8.277613639831543,54.39772033691406,41.8099250793457,16.211362838745117,10.21523666381836,6.466002941131592,4.56967830657959,5.846252918243408,4.920590400695801,4.308263301849365,3.9165761470794678,3.5981712341308594,3.634925365447998,3.6171209812164307,890.3934633110613,274.6192063734122,2167.336941275068,491.47191241782315,1743.0913668959888,1219.6017013879382,0.03211374953389168,0.038239285349845886,0.4056317210197449,0.5215217471122742,0.5540145039558411,0.49480143189430237,0.4481240212917328,0.5157142281532288,0.6842033267021179,0.8250437378883362,0.6991519927978516,0.5410109162330627,0.38053297996520996,0.3195473253726959,0.26454395055770874,0.28589579463005066,0.29627853631973267,0.29500409960746765,0.29616671800613403,0.30116763710975647,0.2894817292690277,0.2629022002220154,0.20785444974899292,0.23117241263389587,0.24213755130767822,0.23378978669643402,0.0035953047263681593,0.005576894135506188
202,double_bass_052.aiff,double_bass,-472.5254211425781,35.97929763793945,31.749847412109375,27.983537673950195,24.80304527282715,21.789812088012695,18.767860412597656,16.11334800720215,13.692095756530762,11.34499740600586,9.302783966064453,7.773902893066406,6.773736476898193,31.69609832763672,36.694488525390625,28.17030143737793,22.899126052856445,18.954708099365234,15.715596199035645,13.043397903442383,11.105916976928711,9.662580490112305,8.548028945922852,7.601203918457031,6.566678047180176,5.430322647094727,499.91142379006914,685.2949499343407,1278.230026539671,934.8173531135478,592.670033544703,1405.3959350987675,0.035158805549144745,0.07128067314624786,0.5248849391937256,0.3714153468608856,0.24315571784973145,0.2202104926109314,0.2676435112953186,0.29394301772117615,0.31808656454086304,0.41877007484436035,0.5773829221725464,0.655897319316864,0.6315285563468933,0.5845882296562195,0.3671264946460724,0.2814687490463257,0.24972310662269592,0.25916099548339844,0.29746177792549133,0.2936699688434601,0.27766335010528564,0.28733810782432556,0.3811417520046234,0.424066960811615,0.38536322116851807,0.3752809762954712,0.008924817825112107,0.025355498905075782
203,double_bass_053.aiff,double_bass,-461.2255859375,24.764568328857422,22.022890090942383,19.52165985107422,17.66971778869629,15.924193382263184,14.005494117736816,12.15325927734375,10.573633193969727,9.179505348205566,7.860146999359131,6.702408313751221,5.8150105476379395,23.508302688598633,28.342958450317383,20.867267608642578,16.844863891601562,14.205288887023926,12.178656578063965,10.31161117553711,8.909967422485352,7.809431076049805,6.832765102386475,6.027469635009766,5.358497142791748,4.548662185668945,658.3191278563409,613.0961547326464,1580.793890304528,1029.8581769212951,1089.4127882999253,1387.492785062735,0.01878739893436432,0.033737052232027054,0.3645714521408081,0.4058926999568939,0.4604960083961487,0.46490246057510376,0.45875468850135803,0.46545377373695374,0.4439811408519745,0.39980122447013855,0.36401498317718506,0.33776453137397766,0.31752362847328186,0.3267081081867218,0.358063668012619,0.3669256865978241,0.3980173170566559,0.3886781632900238,0.3853911757469177,0.41916516423225403,0.4050855338573456,0.3862953782081604,0.3648366928100586,0.3555850386619568,0.32058024406433105,0.3220100700855255,0.006188916210159362,0.021735450474317144
204,double_bass_054.aiff,double_bass,-525.6574096679688,26.567005157470703,20.57114601135254,16.836048126220703,14.8663911819458,12.773967742919922,10.538562774658203,8.567180633544922,6.966679573059082,5.725465297698975,4.635670185089111,3.818474769592285,3.318756580352783,34.71062469482422,36.75328826904297,22.508249282836914,16.93189239501953,13.915955543518066,11.339859008789062,8.985184669494629,7.2791523933410645,6.14211893081665,5.278487205505371,4.65220832824707,4.175359725952148,3.7169888019561768,606.5019159661548,739.2670800398287,1346.2719416100488,1114.326096577853,1076.3020156574844,1523.094515781638,0.01344979740679264,0.028111178427934647,0.3110276758670807,0.36367684602737427,0.3844320774078369,0.3789691925048828,0.3699636459350586,0.38992807269096375,0.39992189407348633,0.348723441362381,0.3146686255931854,0.2784343957901001,0.24899877607822418,0.2534988522529602,0.35920631885528564,0.38797280192375183,0.39896225929260254,0.4065271019935608,0.41143983602523804,0.436016321182251,0.4435494840145111,0.39739319682121277,0.3793114125728607,0.35249292850494385,0.31902074813842773,0.3081159293651581,0.008714619066181567,0.025284439693693136
205,double_bass_055.aiff,double_bass,-486.4548645019531,40.446685791015625,34.36929702758789,28.73723030090332,24.032865524291992,19.962390899658203,16.097007751464844,12.9741849899292,10.557887077331543,8.73404598236084,7.066586017608643,5.7669358253479,4.934719085693359,36.64884948730469,39.461997985839844,29.290267944335938,22.9462947845459,18.088056564331055,14.395563125610352,11.593171119689941,9.54220962524414,7.972323894500732,6.766559600830078,5.743203163146973,4.991452217102051,4.275668144226074,532.640382405749,591.6475283357507,1369.435341133854,954.7986207510264,679.2598358572346,1246.4073830881698,0.03331214562058449,0.05272039398550987,0.23306144773960114,0.29260703921318054,0.3905886113643646,0.42555201053619385,0.43251460790634155,0.4502529203891754,0.42413169145584106,0.3635566234588623,0.32358866930007935,0.3118230700492859,0.26048508286476135,0.22428743541240692,0.2853463888168335,0.3178216516971588,0.40312379598617554,0.41441020369529724,0.3971698582172394,0.4172288179397583,0.39560437202453613,0.38126495480537415,0.3618052303791046,0.37027162313461304,0.32057908177375793,0.2861652076244354,0.007769978443003914,0.02196054541402195
206,double_bass_056.aiff,double_bass,-502.6169128417969,33.90459060668945,26.865589141845703,21.81648826599121,18.580533981323242,15.613195419311523,12.751663208007812,10.230592727661133,8.117012977600098,6.363698482513428,4.941722393035889,3.9160685539245605,3.443272113800049,37.188323974609375,39.622196197509766,25.316299438476562,19.205232620239258,15.293340682983398,12.40555191040039,10.014152526855469,8.27287483215332,7.020354270935059,6.082821846008301,5.309453964233398,4.7265706062316895,3.899592876434326,563.9977572389618,668.1326833769007,1343.1265684663833,1038.5601452210594,790.2849505274429,1245.3309882329625,0.022542130202054977,0.03752456605434418,0.2783735692501068,0.3346591591835022,0.3628159463405609,0.3629721403121948,0.3535815477371216,0.3418187201023102,0.3291294276714325,0.2932971715927124,0.2678699791431427,0.24897906184196472,0.23418575525283813,0.2287900447845459,0.35015055537223816,0.3759932816028595,0.38167786598205566,0.3978135883808136,0.40737083554267883,0.41547659039497375,0.4097271263599396,0.3715660274028778,0.35754066705703735,0.3430279493331909,0.32456427812576294,0.2976957857608795,0.00857714348032995,0.023168459505577062
207,double_bass_057.aiff,double_bass,-477.1683044433594,34.5449104309082,22.395320892333984,17.311798095703125,15.477065086364746,13.324028015136719,10.74919319152832,8.858129501342773,7.30718469619751,6.355049133300781,4.28349494934082,2.9532840251922607,2.9603018760681152,56.60630798339844,47.820560455322266,24.384201049804688,17.544979095458984,14.746265411376953,12.397550582885742,10.010656356811523,8.433972358703613,6.907658576965332,5.821507930755615,5.412974834442139,6.057674884796143,4.459146499633789,609.5000794356848,876.4612644143524,1305.6536733476748,1129.6882379592275,1069.5426377674078,1504.208538330131,0.02760022133588791,0.049981750547885895,0.4316442012786865,0.4437389075756073,0.4469973146915436,0.4165107309818268,0.4187050461769104,0.4349343180656433,0.45924919843673706,0.4547647535800934,0.47859111428260803,0.45174235105514526,0.39519527554512024,0.39263835549354553,0.38760966062545776,0.38645052909851074,0.3948138654232025,0.38708099722862244,0.4114839732646942,0.44181206822395325,0.4524809718132019,0.4205150902271271,0.43207287788391113,0.40774208307266235,0.3506050705909729,0.35117366909980774,0.007669948091442953,0.02461320964718423
208,double_bass_058.aiff,double_bass,-459.640625,34.862525939941406,27.75429344177246,20.572423934936523,14.821687698364258,10.1736478805542,6.414063453674316,3.824294090270996,2.4264793395996094,1.815918207168579,1.7355667352676392,1.869188666343689,1.819383978843689,32.95415115356445,39.15886688232422,27.084117889404297,18.11762809753418,11.935270309448242,8.082846641540527,5.964606285095215,5.367416858673096,5.184989929199219,4.629411220550537,3.829287528991699,3.424243450164795,3.1524899005889893,808.3301095293859,838.263516521395,1543.078404173577,1167.7227784111055,1821.4410597278227,2491.662610372024,0.018205182626843452,0.049376100301742554,0.16542722284793854,0.1421484500169754,0.14340582489967346,0.14144472777843475,0.15295803546905518,0.20721668004989624,0.28655004501342773,0.35902073979377747,0.3875759541988373,0.3885929584503174,0.3072611093521118,0.20272904634475708,0.2732810974121094,0.25003769993782043,0.2501874566078186,0.2520769238471985,0.26246052980422974,0.3312002122402191,0.37811729311943054,0.3902127146720886,0.3323933482170105,0.35878562927246094,0.33846721053123474,0.2887521982192993,0.012597431235599078,0.022514980619303352
209,double_bass_059.aiff,double_bass,-478.587890625,38.46919631958008,29.692794799804688,22.31205177307129,17.041061401367188,12.920731544494629,9.477992057800293,6.9740753173828125,5.319217681884766,4.068326473236084,3.085249423980713,2.398258686065674,2.070514678955078,37.448890686035156,40.19390869140625,25.05453109741211,16.892620086669922,12.377730369567871,9.788924217224121,7.923696517944336,6.521625518798828,5.2824387550354,4.454637050628662,3.943614959716797,3.602811813354492,3.3565101623535156,830.7910781022292,787.4117585527091,1610.0691792364826,1196.5965078771792,1968.2375377308238,2444.521812386988,0.02793080173432827,0.04782027006149292,0.21790412068367004,0.25667938590049744,0.26229941844940186,0.2510896921157837,0.23533649742603302,0.2522026598453522,0.2804936468601227,0.2220732718706131,0.1995827704668045,0.18491503596305847,0.1691855639219284,0.16444192826747894,0.31808707118034363,0.3364954888820648,0.32379013299942017,0.3415769040584564,0.3242456018924713,0.36318540573120117,0.40205708146095276,0.313044935464859,0.30006012320518494,0.2885333299636841,0.273067831993103,0.2392294555902481,0.011144575639204546,0.019757536250255742
210,double_bass_060.aiff,double_bass,-522.0030517578125,26.09287452697754,19.298044204711914,15.80662727355957,13.562542915344238,11.570843696594238,9.31351375579834,7.455751419067383,6.141083240509033,5.269410133361816,4.506693363189697,4.006562232971191,3.6143202781677246,42.09971237182617,36.004329681396484,18.840007781982422,13.52505111694336,10.884747505187988,8.992847442626953,7.076920509338379,5.948597431182861,5.184832572937012,4.537591934204102,4.273647308349609,3.73783540725708,3.5130398273468018,1122.6233832823823,916.0491239142265,1889.933385610653,1389.5711280505152,3373.439528127449,2819.708727916129,0.010473166592419147,0.028311096131801605,0.3507130444049835,0.3617480397224426,0.37959203124046326,0.3911340534687042,0.3940291404724121,0.486467182636261,0.5540239214897156,0.39220693707466125,0.3451734185218811,0.3245805501937866,0.3017571270465851,0.3015654683113098,0.3036074936389923,0.30832037329673767,0.32129809260368347,0.32870936393737793,0.3346092104911804,0.4125213623046875,0.47074830532073975,0.34173858165740967,0.30657294392585754,0.2904275059700012,0.26653048396110535,0.26039552688598633,0.006567688944945141,0.02091474828701811
211,double_bass_061.aiff,double_bass,-470.39013671875,37.31058120727539,33.35455322265625,29.66254997253418,26.802244186401367,24.093097686767578,21.277706146240234,18.706344604492188,16.297109603881836,13.959970474243164,11.590629577636719,9.510475158691406,7.743043899536133,29.299457550048828,33.24186706542969,22.9152774810791,17.448827743530273,13.917383193969727,11.234518051147461,9.058170318603516,7.312579154968262,5.922683238983154,4.982202529907227,4.524997234344482,4.221721172332764,4.006040096282959,723.3553317326608,359.813472129354,1889.8717433767576,659.0300984938888,1161.2674079422843,1372.1795762338697,0.024267584085464478,0.052578169852495193,0.3299540877342224,0.3293071687221527,0.3844136893749237,0.46004894375801086,0.5604220628738403,0.6468612551689148,0.6245269775390625,0.5756412744522095,0.5585811138153076,0.5048863291740417,0.41999486088752747,0.35683169960975647,0.279479444026947,0.24478483200073242,0.25470778346061707,0.28885000944137573,0.28911271691322327,0.3385755121707916,0.2959887981414795,0.309650182723999,0.2997974157333374,0.3264487683773041,0.33973947167396545,0.3195537030696869,0.00466915631786102,0.004706632470197081
212,double_bass_062.aiff,double_bass,-448.9208068847656,40.063140869140625,33.72891616821289,28.50530433654785,25.181629180908203,22.16924476623535,18.843482971191406,15.916435241699219,13.543977737426758,11.248645782470703,8.944531440734863,7.065576553344727,5.826364994049072,32.29092025756836,35.92567443847656,21.596172332763672,15.491743087768555,11.74858570098877,9.335357666015625,7.336278438568115,6.078864574432373,4.840110778808594,4.096630573272705,3.8608837127685547,3.6337642669677734,3.02398943901062,693.6211798682159,337.3530151753714,1824.8058037465391,643.9179356217802,1011.2646057420012,1175.177744785447,0.028967127203941345,0.05646707862615585,0.34471818804740906,0.41234534978866577,0.4579940438270569,0.43302565813064575,0.44694361090660095,0.47801876068115234,0.5236309766769409,0.4828949272632599,0.41247040033340454,0.33476656675338745,0.2813798189163208,0.3022402822971344,0.3387170732021332,0.3474637269973755,0.36347126960754395,0.3267189860343933,0.33884283900260925,0.37003710865974426,0.39066454768180847,0.3821723759174347,0.35022616386413574,0.32135993242263794,0.3010697662830353,0.32175761461257935,0.005665692691772655,0.005172744547674592
213,double_bass_063.aiff,double_bass,-499.18505859375,54.93169021606445,36.66864013671875,28.673410415649414,26.575252532958984,22.436464309692383,17.46607208251953,14.28093433380127,11.603822708129883,9.941421508789062,8.391035079956055,7.6785759925842285,7.283226013183594,57.83748245239258,49.253055572509766,18.828319549560547,13.165907859802246,8.23558521270752,6.4041547775268555,5.901370525360107,5.595574855804443,5.700301647186279,5.01808500289917,4.716474533081055,3.507150888442993,2.7794883251190186,778.0706457680976,292.28306911724746,1951.1512394965935,585.4507159939285,1316.594711337695,1106.106565162004,0.019119367003440857,0.03395872935652733,0.37474173307418823,0.46483924984931946,0.524508535861969,0.4555726647377014,0.3809172809123993,0.4383506178855896,0.6024911999702454,0.8698195815086365,0.7751798033714294,0.5557921528816223,0.3987448215484619,0.2885172963142395,0.30353009700775146,0.2663411796092987,0.251750111579895,0.27597689628601074,0.26408278942108154,0.25028088688850403,0.23875509202480316,0.24983015656471252,0.20952634513378143,0.22579199075698853,0.256213515996933,0.24153152108192444,0.006102971881959911,0.007941934594570975
214,double_bass_064.aiff,double_bass,-465.6164245605469,39.0633430480957,33.23454666137695,28.18764305114746,24.130800247192383,20.715911865234375,17.681713104248047,14.743453979492188,12.449966430664062,9.99331283569336,7.704797267913818,6.127985954284668,5.093723773956299,39.00044631958008,42.85179138183594,30.651643753051758,23.55972671508789,18.861648559570312,15.349968910217285,12.549790382385254,10.469021797180176,8.854333877563477,7.671311378479004,6.854729175567627,5.918827056884766,4.8376851081848145,480.25880687143655,581.3775998776423,1259.8170803424612,914.7964771044996,647.9033203125,1268.2398150151807,0.03521764278411865,0.07445172965526581,0.4716498553752899,0.342190682888031,0.25308945775032043,0.26428020000457764,0.3617917597293854,0.4343757927417755,0.39470547437667847,0.4164540767669678,0.5533146858215332,0.6368026733398438,0.634827733039856,0.5628473162651062,0.32281994819641113,0.2743447422981262,0.2845557928085327,0.30138900876045227,0.3459102213382721,0.35321342945098877,0.31926578283309937,0.3019428849220276,0.3506599962711334,0.383017897605896,0.3635617196559906,0.34402984380722046,0.007114955357142857,0.016700599796321082
215,double_bass_065.aiff,double_bass,-462.5779113769531,28.610572814941406,23.62647247314453,19.960296630859375,17.62224006652832,15.274994850158691,12.792065620422363,10.783421516418457,9.184690475463867,7.597121238708496,6.062081336975098,4.863452911376953,4.100795269012451,34.292091369628906,37.65489959716797,25.123464584350586,19.6807861328125,15.953055381774902,13.195120811462402,10.87640380859375,9.253805160522461,7.997396469116211,6.954461097717285,6.127414226531982,5.457520484924316,4.658880710601807,462.784692473315,584.0784349293014,1180.1976188472154,968.3820530402188,569.3706311677631,1176.7492371843432,0.022827714681625366,0.05495869740843773,0.27917325496673584,0.3202647864818573,0.3787190020084381,0.36547961831092834,0.33614569902420044,0.32429835200309753,0.2998632788658142,0.2727912962436676,0.2525756359100342,0.25053730607032776,0.23241011798381805,0.24531298875808716,0.354714572429657,0.3651454746723175,0.41781526803970337,0.3876905143260956,0.36145922541618347,0.3834174573421478,0.36367282271385193,0.3546617925167084,0.3293459713459015,0.3352625072002411,0.2971484065055847,0.31378573179244995,0.008141590140716375,0.020776808307129798
216,double_bass_066.aiff,double_bass,-504.39874267578125,28.59454917907715,20.547372817993164,15.301254272460938,12.494043350219727,10.077949523925781,7.517334461212158,5.895805835723877,4.790018081665039,3.6806554794311523,2.576444149017334,1.8720279932022095,1.5760676860809326,45.65440368652344,44.033164978027344,24.75728988647461,16.836618423461914,12.316225051879883,9.522462844848633,7.005121231079102,5.661126613616943,4.811753273010254,4.261692523956299,3.841521978378296,3.5932059288024902,3.1714375019073486,520.8196161354047,776.2901098020475,1142.522323821449,1053.211059743642,823.1039247351889,1401.0034974741875,0.015770355239510536,0.03887268900871277,0.22785542905330658,0.27789145708084106,0.2829880118370056,0.27223631739616394,0.2808091938495636,0.2877313196659088,0.2822832763195038,0.236513152718544,0.2065960168838501,0.1709129512310028,0.1496109664440155,0.16635417938232422,0.3430865705013275,0.3727094829082489,0.3687966465950012,0.365992933511734,0.3856091797351837,0.39062947034835815,0.3969096541404724,0.34166306257247925,0.3277374505996704,0.2906731367111206,0.2615872323513031,0.2631499767303467,0.009747712995231108,0.02356420647922908
217,double_bass_067.aiff,double_bass,-446.6899719238281,34.55400085449219,29.015766143798828,23.99927520751953,20.095182418823242,16.764572143554688,13.691877365112305,11.101237297058105,9.18074893951416,7.565617084503174,6.016030788421631,4.839879035949707,4.082320213317871,33.25455093383789,37.8504638671875,26.42333984375,19.83399200439453,15.305070877075195,12.177297592163086,9.904461860656738,8.388401985168457,7.211137294769287,6.261033535003662,5.441208839416504,4.713324069976807,3.9390902519226074,462.6161428864223,601.2268927979345,1214.4677118461916,885.763461502539,468.9481299495113,1085.6886656116974,0.026250557973980904,0.05351266637444496,0.1697799265384674,0.22282886505126953,0.3334464728832245,0.3869853913784027,0.3931296765804291,0.3900025486946106,0.34488439559936523,0.2967264652252197,0.24839195609092712,0.2457326054573059,0.20015005767345428,0.16798415780067444,0.2468469738960266,0.27795228362083435,0.3845053017139435,0.4142985939979553,0.37932854890823364,0.3882194757461548,0.35285240411758423,0.36662712693214417,0.318783164024353,0.34045594930648804,0.2915843427181244,0.25719523429870605,0.007936237782618935,0.018218195767056355
218,double_bass_068.aiff,double_bass,-486.3511047363281,29.918739318847656,22.89113426208496,17.810678482055664,14.753011703491211,12.260815620422363,9.935328483581543,8.105036735534668,6.495654582977295,5.075169086456299,3.819456100463867,2.9272820949554443,2.541301727294922,39.848323822021484,41.08198928833008,24.570228576660156,17.219417572021484,13.086723327636719,10.520288467407227,8.41916275024414,7.157350540161133,6.257739543914795,5.629939556121826,5.03033971786499,4.508180618286133,3.742210626602173,533.7299305394763,687.3797292784759,1245.5928034052545,1008.9295855312477,744.7761604377815,1316.4949129799654,0.017514042556285858,0.03949550911784172,0.25185590982437134,0.32024189829826355,0.36998116970062256,0.37785395979881287,0.3625304400920868,0.35099342465400696,0.3136571943759918,0.26776957511901855,0.24813196063041687,0.22316551208496094,0.2029687762260437,0.19804808497428894,0.3382505476474762,0.3673645555973053,0.38281020522117615,0.40561914443969727,0.4089944660663605,0.42537596821784973,0.3999120593070984,0.359842449426651,0.34808188676834106,0.3318476676940918,0.3077951669692993,0.2795722782611847,0.009636100944694694,0.02349957663393301
219,double_bass_069.aiff,double_bass,-474.8266906738281,32.66947555541992,20.14377784729004,14.828946113586426,13.22353458404541,11.010095596313477,8.251784324645996,6.3640971183776855,4.770743370056152,4.755677700042725,3.6226184368133545,2.58583927154541,2.0241193771362305,67.15076446533203,50.7321891784668,25.20061683654785,17.103513717651367,14.123908042907715,11.638670921325684,8.708757400512695,7.521063327789307,6.8119683265686035,5.332342147827148,4.538690090179443,4.601165771484375,4.228816986083984,488.4899303253418,806.5930105382399,1051.9198511573666,1062.089682358096,704.0022029433139,1301.9869229712094,0.022557511925697327,0.056550513952970505,0.34377503395080566,0.31702733039855957,0.2910860776901245,0.24792836606502533,0.24075275659561157,0.2448396533727646,0.2796310484409332,0.35087668895721436,0.4336523711681366,0.37607553601264954,0.28785985708236694,0.2838437557220459,0.3926917016506195,0.3614923357963562,0.357277512550354,0.33174654841423035,0.35201820731163025,0.357116162776947,0.35985860228538513,0.37743374705314636,0.4356705844402313,0.3917386829853058,0.3187869191169739,0.32232996821403503,0.008539244186046511,0.023756093790795508
220,double_bass_070.aiff,double_bass,-450.5181884765625,39.76795959472656,29.495708465576172,20.980165481567383,15.088696479797363,10.26284408569336,6.018983364105225,3.316925048828125,2.0449700355529785,1.4505826234817505,1.1857528686523438,1.075340986251831,0.8452922105789185,39.54981994628906,43.376129150390625,26.539342880249023,17.272308349609375,11.673619270324707,8.628787994384766,6.3224053382873535,5.603300094604492,5.299612045288086,4.621758937835693,3.9069509506225586,3.579157829284668,3.1335082054138184,731.3140225399962,817.9913168861856,1425.6028148546138,1088.1853917302676,1476.9680565765182,2224.049314535944,0.024372773244976997,0.06163044273853302,0.13199250400066376,0.11074675619602203,0.11120688170194626,0.10983040928840637,0.12115826457738876,0.17767927050590515,0.23952631652355194,0.34067586064338684,0.39358124136924744,0.4022464156150818,0.33835721015930176,0.19266273081302643,0.24822968244552612,0.2277417778968811,0.22515614330768585,0.2273615002632141,0.23364415764808655,0.2870978116989136,0.3339855372905731,0.40140536427497864,0.35496222972869873,0.368662565946579,0.3685411810874939,0.27428001165390015,0.013514278754102846,0.0218609913580625
221,guitar_001.aiff,guitar,-453.28765869140625,29.198251724243164,21.213178634643555,18.215614318847656,15.643478393554688,12.70011043548584,10.468762397766113,9.384812355041504,8.45205020904541,7.5101318359375,7.261782646179199,7.524448394775391,7.287407398223877,39.94459533691406,31.667682647705078,18.3421688079834,12.511626243591309,9.265076637268066,6.495122909545898,6.354377269744873,5.286938190460205,5.189526557922363,5.294074535369873,4.967755317687988,3.8695905208587646,4.0087690353393555,962.1671424926889,1140.7602114385593,1924.471284085036,800.2808565669483,1888.0962558962265,2484.4054975237564,0.02323920838534832,0.04161026328802109,0.5634014010429382,0.5224749445915222,0.5266081690788269,0.584040105342865,0.6379045844078064,0.6205705404281616,0.6426504254341125,0.5921355485916138,0.6547529101371765,0.7477402687072754,0.7470404505729675,0.6575724482536316,0.2623228132724762,0.3039587438106537,0.3611454963684082,0.375363826751709,0.37840256094932556,0.36102861166000366,0.3663744032382965,0.3533412218093872,0.3072219789028168,0.26524999737739563,0.19732961058616638,0.23842139542102814,0.02537864829009434,0.10934975773631098
222,guitar_002.aiff,guitar,-472.9289245605469,38.92291259765625,28.26704978942871,20.894060134887695,16.012638092041016,12.73444938659668,10.288528442382812,8.441349029541016,6.820523738861084,5.779768943786621,5.952093124389648,6.887197971343994,7.626524448394775,44.211273193359375,41.11591339111328,22.4036808013916,13.321012496948242,9.550274848937988,7.281951904296875,6.594056129455566,6.4651994705200195,6.54998254776001,6.88950777053833,6.144069671630859,4.801547527313232,4.62715482711792,708.7143121024943,1288.9582976240563,1423.7389317392456,751.0501140833657,1052.9648377669757,2185.7577326743844,0.020235298201441765,0.02606257051229477,0.4546625316143036,0.43079254031181335,0.45689862966537476,0.5392104983329773,0.6650224924087524,0.666750431060791,0.6288806796073914,0.5866742730140686,0.5557260513305664,0.5046764612197876,0.4637131690979004,0.44294530153274536,0.30139461159706116,0.32203683257102966,0.36203545331954956,0.37367942929267883,0.3721684515476227,0.3510579466819763,0.3581591844558716,0.3660873472690582,0.33484238386154175,0.3251967132091522,0.31300193071365356,0.29127857089042664,0.03272836095274563,0.1308120964802152
223,guitar_003.aiff,guitar,-471.3391418457031,26.39771842956543,20.126754760742188,17.128210067749023,14.74087142944336,12.292328834533691,10.72320556640625,9.370006561279297,7.574805736541748,6.314752578735352,6.1425604820251465,6.896906852722168,7.445438385009766,41.19277572631836,23.40304183959961,11.787510871887207,8.234513282775879,6.148690700531006,5.17391300201416,4.822351932525635,5.198424816131592,6.695420265197754,7.811735153198242,7.732311248779297,6.597696304321289,6.842848777770996,493.15706184505314,1058.0701202669236,1266.9894997475787,571.4123858872983,517.7076156496063,1760.2476282421912,0.03268502652645111,0.036270614713430405,0.5502233505249023,0.6073546409606934,0.6606766581535339,0.7124500274658203,0.7299555540084839,0.7140107750892639,0.7005747556686401,0.6758190393447876,0.6391360759735107,0.5993061065673828,0.5318763852119446,0.4819413423538208,0.30245447158813477,0.3232969343662262,0.3424321711063385,0.3604496121406555,0.37511733174324036,0.39304691553115845,0.3856518268585205,0.3731401860713959,0.3567439019680023,0.3360894024372101,0.3054816424846649,0.2783437967300415,0.025315268208661416,0.11049880899406865
224,guitar_004.aiff,guitar,-491.2278747558594,40.95512390136719,29.269990921020508,21.63582420349121,17.763063430786133,15.677282333374023,14.170065879821777,12.412178039550781,9.983864784240723,9.58315372467041,11.7780122756958,15.458738327026367,19.214223861694336,54.53523635864258,33.798980712890625,14.628175735473633,8.461589813232422,7.184835910797119,6.936183929443359,7.4549055099487305,8.314590454101562,10.644952774047852,11.189915657043457,7.702455520629883,4.701852321624756,9.757040023803711,373.37996181606815,613.524933738733,1245.7171206489486,516.0516965861228,361.9637508520344,1254.8073180650642,0.06862584501504898,0.056231748312711716,0.7212424874305725,0.758371889591217,0.6934536695480347,0.7255052328109741,0.7543362379074097,0.7567318677902222,0.7412652373313904,0.7174266576766968,0.6828587651252747,0.6313789486885071,0.5649261474609375,0.5230859518051147,0.20147879421710968,0.2197290062904358,0.3173562288284302,0.36035478115081787,0.3766048550605774,0.3830380141735077,0.3759293854236603,0.3611812889575958,0.34475916624069214,0.3245115280151367,0.29432976245880127,0.2346133589744568,0.012035805106963088,0.05724090155967123
225,guitar_005.aiff,guitar,-458.0218811035156,24.76267433166504,16.659366607666016,13.329322814941406,11.470898628234863,9.478708267211914,8.57277774810791,8.826478958129883,8.201545715332031,7.251643180847168,6.7029829025268555,7.089121341705322,7.477344036102295,41.14612579345703,25.203306198120117,10.972891807556152,7.130664348602295,5.785647392272949,3.961057186126709,4.452825546264648,3.843480110168457,3.5610151290893555,4.278573513031006,5.654763221740723,5.444523334503174,4.594866752624512,489.14620540924034,847.181048330023,1374.9732665320255,586.8970849140393,509.2623125298757,1607.1016185835388,0.026019955053925514,0.045162636786699295,0.5423843264579773,0.5755105018615723,0.6261388659477234,0.6690507531166077,0.7189943790435791,0.7184190154075623,0.7099322080612183,0.7630251049995422,0.713589608669281,0.6320288181304932,0.5929246544837952,0.5321128368377686,0.2943817377090454,0.3340877890586853,0.354993999004364,0.3846453130245209,0.392948716878891,0.3904247283935547,0.36711427569389343,0.33124327659606934,0.3091370761394501,0.3064957857131958,0.29157546162605286,0.27706900238990784,0.01740509480560867,0.0852490998383915
226,guitar_006.aiff,guitar,-488.6885986328125,20.318347930908203,14.795376777648926,13.371591567993164,12.550480842590332,12.089564323425293,11.962058067321777,13.094137191772461,13.422593116760254,13.887408256530762,14.012012481689453,13.869184494018555,12.822966575622559,50.51898193359375,13.667019844055176,7.7542266845703125,6.200160980224609,6.105530738830566,6.1142473220825195,6.128730773925781,6.545145034790039,8.191899299621582,8.506808280944824,8.574766159057617,10.102043151855469,10.46444320678711,722.8396663870004,1515.4328617212823,1384.0887296022408,642.9709333219907,917.4090642695206,2438.307403072709,0.034008074551820755,0.034034594893455505,0.608323335647583,0.6754003167152405,0.7391385436058044,0.7825087308883667,0.7977351546287537,0.7806713581085205,0.7600052952766418,0.7316123843193054,0.7006900906562805,0.6547424793243408,0.5886586904525757,0.5182831287384033,0.2739577293395996,0.27755099534988403,0.29041197896003723,0.31771624088287354,0.3312210738658905,0.3588182330131531,0.3561496436595917,0.33828479051589966,0.3256792426109314,0.30295124650001526,0.2755691409111023,0.24805769324302673,0.04777772160252044,0.16080990998313274
227,guitar_007.aiff,guitar,-531.08447265625,35.881690979003906,23.357128143310547,20.95174217224121,17.825010299682617,14.647856712341309,12.528154373168945,11.082395553588867,9.233808517456055,7.984679222106934,8.61385440826416,10.326177597045898,10.881461143493652,64.75008392333984,24.54802703857422,14.631329536437988,9.594557762145996,7.2064690589904785,7.159255504608154,6.729604721069336,6.949232578277588,8.542779922485352,8.831085205078125,7.460402488708496,5.6098551750183105,7.390686511993408,533.2329897513999,999.0127557724765,1351.6490087869238,581.5924913643674,627.4485868566177,1809.3079436396451,0.0356418713927269,0.03088988922536373,0.504336416721344,0.5524358749389648,0.6015292406082153,0.6534984707832336,0.7146772146224976,0.7249768972396851,0.7157613039016724,0.682428240776062,0.6471684575080872,0.5953275561332703,0.5468900203704834,0.48817917704582214,0.3106866180896759,0.34241077303886414,0.3673414885997772,0.3849547207355499,0.3867112994194031,0.3823850452899933,0.3741372227668762,0.3634263277053833,0.35033267736434937,0.3309065103530884,0.3052366375923157,0.2852734327316284,0.02391347163865546,0.09928132395920503
228,guitar_008.aiff,guitar,-463.8971252441406,30.798908233642578,21.63982391357422,18.18954086303711,15.653450965881348,12.845952987670898,10.659528732299805,9.259356498718262,8.192989349365234,7.292163372039795,7.286163330078125,8.257407188415527,8.683103561401367,37.88480758666992,30.67878532409668,18.050987243652344,11.950583457946777,9.300409317016602,5.8332839012146,5.02878999710083,4.876529216766357,5.212465286254883,5.654668807983398,5.486881256103516,3.9298200607299805,3.5824472904205322,1026.13661831934,1008.2761074047404,2107.0800221660443,716.9664661630991,1973.4019156166316,2463.0609625447764,0.022195320576429367,0.04664090648293495,0.5624351501464844,0.5078936219215393,0.49601614475250244,0.537862241268158,0.5953402519226074,0.5786500573158264,0.5502277612686157,0.5416579842567444,0.6013711094856262,0.7275800108909607,0.7375703454017639,0.6869092583656311,0.25499725341796875,0.28879156708717346,0.35777637362480164,0.38483700156211853,0.37960949540138245,0.3841966688632965,0.39652249217033386,0.3811373710632324,0.3198535144329071,0.2827850878238678,0.19349637627601624,0.26964616775512695,0.021000576821920428,0.08933256549316305
229,guitar_009.aiff,guitar,-478.9384765625,17.801395416259766,12.796154022216797,10.503209114074707,9.368363380432129,8.200642585754395,7.145799160003662,6.384366035461426,5.692137241363525,5.054535388946533,4.995851516723633,5.394177436828613,5.490029811859131,25.592044830322266,23.356868743896484,12.421075820922852,8.956249237060547,7.660029411315918,6.308623313903809,5.3263373374938965,4.894704818725586,4.615296363830566,4.77004337310791,4.749737739562988,4.381386756896973,4.508944034576416,1148.5933696182647,1503.343251298479,2012.6413702154143,880.6271861873682,2134.152745532649,2991.162299767755,0.015247845090925694,0.04103665053844452,0.4938358962535858,0.5706078410148621,0.6586206555366516,0.739106297492981,0.7483767867088318,0.7068567872047424,0.6703059077262878,0.6470036506652832,0.6079519987106323,0.5729390382766724,0.5329663157463074,0.4480143189430237,0.27206382155418396,0.29465362429618835,0.3178270757198334,0.3277342617511749,0.32513728737831116,0.3527597188949585,0.3614523410797119,0.3606260418891907,0.34205740690231323,0.3270208537578583,0.2981525659561157,0.2568795382976532,0.03996302419493271,0.1442189369363833
230,guitar_010.aiff,guitar,-496.4185485839844,24.114994049072266,15.855323791503906,13.287308692932129,11.778343200683594,10.564298629760742,9.059247970581055,7.817537784576416,6.728163242340088,5.87191104888916,5.843756675720215,6.550624370574951,6.610100746154785,42.20061492919922,27.414411544799805,10.974700927734375,8.10091495513916,7.1252665519714355,6.17581844329834,6.416645050048828,6.8831305503845215,7.357367992401123,8.017101287841797,7.012620449066162,5.587713241577148,5.5837273597717285,1297.7638794730158,1360.9619726441388,2249.330682080444,790.6486122308834,2714.919681460476,2941.531468171849,0.021456606686115265,0.037745874375104904,0.6191427111625671,0.7074576616287231,0.7292101979255676,0.7289798259735107,0.7471238374710083,0.6895517706871033,0.6649377346038818,0.6450356245040894,0.6165084838867188,0.5748850107192993,0.5206355452537537,0.47860294580459595,0.2859717011451721,0.2430189996957779,0.2881036400794983,0.34701910614967346,0.3752560019493103,0.40195754170417786,0.4077007472515106,0.3928828835487366,0.3738233149051666,0.3482075333595276,0.3109942376613617,0.26066532731056213,0.03668783956121433,0.1280621433731782
231,guitar_011.aiff,guitar,-486.596435546875,48.91815948486328,32.73446273803711,22.87830924987793,17.213760375976562,14.307666778564453,11.748726844787598,9.738057136535645,9.322850227355957,11.038719177246094,12.053400993347168,12.361297607421875,12.210524559020996,51.149784088134766,38.02507400512695,16.414247512817383,11.846205711364746,9.172764778137207,7.920106887817383,8.430726051330566,8.949539184570312,8.86585521697998,6.048433780670166,4.375945091247559,4.639655590057373,5.366236209869385,340.56926587725724,175.999592060706,1257.6251651401649,352.77882976169735,229.2987813877519,354.87597986451334,0.055340372025966644,0.04755755886435509,0.5756188631057739,0.5376092791557312,0.5777691006660461,0.6183485388755798,0.6485327482223511,0.6590456366539001,0.6600726246833801,0.6306708455085754,0.600520670413971,0.5583745241165161,0.5674728751182556,0.7853724360466003,0.22080500423908234,0.34664541482925415,0.3739667236804962,0.3999268114566803,0.4199296236038208,0.4232043921947479,0.3988499045372009,0.3983258306980133,0.3839265704154968,0.35752660036087036,0.24222823977470398,0.19893193244934082,0.00527515939861461,0.008832367987762851
232,guitar_012.aiff,guitar,-447.844970703125,16.22249984741211,9.85755729675293,7.371092796325684,6.609992027282715,5.894991397857666,4.745399475097656,3.7323288917541504,2.8651249408721924,2.429302453994751,2.6823270320892334,3.4692227840423584,3.8140687942504883,32.84883499145508,24.97340202331543,10.470070838928223,6.729057788848877,6.23438835144043,4.59291410446167,3.2971746921539307,3.661755084991455,4.6052727699279785,4.944749355316162,4.59189510345459,3.668170690536499,3.4353628158569336,1190.936248437789,1479.4590963117078,2030.0720169494361,813.4385859372078,2201.349103009259,2786.0899915151786,0.011653605848550797,0.03388098254799843,0.5038020610809326,0.5642116069793701,0.6245189309120178,0.707988977432251,0.7448790073394775,0.7114267945289612,0.686098039150238,0.6508007645606995,0.5962117910385132,0.5603402256965637,0.5344902276992798,0.4800851345062256,0.2864578366279602,0.3252241909503937,0.3427906334400177,0.36509057879447937,0.33581820130348206,0.36010631918907166,0.36778727173805237,0.36522412300109863,0.35132163763046265,0.3257791996002197,0.2942403256893158,0.2746586501598358,0.04425312560281636,0.15050501056987167
233,guitar_013.aiff,guitar,-471.8885192871094,31.776166915893555,22.332307815551758,17.721508026123047,14.829447746276855,13.155471801757812,11.434184074401855,9.899622917175293,8.28265380859375,8.581789016723633,9.238761901855469,10.049371719360352,9.834699630737305,45.65135192871094,27.7854061126709,13.279854774475098,9.293133735656738,7.044060230255127,5.432525157928467,5.650923728942871,6.1188225746154785,7.512557506561279,6.841598033905029,6.020813941955566,5.358355522155762,5.868024826049805,649.6843604524797,1151.004225299521,1532.0826901819162,675.1187758551636,824.9620104049887,2125.142200159021,0.047276753932237625,0.047241002321243286,0.5726889967918396,0.6228821873664856,0.6676754355430603,0.7157456278800964,0.7421253323554993,0.7315000891685486,0.7231756448745728,0.7044963240623474,0.6626805067062378,0.6083353757858276,0.5534226894378662,0.49991750717163086,0.2970535159111023,0.31558653712272644,0.338853120803833,0.36081719398498535,0.37171196937561035,0.3832298517227173,0.3733181655406952,0.3588380217552185,0.3477350175380707,0.3315747082233429,0.30233079195022583,0.2718510627746582,0.02814915860893124,0.11862310035260216
234,guitar_014.aiff,guitar,-474.31329345703125,20.672157287597656,14.076786041259766,12.668627738952637,11.486411094665527,11.286277770996094,10.797879219055176,10.267513275146484,10.183124542236328,11.756468772888184,13.971636772155762,15.484334945678711,14.839271545410156,41.78751754760742,16.153095245361328,7.242105007171631,5.8321685791015625,5.828678607940674,5.127011775970459,5.133998394012451,5.512668609619141,6.4312872886657715,6.650750160217285,8.938146591186523,10.234737396240234,10.444135665893555,610.8002798223844,1268.2356788444738,1354.0048672182609,686.8928985272044,756.4769474265232,2152.159533696741,0.04810107871890068,0.07642488181591034,0.644217848777771,0.701961100101471,0.7541841268539429,0.789542555809021,0.804145097732544,0.7860220074653625,0.7679849863052368,0.7321133613586426,0.695641279220581,0.6461986303329468,0.5797330141067505,0.5260224938392639,0.26396316289901733,0.26552891731262207,0.28533926606178284,0.3088894784450531,0.33168208599090576,0.36050793528556824,0.36070871353149414,0.35199984908103943,0.34042879939079285,0.31746792793273926,0.2852664887905121,0.24488511681556702,0.033785822189645306,0.13211919483227458
235,guitar_015.aiff,guitar,-468.2637023925781,37.092594146728516,24.768264770507812,17.93345069885254,14.566993713378906,13.226517677307129,12.490334510803223,11.336243629455566,8.659626960754395,5.99193811416626,4.073314189910889,3.251439094543457,2.6725175380706787,37.398162841796875,32.934444427490234,14.86297607421875,8.717059135437012,7.212671756744385,5.6277289390563965,5.22334623336792,5.414231300354004,6.1330952644348145,7.15040397644043,7.818317890167236,8.285784721374512,8.883710861206055,715.6385101261051,1319.1599548879276,1452.8109058256375,773.9588777095903,1027.8471335084844,2286.9921710961817,0.0641135424375534,0.08251546323299408,0.491800993680954,0.577190637588501,0.6372031569480896,0.6470167636871338,0.6463941931724548,0.6504350900650024,0.6327551007270813,0.5864513516426086,0.5439627170562744,0.481535404920578,0.42797479033470154,0.3959360122680664,0.32845616340637207,0.3390463888645172,0.35517507791519165,0.3812723457813263,0.4027579724788666,0.4084031283855438,0.4043406546115875,0.4006073474884033,0.3876242935657501,0.3572876751422882,0.3216864764690399,0.2901771664619446,0.0373383568742769,0.13808300186694505
236,guitar_016.aiff,guitar,-446.13482666015625,34.87948989868164,25.626266479492188,20.515838623046875,16.918508529663086,14.62004280090332,13.2651948928833,11.847060203552246,9.900927543640137,8.182587623596191,7.345270156860352,6.910617351531982,6.401073932647705,31.96376609802246,30.85214614868164,16.91358757019043,11.415815353393555,8.725658416748047,6.874948978424072,5.907381534576416,5.393086910247803,5.0090742111206055,5.556569576263428,5.541645050048828,5.426414966583252,5.901951789855957,579.3893896909485,1210.0523766499673,1365.7918964838627,652.1626179681678,664.7675765909028,1988.9165783704295,0.04667593538761139,0.0560462661087513,0.44571977853775024,0.5219539403915405,0.6270687580108643,0.6832383275032043,0.6859240531921387,0.6521446704864502,0.63051837682724,0.6046267747879028,0.5678781270980835,0.5341548323631287,0.4771398603916168,0.41518762707710266,0.3058735430240631,0.3276880383491516,0.3505878150463104,0.3600512444972992,0.36828237771987915,0.38437342643737793,0.38370952010154724,0.37535539269447327,0.35876426100730896,0.34796595573425293,0.30994442105293274,0.2902502417564392,0.0287112881508079,0.1259162500198826
237,guitar_017.aiff,guitar,-451.7894592285156,30.512643814086914,22.53335952758789,17.893749237060547,14.91534423828125,12.88696575164795,11.105435371398926,9.566319465637207,8.011646270751953,6.911675930023193,6.613121509552002,6.708641052246094,6.741298675537109,35.470577239990234,30.954490661621094,16.891502380371094,11.04761028289795,8.511959075927734,6.819960594177246,6.19509220123291,6.290428161621094,6.472286701202393,6.563056468963623,6.134591102600098,5.471068382263184,5.214305877685547,766.487492427827,1341.854913791495,1514.477408396183,779.5637238550801,1190.0963628561344,2367.2726705071755,0.02724124677479267,0.03351983055472374,0.5461961030960083,0.619440495967865,0.637590765953064,0.6419389843940735,0.6434981822967529,0.6180368661880493,0.5898203253746033,0.5682587623596191,0.5336751341819763,0.49251648783683777,0.45621204376220703,0.42548123002052307,0.3078080415725708,0.32630446553230286,0.33479440212249756,0.37746521830558777,0.3881586790084839,0.4031502604484558,0.4038723111152649,0.39121517539024353,0.3706490695476532,0.35280612111091614,0.31669923663139343,0.2615906000137329,0.03339964065708419,0.13272629984314097
238,guitar_018.aiff,guitar,-467.3179626464844,38.75162124633789,29.269540786743164,21.663633346557617,16.456727981567383,12.932332992553711,10.320735931396484,8.299989700317383,6.611259937286377,5.514800071716309,5.455764293670654,6.102592945098877,6.756809234619141,40.740821838378906,42.82767105102539,24.922706604003906,15.540702819824219,11.21940803527832,8.689359664916992,7.637115001678467,7.540548801422119,7.493709087371826,7.398990631103516,6.667610168457031,5.597048759460449,5.062629222869873,1094.8763594255165,1506.2207036317757,1890.6129806584456,899.0815999012434,1963.5910397896566,2894.288154630139,0.031033281236886978,0.052470333874225616,0.426573783159256,0.42782214283943176,0.4631994962692261,0.5415114760398865,0.6610094904899597,0.6825962662696838,0.6302272081375122,0.595927357673645,0.5597260594367981,0.500045120716095,0.47308486700057983,0.4341742694377899,0.3035684823989868,0.33161187171936035,0.36635059118270874,0.38096553087234497,0.3688332438468933,0.35364750027656555,0.3547583520412445,0.3656806945800781,0.340559720993042,0.3208402097225189,0.3069647252559662,0.30319473147392273,0.039214221898056185,0.13945212318964578
239,guitar_019.aiff,guitar,-470.7331848144531,31.144529342651367,23.289691925048828,18.937450408935547,16.00782012939453,14.201440811157227,12.292072296142578,10.520181655883789,8.103898048400879,6.639011859893799,6.570108413696289,7.894039154052734,8.904617309570312,41.47636032104492,26.801637649536133,14.143166542053223,10.110734939575195,8.171730041503906,6.250417709350586,5.979940414428711,5.972334384918213,7.700639724731445,9.250373840332031,8.850656509399414,6.812830448150635,6.742817401885986,669.5032748955537,1366.7758951970009,1444.9499630063372,652.3614994624668,771.9992471135878,2238.033903811934,0.05222126096487045,0.05430788919329643,0.5506024956703186,0.6076557040214539,0.662355363368988,0.7188348770141602,0.7354815006256104,0.7140505909919739,0.6946977972984314,0.6658329963684082,0.6273598670959473,0.5834112167358398,0.5292824506759644,0.48897796869277954,0.30044522881507874,0.32046234607696533,0.3391440510749817,0.35736072063446045,0.36858296394348145,0.388949453830719,0.38816705346107483,0.3783682882785797,0.3656139671802521,0.34415537118911743,0.30806049704551697,0.2778671979904175,0.037819377127269085,0.1436571568551295
240,guitar_020.aiff,guitar,-501.82830810546875,37.511531829833984,25.09248924255371,19.06902503967285,16.78805160522461,16.08583641052246,14.26170539855957,13.254952430725098,11.78342342376709,11.46833610534668,12.924619674682617,16.51395606994629,19.277807235717773,56.689125061035156,30.28329086303711,13.229264259338379,11.285723686218262,9.276430130004883,7.026487350463867,8.196270942687988,7.401644706726074,8.608119010925293,9.744226455688477,9.423019409179688,8.473349571228027,13.57573413848877,497.3262782057116,906.49261080883,1373.1076971274667,534.761536216259,542.405086684512,1646.4514201057343,0.05713735520839691,0.05092046409845352,0.6538347601890564,0.7723652720451355,0.718669593334198,0.7250106334686279,0.7497934699058533,0.749633252620697,0.7418152093887329,0.7247339487075806,0.6885337829589844,0.6347323656082153,0.5616369843482971,0.5076792240142822,0.25133761763572693,0.21848183870315552,0.28226786851882935,0.36100977659225464,0.3759594261646271,0.3843570947647095,0.3740845024585724,0.3583652675151825,0.3405863642692566,0.31826305389404297,0.2878604531288147,0.2437388002872467,0.02032203218376494,0.09408725581825347
241,guitar_021.aiff,guitar,-443.6763610839844,32.554508209228516,23.144784927368164,17.837890625,15.032005310058594,13.160526275634766,11.812545776367188,11.199732780456543,9.96484661102295,8.740424156188965,8.806570053100586,10.269999504089355,11.318729400634766,36.539188385009766,30.792938232421875,13.876849174499512,8.38508129119873,7.186713218688965,5.318752765655518,5.477351665496826,5.661377429962158,6.088728904724121,7.260253429412842,6.991855621337891,4.6013288497924805,3.9255175590515137,476.46046214449706,1039.8769836669924,1276.1305455865854,595.2329335950731,500.48384232954544,1774.4995114269234,0.06394916027784348,0.06263449788093567,0.5668326616287231,0.6201170682907104,0.6760433316230774,0.721579909324646,0.7480611205101013,0.7419446110725403,0.7433556914329529,0.783241331577301,0.7337950468063354,0.6703556180000305,0.6129193305969238,0.5420546531677246,0.2712555229663849,0.30395033955574036,0.3222689926624298,0.3538517951965332,0.36967432498931885,0.3838866353034973,0.3527543544769287,0.3060764968395233,0.2885251045227051,0.28479641675949097,0.2623005211353302,0.2523013651371002,0.021766876665965208,0.10604617906453338
242,guitar_022.aiff,guitar,-482.5910949707031,29.5302791595459,20.690080642700195,18.52689552307129,16.986373901367188,15.812029838562012,15.649497032165527,17.146757125854492,16.70530891418457,15.640649795532227,14.977738380432129,14.908327102661133,13.458163261413574,51.37821578979492,19.597835540771484,8.874187469482422,8.100507736206055,7.92218542098999,8.282431602478027,7.949924945831299,7.991703987121582,9.650248527526855,9.595108985900879,9.946956634521484,11.168878555297852,11.5550537109375,762.1232650545243,1505.6011539896122,1507.8446058451702,633.1504399376441,938.0910842483108,2421.112869195008,0.06388608366250992,0.053344860672950745,0.6095778942108154,0.6757392287254333,0.7362846732139587,0.791451096534729,0.8080925345420837,0.7934395670890808,0.7783440947532654,0.7496473789215088,0.7137013077735901,0.6603841781616211,0.5902554988861084,0.527125358581543,0.2594981789588928,0.26966971158981323,0.28774842619895935,0.3097461760044098,0.3238832950592041,0.3511332869529724,0.3473209738731384,0.33423730731010437,0.3189411461353302,0.2983817756175995,0.2679653763771057,0.24046817421913147,0.04624171901393581,0.16071000496807952
243,guitar_023.aiff,guitar,-480.3527526855469,21.58679962158203,14.106038093566895,10.899823188781738,9.179922103881836,7.531283855438232,5.847355842590332,4.550753116607666,3.6273722648620605,3.1142048835754395,3.069775342941284,3.540107488632202,4.083505153656006,35.35982894897461,28.82373046875,12.867334365844727,8.20502758026123,6.334412574768066,4.729637622833252,4.727381229400635,5.653862953186035,6.407257080078125,6.791029453277588,6.365796089172363,5.074963092803955,4.161061763763428,1097.2219156441317,1493.7134476598594,1878.283713863586,917.1967271864705,1989.2939545387446,2925.504311490708,0.02002069540321827,0.04348284751176834,0.6121427416801453,0.737766444683075,0.6939597725868225,0.6984456777572632,0.6858055591583252,0.6286361217498779,0.6075844168663025,0.5880486369132996,0.5632662177085876,0.5297902226448059,0.4825989902019501,0.44704529643058777,0.2853899896144867,0.24314989149570465,0.29906895756721497,0.37081179022789,0.4003628194332123,0.4258491098880768,0.4257999360561371,0.40933796763420105,0.38897737860679626,0.36454933881759644,0.32766860723495483,0.2787967622280121,0.042347397915152615,0.14516064659666383
244,guitar_024.aiff,guitar,-514.8389892578125,46.33279800415039,30.533309936523438,26.135738372802734,21.02016830444336,15.629508972167969,13.99669075012207,13.933891296386719,11.636237144470215,8.751660346984863,8.535916328430176,10.790955543518066,11.304354667663574,58.072933197021484,31.32829475402832,16.65546226501465,10.571972846984863,8.35505485534668,10.300488471984863,9.071394920349121,7.942708492279053,8.216176986694336,9.935556411743164,9.445408821105957,6.0839738845825195,6.93439245223999,557.3219949683422,1061.7542836523858,1413.4036447848018,563.4802121721254,603.5867637022586,1815.390031419533,0.061663668602705,0.046798549592494965,0.5205919146537781,0.5715780258178711,0.6230706572532654,0.6764776110649109,0.7350738048553467,0.744842529296875,0.734237015247345,0.7038213610649109,0.6696928143501282,0.6181755065917969,0.5619469881057739,0.4888240694999695,0.2998911738395691,0.32926955819129944,0.35259076952934265,0.3725787401199341,0.37447068095207214,0.37204182147979736,0.36551666259765625,0.35460084676742554,0.34221935272216797,0.3202994763851166,0.2971678376197815,0.27559053897857666,0.024760942797666535,0.10849718848938686
245,guitar_025.aiff,guitar,-453.582275390625,40.39934158325195,27.753677368164062,18.246801376342773,13.429428100585938,11.263190269470215,9.953129768371582,8.655675888061523,7.515805721282959,6.715963363647461,6.4758429527282715,6.840703964233398,7.268812656402588,41.947322845458984,43.91227722167969,21.585561752319336,12.328469276428223,10.525891304016113,8.783461570739746,6.931611061096191,6.163262367248535,5.6748552322387695,5.644055366516113,5.660546779632568,5.249191761016846,5.059206008911133,1278.0918440364812,1376.540097318185,2208.8292714807176,834.4010453216597,2631.9298016538232,2973.843553574971,0.02819131501019001,0.048850901424884796,0.5136647820472717,0.5026272535324097,0.5410667061805725,0.6065511703491211,0.6984617710113525,0.6803252100944519,0.5800350904464722,0.5463168025016785,0.6033555269241333,0.7040188908576965,0.6819242238998413,0.5800565481185913,0.3056625425815582,0.32725295424461365,0.35127687454223633,0.36329686641693115,0.33522558212280273,0.3624129891395569,0.37789228558540344,0.381507009267807,0.31910979747772217,0.2812446057796478,0.22673991322517395,0.2981112599372864,0.03590333204063251,0.12644036031780723
246,guitar_026.aiff,guitar,-484.9027099609375,10.360806465148926,8.152462005615234,7.1948323249816895,6.811596393585205,6.529006481170654,6.212166786193848,5.706295013427734,5.134204387664795,4.614415645599365,4.324472904205322,4.333584785461426,4.294127941131592,15.200470924377441,13.777209281921387,7.774927139282227,6.080315113067627,5.501693248748779,5.049063682556152,4.80062198638916,4.363687992095947,3.860832452774048,3.7633447647094727,3.816326379776001,3.636918067932129,3.48517107963562,1480.4454170944703,1557.830939967415,2383.790831137666,838.1778799526833,3184.90957230888,3170.7700827348585,0.009577784687280655,0.043543990701436996,0.5658237338066101,0.682658851146698,0.7445774078369141,0.7941223382949829,0.7724521160125732,0.7158862948417664,0.6823158860206604,0.662291944026947,0.629112720489502,0.5715298652648926,0.5130666494369507,0.4672009348869324,0.27013078331947327,0.2656140625476837,0.26202234625816345,0.2844139635562897,0.30845874547958374,0.3600786328315735,0.3618532717227936,0.3533473610877991,0.3319435715675354,0.30833980441093445,0.27918046712875366,0.2461724579334259,0.043757438891761986,0.14844703258896544
247,guitar_027.aiff,guitar,-490.51312255859375,34.263336181640625,22.535818099975586,16.991178512573242,14.573761940002441,13.242923736572266,12.066475868225098,10.420928955078125,8.644140243530273,7.191967010498047,6.541865348815918,6.556065559387207,6.411464214324951,42.809913635253906,37.07073974609375,16.970191955566406,11.760139465332031,9.726510047912598,8.234551429748535,6.597888469696045,6.411567687988281,6.976995468139648,7.23263692855835,6.6183977127075195,6.128701686859131,5.917402744293213,1376.5306410787457,1516.0631736434336,2258.8480612012913,867.5596822517938,2905.6633632905728,3135.4738983814473,0.041727159172296524,0.06139853596687317,0.6514430046081543,0.7309551239013672,0.7262776494026184,0.7500598430633545,0.7260410785675049,0.6740981936454773,0.6509970426559448,0.6254679560661316,0.5919175744056702,0.5435032844543457,0.4884965121746063,0.49477651715278625,0.25490257143974304,0.2503542900085449,0.29731836915016174,0.35221049189567566,0.3779296576976776,0.40588057041168213,0.3993659019470215,0.37873148918151855,0.3521217405796051,0.3209804892539978,0.28269410133361816,0.24959507584571838,0.045478523393993636,0.1508440714650763
248,guitar_028.aiff,guitar,-443.7597961425781,60.35151290893555,37.50810623168945,28.011795043945312,25.870325088500977,24.188779830932617,21.4296875,15.571737289428711,10.392707824707031,10.965967178344727,14.256918907165527,16.426715850830078,16.01438331604004,46.50221633911133,35.16853713989258,13.168957710266113,11.343527793884277,6.913294315338135,4.480788230895996,4.503080368041992,7.653403282165527,12.785404205322266,10.349649429321289,4.448906421661377,4.072174549102783,3.8887720108032227,249.8891458961297,165.1888903295288,1133.053971405606,317.7490402400466,121.86606099286418,318.26618756946795,0.21746379137039185,0.12650340795516968,0.6505908966064453,0.6920568346977234,0.7587355375289917,0.8177950978279114,0.8331395387649536,0.8379550576210022,0.8227381110191345,0.7950627207756042,0.7586882710456848,0.7008991241455078,0.6940381526947021,0.7423429489135742,0.20424799621105194,0.24937549233436584,0.2458546757698059,0.24573439359664917,0.2884689271450043,0.28896549344062805,0.2761731743812561,0.2696392238140106,0.2597365081310272,0.23955917358398438,0.12252014875411987,0.17398454248905182,0.002174197219488189,0.0039061218085532775
249,guitar_029.aiff,guitar,-478.4657897949219,34.01369857788086,26.18159294128418,22.416851043701172,20.458389282226562,18.184843063354492,15.633306503295898,13.457901954650879,11.621977806091309,11.206376075744629,11.447447776794434,11.377375602722168,10.795022964477539,34.219425201416016,28.212034225463867,14.255570411682129,10.01111888885498,8.205038070678711,6.79392147064209,6.8657426834106445,7.331916809082031,8.141671180725098,7.474556922912598,6.320157527923584,5.530636310577393,6.248151779174805,584.2011108170196,1229.9458804553444,1428.59563503877,617.2946857386453,626.6823436227606,2060.119183926234,0.06489142775535583,0.05579352378845215,0.6297087073326111,0.6935057640075684,0.7452024221420288,0.7877339720726013,0.8178766965866089,0.8031139373779297,0.7915202975273132,0.7708098292350769,0.7309609055519104,0.6769366264343262,0.615451991558075,0.5567461252212524,0.24347423017024994,0.25091055035591125,0.27008768916130066,0.296163409948349,0.30606675148010254,0.3267355263233185,0.31812894344329834,0.3013594150543213,0.29253751039505005,0.2803700864315033,0.2525598108768463,0.2276151031255722,0.02852912146637971,0.12813305558094337
250,guitar_030.aiff,guitar,-478.31982421875,46.42305374145508,30.854049682617188,24.688335418701172,23.015544891357422,21.48977279663086,19.31368064880371,17.082048416137695,14.9213228225708,16.0363826751709,17.18598175048828,17.93665313720703,16.27057456970215,47.998531341552734,29.908639907836914,12.801307678222656,9.939186096191406,8.57883358001709,7.89389705657959,7.710224628448486,7.655967712402344,8.600794792175293,8.37181282043457,9.564946174621582,10.146443367004395,10.148651123046875,549.9040479689361,1027.5664152111062,1479.3831169934863,571.0010131028168,544.3949141666133,1764.7285734470693,0.12178077548742294,0.09348636865615845,0.6620145440101624,0.7209988236427307,0.7765403985977173,0.817186713218689,0.8471628427505493,0.8336143493652344,0.8142992258071899,0.7825214862823486,0.7451372146606445,0.6900978088378906,0.6141287684440613,0.5488606095314026,0.23092451691627502,0.229117289185524,0.24873168766498566,0.27372273802757263,0.29012438654899597,0.3179726004600525,0.31889358162879944,0.30932003259658813,0.29807305335998535,0.2796124815940857,0.2529166042804718,0.2194955050945282,0.02179296074128652,0.10588590857510242
251,guitar_031.aiff,guitar,-488.4261169433594,25.981346130371094,19.43742561340332,15.910508155822754,14.136521339416504,12.72204303741455,11.497660636901855,9.981219291687012,8.165627479553223,6.4890336990356445,5.189732551574707,4.287018775939941,3.847588300704956,26.868066787719727,25.083667755126953,12.464821815490723,8.453824043273926,6.754855632781982,5.327147006988525,4.89845085144043,4.8706746101379395,5.17710542678833,5.641533374786377,6.398133277893066,7.375885009765625,8.004847526550293,625.7831882850654,1258.9275538130569,1444.634411156758,680.1153872745483,718.1223751694957,2135.878259623913,0.026778528466820717,0.03195098042488098,0.5232174396514893,0.6138100028038025,0.6749216318130493,0.6931859254837036,0.6976895928382874,0.6961448788642883,0.6843445301055908,0.6338968276977539,0.5861444473266602,0.5290635228157043,0.47079411149024963,0.42918798327445984,0.30197378993034363,0.3140844702720642,0.32888972759246826,0.35410985350608826,0.3801769018173218,0.38917970657348633,0.3838205337524414,0.3798961937427521,0.3711720407009125,0.34362247586250305,0.3088502287864685,0.27794548869132996,0.031182515568501407,0.12842850864110045
252,guitar_032.aiff,guitar,-425.38916015625,41.4152717590332,26.635507583618164,23.83623695373535,19.890417098999023,18.20792007446289,15.34078598022461,14.403670310974121,11.95922565460205,10.690389633178711,8.6112642288208,7.777279853820801,6.2292985916137695,44.28466033935547,30.567289352416992,15.405710220336914,11.447700500488281,9.045889854431152,7.515108585357666,6.040699481964111,6.08280086517334,5.426627159118652,5.599240779876709,5.557713985443115,5.991319179534912,6.367465972900391,733.4753769125613,1224.7260017897954,1647.8765276820898,676.911839033367,978.3232474877035,2185.3979769494936,0.08668646961450577,0.09188476204872131,0.4844399690628052,0.5783469676971436,0.6792275309562683,0.7316659092903137,0.728723406791687,0.695722758769989,0.6595638394355774,0.6207864284515381,0.5851072072982788,0.5466137528419495,0.49889907240867615,0.44611406326293945,0.2968011200428009,0.3162350356578827,0.3371502161026001,0.33084115386009216,0.3494330048561096,0.3662145137786865,0.3737947642803192,0.3703933656215668,0.3569518029689789,0.3377838134765625,0.30329620838165283,0.28847789764404297,0.029061413458276796,0.12669875090163155
253,guitar_033.aiff,guitar,-459.38311767578125,37.94344711303711,26.368417739868164,20.152584075927734,15.131664276123047,11.931684494018555,9.15178108215332,7.249770641326904,6.145009517669678,5.866574764251709,6.247067451477051,7.25203275680542,7.71189022064209,38.47990417480469,34.84053421020508,18.86528778076172,11.908978462219238,8.317615509033203,7.075536251068115,7.053851127624512,7.345660209655762,7.57643985748291,7.226070880889893,6.323032379150391,5.4810404777526855,5.589383602142334,1070.4018080649018,1373.393867924087,1952.491606488237,807.6149712852293,1959.5706950905974,2726.4227447601347,0.03498203307390213,0.043248530477285385,0.5714262127876282,0.5682144165039062,0.5870046019554138,0.6096388101577759,0.6205976605415344,0.6135034561157227,0.586097776889801,0.5761833786964417,0.5423940420150757,0.5075757503509521,0.521308958530426,0.4958629906177521,0.31113916635513306,0.3413987457752228,0.3539145588874817,0.39760494232177734,0.38267600536346436,0.4032849371433258,0.40058258175849915,0.38571664690971375,0.36940261721611023,0.3517926335334778,0.3266364336013794,0.26926806569099426,0.03866890992286973,0.13612275336888333
254,guitar_034.aiff,guitar,-482.1199035644531,46.23147201538086,23.91195297241211,20.360546112060547,19.162691116333008,15.883885383605957,12.478241920471191,10.019838333129883,9.409926414489746,10.094571113586426,11.912083625793457,12.616212844848633,9.026185035705566,69.92346954345703,32.459197998046875,14.630041122436523,9.550158500671387,6.761442184448242,4.491062164306641,5.974101543426514,7.178401470184326,7.359286785125732,5.662778854370117,4.729593276977539,2.7882533073425293,7.020798206329346,314.47750823609374,275.3378447153322,1100.4145356271408,368.23650141704724,333.6513157894737,751.5990515321583,0.05012664198875427,0.04921548068523407,0.5950040817260742,0.5617825388908386,0.5977087020874023,0.6337430477142334,0.6512927412986755,0.6572301387786865,0.6572021245956421,0.6175986528396606,0.5881097912788391,0.5532368421554565,0.6489127278327942,0.8231647610664368,0.2595716118812561,0.374932199716568,0.39743340015411377,0.41543349623680115,0.4367591142654419,0.4323882460594177,0.4026537239551544,0.41037461161613464,0.39467769861221313,0.3636608123779297,0.16531994938850403,0.16963008046150208,0.005155222039473684,0.008378486845229028
255,guitar_035.aiff,guitar,-467.50146484375,48.68251419067383,36.572654724121094,26.080881118774414,18.71741485595703,13.675114631652832,9.952903747558594,7.316028118133545,5.663466453552246,4.9242634773254395,5.321047306060791,6.461596965789795,7.5259623527526855,43.883201599121094,47.07228088378906,28.0450496673584,17.879932403564453,12.662668228149414,9.217284202575684,8.040632247924805,8.014345169067383,7.815574645996094,7.392129898071289,6.547214984893799,5.469157695770264,5.058341026306152,1093.8343524273548,1320.9953430722373,1972.0258497224913,914.2286574509012,2231.4844683021497,2881.850182761729,0.044181935489177704,0.07931630313396454,0.3816795349121094,0.3927093744277954,0.4367923438549042,0.521460235118866,0.6527390480041504,0.6823149919509888,0.6666836142539978,0.5965175628662109,0.5438545346260071,0.46662041544914246,0.4164208173751831,0.37521588802337646,0.28599855303764343,0.3202006220817566,0.3481553792953491,0.36550408601760864,0.3721541464328766,0.33221718668937683,0.3380419909954071,0.337258517742157,0.32329991459846497,0.3058013916015625,0.27904921770095825,0.25125259160995483,0.03188834220740446,0.1168086278113824
256,guitar_036.aiff,guitar,-465.6304626464844,31.63438606262207,23.822418212890625,20.59018325805664,18.910648345947266,17.16900062561035,15.5416259765625,14.126140594482422,11.616451263427734,9.688233375549316,8.792861938476562,9.11107349395752,9.286705017089844,34.34794998168945,25.42633056640625,12.804731369018555,9.318731307983398,7.943638801574707,6.770261287689209,6.090796947479248,5.585405349731445,6.554332733154297,8.112434387207031,8.286848068237305,6.421391487121582,5.980816841125488,640.9575789995687,1320.6458738908407,1445.0126643054346,669.87414024827,794.2629333860884,2220.6968405154885,0.06626799702644348,0.059282850474119186,0.6104339957237244,0.6876123547554016,0.7452510595321655,0.7973296642303467,0.8152987957000732,0.7940850853919983,0.7658396363258362,0.7283471822738647,0.6936483383178711,0.6385270357131958,0.5794193744659424,0.521487295627594,0.25833451747894287,0.25640565156936646,0.27089816331863403,0.2903372347354889,0.30620452761650085,0.3366566300392151,0.33876851201057434,0.3314761519432068,0.31934383511543274,0.29693204164505005,0.27164915204048157,0.24114972352981567,0.034374907842481914,0.14020011965523954
257,guitar_037.aiff,guitar,-453.14483642578125,50.4897346496582,34.487064361572266,26.0580997467041,22.211517333984375,19.415647506713867,17.28201675415039,15.313349723815918,13.849187850952148,14.466630935668945,15.74337100982666,17.77936553955078,19.34273338317871,41.01102066040039,30.51103401184082,12.672921180725098,10.366691589355469,9.392963409423828,9.25669002532959,9.102754592895508,9.011026382446289,8.771445274353027,6.877347469329834,5.824504375457764,7.167811870574951,10.339315414428711,497.87312290170104,1241.51979603935,1244.0746108190444,530.3004661096096,482.8715245863971,1845.3608834123518,0.21974126994609833,0.15344838798046112,0.7106360793113708,0.7582253217697144,0.7379396557807922,0.7815007567405701,0.8044824004173279,0.7964046597480774,0.7799714803695679,0.7529409527778625,0.710776150226593,0.6538867354393005,0.5832095146179199,0.5333291292190552,0.1964646875858307,0.19749988615512848,0.2722993791103363,0.3131090998649597,0.3258017599582672,0.34756243228912354,0.340741902589798,0.3220948576927185,0.3069288730621338,0.28743430972099304,0.260538250207901,0.20941270887851715,0.027955537683823528,0.1312076503317933
258,guitar_038.aiff,guitar,-469.5035095214844,34.27587127685547,26.165138244628906,22.96683120727539,20.444955825805664,17.775930404663086,15.589086532592773,13.723987579345703,11.409758567810059,9.737922668457031,9.523435592651367,9.954353332519531,10.273829460144043,35.379337310791016,28.731975555419922,15.366379737854004,11.48328971862793,8.618535995483398,6.4937286376953125,6.578694820404053,7.354273319244385,7.953064441680908,7.892923831939697,6.8142266273498535,5.026431083679199,4.371293544769287,524.581952402387,1148.1101523500254,1355.3590440168186,586.6754016220405,517.6307770143072,1862.6267752900858,0.061561379581689835,0.05580168962478638,0.5919208526611328,0.6371061205863953,0.6920387148857117,0.7407438158988953,0.766080915927887,0.7578529119491577,0.7597803473472595,0.7848989963531494,0.7630448341369629,0.7192416191101074,0.626484215259552,0.5603827238082886,0.2661122679710388,0.30288511514663696,0.3224804699420929,0.3460690379142761,0.3596397638320923,0.37286093831062317,0.3457767367362976,0.306890606880188,0.2603895366191864,0.2650379240512848,0.24144186079502106,0.25496912002563477,0.02548166998350545,0.1203045305261582
259,guitar_039.aiff,guitar,-455.8437194824219,39.1197624206543,27.352684020996094,22.773988723754883,20.565078735351562,18.64107894897461,18.062999725341797,18.623266220092773,17.887737274169922,16.88475799560547,15.88804817199707,15.713619232177734,13.861388206481934,42.320953369140625,26.802528381347656,11.64306640625,9.043567657470703,8.91415786743164,9.654058456420898,8.273842811584473,8.265853881835938,10.129083633422852,9.240399360656738,9.39196491241455,10.385743141174316,10.480545997619629,769.3324317876184,1594.5993070224533,1514.95624987807,625.6545786989161,865.3998579545455,2478.8503117510068,0.13985182344913483,0.1073300689458847,0.6367529034614563,0.7102279663085938,0.7847487330436707,0.8385100960731506,0.8495696187019348,0.833617627620697,0.8159816265106201,0.7875592112541199,0.7426674962043762,0.6848868727684021,0.6164578795433044,0.5525212287902832,0.22931063175201416,0.2298876792192459,0.2359026074409485,0.2542961537837982,0.27195310592651367,0.3089960515499115,0.3048679232597351,0.29183414578437805,0.2801435589790344,0.26320743560791016,0.23572584986686707,0.21482102572917938,0.0484140625,0.1700340162668753
260,guitar_040.aiff,guitar,-458.82501220703125,48.286380767822266,31.62114143371582,27.4212703704834,23.05022430419922,19.39421272277832,16.605627059936523,16.23900604248047,13.031895637512207,11.68188190460205,10.130786895751953,11.139371871948242,10.639583587646484,60.76223373413086,30.13795280456543,16.218482971191406,10.499685287475586,9.466719627380371,8.81993293762207,8.195008277893066,7.259992599487305,7.827585220336914,8.175108909606934,8.269000053405762,6.936297416687012,6.979297161102295,709.2144552682676,1397.826417486386,1522.491732316239,674.3213761486808,918.3868827894769,2358.3998555655994,0.14952465891838074,0.10684951394796371,0.6078246831893921,0.6726330518722534,0.7402822375297546,0.8018906712532043,0.8360053300857544,0.827231764793396,0.8299840688705444,0.7973332405090332,0.7677126526832581,0.7025735378265381,0.6149322986602783,0.550586998462677,0.22506938874721527,0.24513521790504456,0.2569931745529175,0.2724612057209015,0.28378909826278687,0.30137690901756287,0.28263333439826965,0.2621189057826996,0.24455735087394714,0.24008679389953613,0.22700704634189606,0.21516232192516327,0.036738367586566796,0.14646164815496776
261,guitar_041.aiff,guitar,-475.3308410644531,18.580411911010742,11.608519554138184,9.574785232543945,9.50806999206543,9.179903984069824,8.472136497497559,7.19608211517334,5.601297378540039,4.7717084884643555,5.583542346954346,7.033154010772705,7.2971882820129395,36.93162536621094,18.563112258911133,7.188210487365723,5.712654113769531,4.84270715713501,4.252912521362305,3.7964327335357666,3.49519419670105,4.626733303070068,5.825096130371094,4.67969274520874,3.9087555408477783,4.222953796386719,674.9792286897291,1450.8536604487633,1327.2340149875727,712.7785517080205,875.8933122631536,2381.2029319067437,0.02127835527062416,0.04814225807785988,0.574977695941925,0.646632969379425,0.687232255935669,0.7317433953285217,0.7557080388069153,0.7359715700149536,0.707936704158783,0.6508713960647583,0.6080854535102844,0.5620856285095215,0.5049353241920471,0.46451568603515625,0.28901079297065735,0.2882072329521179,0.31536388397216797,0.34211650490760803,0.3480953574180603,0.3702835142612457,0.38088542222976685,0.3742290735244751,0.3613807260990143,0.33489707112312317,0.29837512969970703,0.26125404238700867,0.042572718722539545,0.15294451602821604
262,guitar_042.aiff,guitar,-486.8170166015625,18.09269905090332,11.242775917053223,9.135702133178711,8.640889167785645,8.575128555297852,8.276495933532715,7.450167655944824,7.331994533538818,9.063684463500977,12.216925621032715,14.404784202575684,13.9248685836792,44.048492431640625,17.173105239868164,6.174139022827148,5.702469825744629,4.803106307983398,4.150094032287598,4.519759654998779,4.52131986618042,5.203664779663086,6.314813613891602,9.08314323425293,10.787894248962402,11.337339401245117,706.0649446945293,1469.4024257890483,1382.9084235520575,697.0841549745278,883.563829787234,2371.4456744594286,0.025712519884109497,0.0564124621450901,0.6128929257392883,0.659354031085968,0.7074531316757202,0.751433253288269,0.7513052225112915,0.7208380699157715,0.6809340715408325,0.6532248258590698,0.6237833499908447,0.5802955627441406,0.5216869711875916,0.47856998443603516,0.28648075461387634,0.2915627658367157,0.314670205116272,0.3348238170146942,0.35620155930519104,0.38819044828414917,0.39280226826667786,0.38138246536254883,0.3632047772407532,0.33811861276626587,0.3035220801830292,0.2598854899406433,0.04373961103723404,0.15166183876747244
263,guitar_043.aiff,guitar,-477.8501281738281,27.19219207763672,17.736753463745117,13.311519622802734,11.171468734741211,9.658613204956055,8.919164657592773,8.576926231384277,7.035182952880859,4.992568492889404,3.767124891281128,3.340630531311035,2.683661937713623,34.81371307373047,28.72947120666504,12.133378982543945,7.734038352966309,6.724271774291992,5.212437152862549,4.990809917449951,4.3783955574035645,5.186922550201416,6.787016868591309,6.976090908050537,6.5354743003845215,6.983475208282471,694.4922399581409,1280.8539304738567,1463.301830978642,709.1824929406432,884.8558401236456,2201.621717205841,0.026834044605493546,0.04378097131848335,0.50701904296875,0.5935013890266418,0.650964617729187,0.6712061166763306,0.6765195727348328,0.6548418998718262,0.6284904479980469,0.6291569471359253,0.5682221055030823,0.5088462829589844,0.4531516134738922,0.41115981340408325,0.31776443123817444,0.32285577058792114,0.34469178318977356,0.37373027205467224,0.38892656564712524,0.40861836075782776,0.40960824489593506,0.40255603194236755,0.3870014250278473,0.36659321188926697,0.3295242190361023,0.28965485095977783,0.036451279054526387,0.13580156298737497
264,guitar_044.aiff,guitar,-443.0023193359375,27.455881118774414,19.76513671875,15.515349388122559,13.39725399017334,11.7376708984375,10.563118934631348,9.852749824523926,8.722569465637207,7.376391410827637,6.5567169189453125,6.17146110534668,5.430522918701172,31.47316551208496,29.85236167907715,15.249053955078125,9.703518867492676,7.982053756713867,6.039851188659668,5.105271339416504,4.462288856506348,4.037623882293701,4.41384220123291,4.597009181976318,3.916574239730835,4.274204254150391,685.5596101176361,1192.9697497271222,1521.0408692519177,748.6256189960833,1000.8607644449595,2228.1808884763254,0.02483244054019451,0.03773815557360649,0.4509199559688568,0.5478455424308777,0.6504936218261719,0.7113000750541687,0.7169130444526672,0.6649360060691833,0.622714638710022,0.5852332711219788,0.5444093942642212,0.5073361396789551,0.46562933921813965,0.4166621267795563,0.3054334819316864,0.32672882080078125,0.3478364944458008,0.3374093472957611,0.356539249420166,0.381458580493927,0.3910680115222931,0.386508047580719,0.37177330255508423,0.35052281618118286,0.3155173361301422,0.29184406995773315,0.027102078767700606,0.11783444749772085
265,guitar_045.aiff,guitar,-463.53216552734375,27.25514030456543,19.83281898498535,15.750263214111328,12.801030158996582,11.024917602539062,10.083005905151367,8.987995147705078,7.636253356933594,6.563307285308838,5.990830898284912,5.9755635261535645,6.083298683166504,40.28142166137695,29.373659133911133,15.313535690307617,9.821955680847168,7.459560871124268,5.83887243270874,5.423842430114746,5.465010643005371,5.4430694580078125,5.666993618011475,5.831745624542236,5.414960861206055,4.965389251708984,612.6250770886099,1076.063674780482,1407.3581751837353,741.4555725343697,894.773947540262,2034.039938036284,0.020131180062890053,0.031331080943346024,0.5394469499588013,0.607006847858429,0.6424272656440735,0.651081383228302,0.6276105642318726,0.6027807593345642,0.5813484787940979,0.5656089186668396,0.5312147736549377,0.4928748309612274,0.45121991634368896,0.42517411708831787,0.3220279812812805,0.335208535194397,0.3556397557258606,0.3780158758163452,0.3963349461555481,0.4064312279224396,0.40466877818107605,0.39082324504852295,0.36673620343208313,0.35044699907302856,0.31881943345069885,0.25982633233070374,0.023523972343280998,0.10186495628110051
266,guitar_046.aiff,guitar,-429.7077941894531,47.60227584838867,29.240158081054688,25.19628143310547,18.736799240112305,14.905381202697754,8.53023624420166,5.699544906616211,6.474483489990234,12.828054428100586,15.705680847167969,20.19446563720703,24.590543746948242,57.549072265625,18.49493980407715,6.669059753417969,5.567736625671387,6.068485260009766,6.428089141845703,11.72981071472168,11.984326362609863,11.882838249206543,3.719264507293701,3.2525475025177,6.628051280975342,13.596046447753906,575.2906793720229,297.59175806198084,1502.66329683642,305.7325996913508,686.8480925864362,853.6412502440677,0.07174306362867355,0.08262259513139725,0.4697413742542267,0.6097757816314697,0.9720407128334045,0.6112597584724426,0.5255521535873413,0.5005971789360046,0.46135956048965454,0.4276735782623291,0.39812931418418884,0.39140042662620544,0.37824639678001404,0.39795851707458496,0.3728761076927185,0.3183079659938812,0.058398518711328506,0.3356549143791199,0.40938055515289307,0.39553898572921753,0.36597132682800293,0.335154265165329,0.30337366461753845,0.2807578146457672,0.2987997233867645,0.3261108696460724,0.014686530363475177,0.01754009401210705
267,guitar_047.aiff,guitar,-386.3326721191406,92.33756256103516,43.21744155883789,29.142484664916992,21.28950309753418,17.936725616455078,13.134956359863281,10.689763069152832,3.7401440143585205,8.420621871948242,14.330023765563965,20.714941024780273,18.8828125,39.72137451171875,23.72105598449707,8.405749320983887,4.681239604949951,4.617219924926758,4.1719231605529785,4.190065860748291,5.74770450592041,8.819517135620117,7.140276908874512,4.499507904052734,7.424551486968994,7.515653610229492,566.8288583866313,219.53157906343458,1675.5599116691246,334.2488377219907,524.7966404067737,745.2250891114337,0.15119948983192444,0.05478472635149956,0.6246158480644226,0.7139765024185181,0.9630844593048096,0.6853076219558716,0.617856502532959,0.5764757990837097,0.5280108451843262,0.4988280236721039,0.48113003373146057,0.48431676626205444,0.501153290271759,0.5445592999458313,0.3580271005630493,0.2943723499774933,0.062394268810749054,0.30294591188430786,0.3590705096721649,0.34708231687545776,0.31990522146224976,0.2904167175292969,0.2664409875869751,0.2644483745098114,0.28696107864379883,0.32256925106048584,0.00813711155726257,0.008394513607012818
268,guitar_048.aiff,guitar,-420.5052185058594,65.0579605102539,38.709571838378906,27.560218811035156,19.107507705688477,12.695928573608398,6.984088897705078,4.009313583374023,8.450553894042969,14.554133415222168,20.88715171813965,27.875625610351562,31.765684127807617,39.96884536743164,18.1517333984375,6.314272403717041,4.947442531585693,4.536686420440674,5.234013557434082,7.380226135253906,9.299216270446777,5.029148578643799,4.436666488647461,4.513827323913574,3.9338722229003906,8.092602729797363,517.9367889144476,190.3018646040643,1458.4611588641576,262.48473279331125,499.671475199245,441.2923163549793,0.09300872683525085,0.07873472571372986,0.375508576631546,0.5083246827125549,0.9994134306907654,0.5211610198020935,0.3977794647216797,0.37419629096984863,0.34400826692581177,0.3226888179779053,0.30450230836868286,0.30540505051612854,0.3003769814968109,0.31774425506591797,0.28554126620292664,0.2524513900279999,0.005815431941300631,0.25791463255882263,0.311292439699173,0.3014790713787079,0.27972254157066345,0.2571595013141632,0.23335561156272888,0.21590134501457214,0.2272001951932907,0.24696102738380432,0.018967596476510067,0.03600090161560188
269,guitar_049.aiff,guitar,-419.920166015625,75.03409576416016,39.392826080322266,37.334495544433594,32.025146484375,18.943952560424805,10.871460914611816,8.129636764526367,3.6440930366516113,0.3616773188114166,1.353697419166565,5.484400749206543,12.061752319335938,69.04399871826172,35.7539176940918,21.157991409301758,9.244681358337402,7.998760223388672,5.308718204498291,5.69517707824707,5.639319896697998,7.471983432769775,11.581823348999023,11.888551712036133,9.918344497680664,5.0414533615112305,493.9868541802541,150.3590411571277,1380.31995469595,371.74059784659454,467.7241747032641,403.6840281592347,0.06947349011898041,0.07745719701051712,0.3442353308200836,0.378837525844574,0.5001891851425171,0.6999598741531372,0.4772462844848633,0.35292738676071167,0.3200392425060272,0.2990989685058594,0.28060653805732727,0.3776625990867615,0.789832592010498,0.38999390602111816,0.36073604226112366,0.3794216215610504,0.3102465271949768,0.31383803486824036,0.3132304251194,0.37042781710624695,0.34557852149009705,0.31869375705718994,0.2917720377445221,0.24437640607357025,0.28875479102134705,0.2791993319988251,0.012935830860534125,0.010451916868640809
270,guitar_050.aiff,guitar,-371.6712646484375,130.62384033203125,41.99650955200195,31.640365600585938,30.005599975585938,17.821414947509766,10.339560508728027,7.553647041320801,3.983851194381714,7.057570934295654,10.413713455200195,9.42788028717041,10.176311492919922,58.851619720458984,29.367429733276367,18.418561935424805,7.171425819396973,7.337396144866943,6.1213274002075195,5.923589706420898,4.428558826446533,4.391796588897705,3.7602715492248535,4.828149318695068,9.068367958068848,7.073473930358887,510.01440720799667,207.0487457097085,1385.5762607746276,392.1598159541204,550.3913975969145,599.8778649669539,0.13518723845481873,0.07750237733125687,0.2000531107187271,0.25780946016311646,0.6568778157234192,0.9973390698432922,0.5902184844017029,0.2214256227016449,0.17674632370471954,0.16599969565868378,0.1571068912744522,0.20268602669239044,0.3792394995689392,0.20858100056648254,0.250766396522522,0.2549607753753662,0.18353840708732605,0.017246238887310028,0.18995128571987152,0.24414044618606567,0.22805289924144745,0.2123284637928009,0.20033873617649078,0.20169194042682648,0.25971055030822754,0.22515283524990082,0.01686115506329114,0.029982926407697497
271,guitar_051.aiff,guitar,-409.71923828125,72.36199951171875,44.22298812866211,38.55859375,30.04075813293457,21.462066650390625,13.190644264221191,5.944024085998535,2.3810646533966064,2.8604137897491455,4.889480113983154,3.8065247535705566,-1.1728280782699585,52.6168212890625,22.8229923248291,12.39978313446045,6.8579792976379395,4.794320106506348,4.477169990539551,6.290505409240723,7.538316249847412,7.3360371589660645,4.49965238571167,2.531155586242676,2.8057992458343506,3.4827520847320557,455.4775971586341,137.2188663484041,1262.2916690195543,310.6041687861383,420.435791015625,352.21841375844105,0.11223607510328293,0.09632042050361633,0.12799999117851257,0.1420055776834488,0.34861570596694946,0.9996230006217957,0.4000338017940521,0.1280667930841446,0.11346612870693207,0.10635849088430405,0.10026184469461441,0.09954116493463516,0.10227134078741074,0.11103913187980652,0.19183029234409332,0.20548395812511444,0.17078915238380432,0.004445062018930912,0.13735537230968475,0.18754054605960846,0.1753596067428589,0.16016744077205658,0.1493942141532898,0.14727649092674255,0.15222950279712677,0.1665831059217453,0.019318498883928573,0.019662748829687448
272,guitar_052.aiff,guitar,-353.6227722167969,104.46405029296875,42.03407669067383,26.090816497802734,21.064908981323242,18.595046997070312,10.90347957611084,9.061319351196289,5.446816921234131,8.25627326965332,8.497262954711914,9.41948127746582,6.79893159866333,53.3138542175293,23.87791633605957,9.960563659667969,9.37036418914795,5.004667282104492,5.141477584838867,6.180656433105469,5.820796012878418,5.568885803222656,6.409531116485596,6.436520099639893,4.715849876403809,5.646519184112549,531.4222295049063,411.41001931107905,1523.0589802343734,396.61616709344963,571.2585894730839,1173.2179615854534,0.21678504347801208,0.06907036900520325,0.4693356156349182,0.49626338481903076,0.6404997110366821,0.974284827709198,0.5930172204971313,0.4507840573787689,0.4110828638076782,0.3949229419231415,0.37737858295440674,0.375789612531662,0.38910284638404846,0.4136873781681061,0.38328275084495544,0.390089750289917,0.2707338035106659,0.06477299332618713,0.2861742079257965,0.35955581068992615,0.3324919044971466,0.311102032661438,0.29215630888938904,0.29280945658683777,0.3074425756931305,0.3438490033149719,0.0146733861770073,0.038011765015465306
273,guitar_053.aiff,guitar,-406.25274658203125,76.0816650390625,46.43034744262695,34.063232421875,28.674837112426758,21.56185531616211,15.858317375183105,10.929939270019531,6.286890506744385,3.3361988067626953,0.46655139327049255,-1.8065451383590698,-2.1076948642730713,40.81105422973633,26.763647079467773,10.351534843444824,7.1621222496032715,4.501496315002441,5.786922931671143,4.8403239250183105,3.7901079654693604,4.538160800933838,4.227780818939209,4.497150421142578,5.171746730804443,5.587902069091797,434.02207955529553,119.92729172829951,1292.9559141739926,314.3015286402332,342.20333614864865,272.1760585722985,0.13978129625320435,0.1019420474767685,0.1992100179195404,0.22356852889060974,0.43169766664505005,0.99976646900177,0.4578728973865509,0.2298860251903534,0.20740702748298645,0.19100913405418396,0.17448116838932037,0.16501949727535248,0.1616937667131424,0.16850993037223816,0.25980144739151,0.28150537610054016,0.22201703488826752,0.002364677144214511,0.22974196076393127,0.30527830123901367,0.28452733159065247,0.2579306960105896,0.23029543459415436,0.21315878629684448,0.20859363675117493,0.22219236195087433,0.02033295502533784,0.03417478596117251
274,guitar_054.aiff,guitar,-429.1988830566406,89.6020736694336,35.98483657836914,34.2413444519043,15.2765474319458,9.0084228515625,-1.8289495706558228,1.4590435028076172,6.310995101928711,16.333566665649414,22.018112182617188,27.712392807006836,24.921077728271484,88.24620056152344,21.456031799316406,15.74666690826416,7.127908706665039,7.016849040985107,6.407161712646484,11.059426307678223,10.002458572387695,7.112728118896484,4.074556350708008,4.906914710998535,9.020707130432129,6.869235992431641,745.5093066817733,393.06677673206156,1664.8967908599834,345.2803609551815,1097.6412259615386,1232.8447700137615,0.08575952053070068,0.04703512042760849,0.39427056908607483,0.43208566308021545,0.5317394733428955,0.9807389378547668,0.5088916420936584,0.36542966961860657,0.33282536268234253,0.31616657972335815,0.30228403210639954,0.30590173602104187,0.3303937017917633,0.34301796555519104,0.40068522095680237,0.41789624094963074,0.3557243347167969,0.053346920758485794,0.3268766701221466,0.3862624764442444,0.35645928978919983,0.32922157645225525,0.3102894425392151,0.3069727122783661,0.3128965198993683,0.35392969846725464,0.029860276442307692,0.041402966087060025
275,guitar_055.aiff,guitar,-385.9389343261719,89.8836441040039,38.740726470947266,31.404077529907227,20.6332950592041,16.559030532836914,10.391331672668457,10.565025329589844,10.173707962036133,13.177582740783691,20.43976402282715,27.491863250732422,19.56394386291504,55.75959396362305,17.03853416442871,10.502384185791016,6.596698760986328,9.190364837646484,6.796751499176025,9.686628341674805,8.849903106689453,5.752401828765869,6.652990341186523,7.784490585327148,13.90070629119873,7.305776596069336,581.0340964422,312.8520175900838,1620.125900055859,288.23133702972814,548.459183542352,970.5443250756769,0.15949316322803497,0.05921787768602371,0.5942781567573547,0.6613254547119141,0.7438618540763855,0.9634599089622498,0.7352319359779358,0.6406840085983276,0.5834315419197083,0.5403032302856445,0.5005378127098083,0.48194196820259094,0.48175033926963806,0.5026012659072876,0.3443737328052521,0.35639074444770813,0.3045189082622528,0.06335881352424622,0.29699960350990295,0.3614957332611084,0.3353622853755951,0.30372652411460876,0.27350595593452454,0.26217448711395264,0.2705268859863281,0.30575981736183167,0.014629163240131578,0.035587846326003515
276,guitar_056.aiff,guitar,-333.3163146972656,157.91326904296875,54.665679931640625,30.18171501159668,24.69276237487793,10.834610939025879,2.7584595680236816,-0.7416749596595764,-4.518976211547852,-6.738647937774658,-7.000601291656494,-5.874309062957764,-2.938479423522949,74.26472473144531,29.369672775268555,37.03693389892578,15.100956916809082,12.941936492919922,8.974936485290527,7.120584487915039,4.659206390380859,5.368754863739014,5.691448211669922,3.824881076812744,3.829155683517456,3.7508459091186523,445.7821947655374,125.05049199668747,978.0345895301306,211.78894045748908,606.3159573462701,316.5086900476497,0.11023930460214615,0.10641786456108093,0.3409937620162964,0.07148003578186035,0.10644371807575226,0.25996172428131104,0.4434862434864044,0.23197223246097565,0.04661054536700249,0.13239237666130066,0.3051881790161133,0.0775340124964714,0.3258894979953766,0.9648579955101013,0.0642036572098732,0.059021662920713425,0.07262200862169266,0.16537240147590637,0.2812771499156952,0.14741027355194092,0.050965141505002975,0.12008389830589294,0.2611432373523712,0.08044829219579697,0.09787187725305557,0.11027619987726212,0.02294921875,0.019735243138307716
277,guitar_057.aiff,guitar,-347.9351806640625,166.3881378173828,61.48164367675781,33.40223693847656,26.94002914428711,14.40963077545166,1.409407138824463,-0.3933534324169159,-5.036077976226807,-4.4145588874816895,-2.093555450439453,0.6023272275924683,1.5023372173309326,67.24688720703125,35.401283264160156,27.043855667114258,16.828657150268555,6.767573356628418,6.133575439453125,6.615311145782471,4.047497749328613,4.448462009429932,6.2775468826293945,5.10696268081665,3.294846773147583,3.5383851528167725,451.50389364171474,146.37168670112692,1192.985727475111,286.2027676439646,559.3348590874233,492.8278065880148,0.13835936784744263,0.05763174593448639,0.13253319263458252,0.12234191596508026,0.19955898821353912,0.2891858220100403,0.8562218546867371,0.49234721064567566,0.12341286242008209,0.1986141949892044,0.6955529451370239,0.24245396256446838,0.09820157289505005,0.16358548402786255,0.09725251793861389,0.1051734909415245,0.12620311975479126,0.10350602120161057,0.261863648891449,0.1348027139902115,0.1170884445309639,0.12425481528043747,0.3235107660293579,0.12866158783435822,0.09154365211725235,0.09404690563678741,0.01804543711656442,0.021081388852653413
278,guitar_058.aiff,guitar,-458.96282958984375,119.70051574707031,72.5837631225586,40.89788818359375,24.091508865356445,14.058624267578125,6.967748641967773,1.0880314111709595,-3.270611524581909,-2.498231887817383,1.6907681226730347,5.0876145362854,6.735184192657471,49.012027740478516,34.53187942504883,14.282673835754395,9.8876953125,6.964280605316162,4.740628719329834,4.471378326416016,5.035864353179932,6.152695178985596,5.338651180267334,3.8046789169311523,3.436009168624878,3.261482000350952,397.65819173170973,135.46716707683615,1148.253212821558,335.12365411011274,421.2254998967511,317.85405365778433,0.08553073555231094,0.05322260037064552,0.09778062999248505,0.09483455866575241,0.10983888059854507,0.4125039875507355,0.9977894425392151,0.3031332790851593,0.0871586874127388,0.0780366063117981,0.07640127837657928,0.07567235082387924,0.08726873993873596,0.13191090524196625,0.1589110791683197,0.16519659757614136,0.16892430186271667,0.12110614776611328,0.028582347556948662,0.12371912598609924,0.1475178599357605,0.13803553581237793,0.13640335202217102,0.13911820948123932,0.1405847817659378,0.1461387425661087,0.016214379129955946,0.009682850858341294
279,guitar_059.aiff,guitar,-384.8135681152344,109.0214614868164,45.1597785949707,39.56363296508789,26.26572036743164,13.406001091003418,14.248428344726562,11.070743560791016,0.2622257173061371,-2.787937641143799,1.0916295051574707,1.802066683769226,4.2502546310424805,78.83317565917969,21.139083862304688,27.498361587524414,14.264493942260742,10.844776153564453,5.632894039154053,6.028451442718506,4.924842357635498,12.427079200744629,9.71973705291748,3.155687093734741,2.8812286853790283,3.8478055000305176,501.55974044431036,186.7069652039282,1275.833438482065,277.3923285689554,629.18701171875,526.6907234453131,0.1018160805106163,0.07544038444757462,0.17206905782222748,0.135154128074646,0.15576890110969543,0.28880342841148376,0.9996538758277893,0.5545756816864014,0.1347062587738037,0.10678450763225555,0.1003880575299263,0.095188669860363,0.10713551193475723,0.2314494401216507,0.14932803809642792,0.1593521386384964,0.16302086412906647,0.14059169590473175,0.004833759739995003,0.07392389327287674,0.13638852536678314,0.13021031022071838,0.12065356224775314,0.11660421639680862,0.12075329571962357,0.15605568885803223,0.01720194913903061,0.01529734122010996
280,guitar_060.aiff,guitar,-381.79522705078125,119.9448471069336,65.2806625366211,40.99750900268555,23.64723014831543,13.445934295654297,5.8517632484436035,3.3249053955078125,-0.3261883556842804,2.284121036529541,4.711678504943848,6.688441753387451,5.8183159828186035,35.736942291259766,26.565305709838867,10.292017936706543,6.483644962310791,5.984753131866455,5.960721492767334,6.221629619598389,5.613982677459717,5.079830646514893,4.474536895751953,4.093663692474365,3.956507444381714,3.843045473098755,426.38875508867795,132.2557363466096,1325.962618453103,253.91907024883002,410.3841145833333,388.5107600828881,0.16919411718845367,0.05040076747536659,0.2345687597990036,0.2283806949853897,0.2373599112033844,0.4904192090034485,0.9893136620521545,0.3687681257724762,0.18944066762924194,0.17895404994487762,0.1754922866821289,0.1789473444223404,0.20842646062374115,0.29299065470695496,0.26182523369789124,0.2744332253932953,0.27261197566986084,0.1851903647184372,0.061290159821510315,0.19166268408298492,0.23032625019550323,0.21692734956741333,0.21008485555648804,0.2170715630054474,0.22576192021369934,0.2168852686882019,0.011548239087301588,0.007814029958038154
281,guitar_061.aiff,guitar,-358.6385803222656,127.22219848632812,43.35562515258789,31.556751251220703,32.05611801147461,21.445892333984375,12.200307846069336,8.142033576965332,-0.4721111059188843,0.6195746064186096,4.34384298324585,10.063941955566406,13.3170747756958,48.08704376220703,24.112796783447266,17.452966690063477,7.616436004638672,10.82810115814209,6.055738925933838,3.0739974975585938,4.055196285247803,6.090425968170166,5.919498920440674,4.534421920776367,4.86857795715332,4.544336795806885,455.62665188407544,236.5242011930411,1323.7717968698553,312.1122450459025,513.71044921875,663.0191043948286,0.17950443923473358,0.06684130430221558,0.23427365720272064,0.22108429670333862,0.2429729402065277,0.3990931510925293,0.9996713995933533,0.5990335941314697,0.21924656629562378,0.18184725940227509,0.17041783034801483,0.16731448471546173,0.17769861221313477,0.25560733675956726,0.20174388587474823,0.21829575300216675,0.20872965455055237,0.15755420923233032,0.00401090644299984,0.0968351885676384,0.17946188151836395,0.1774953156709671,0.1673811823129654,0.16560596227645874,0.16984039545059204,0.16472625732421875,0.013636067708333333,0.03096483951347904
282,guitar_062.aiff,guitar,-445.5718688964844,123.56764221191406,53.10194396972656,28.540369033813477,18.748855590820312,9.392857551574707,1.4862744808197021,2.337522029876709,4.5051679611206055,3.877225637435913,-0.2289387583732605,-2.228384494781494,-0.9471907019615173,57.59946060180664,26.129823684692383,13.8765869140625,12.052931785583496,5.858461380004883,5.460184097290039,7.745725631713867,4.464166164398193,3.950279951095581,3.7774946689605713,6.2107133865356445,5.9728240966796875,4.295341968536377,453.36404733206405,119.9724466723712,1263.113611653437,272.5895696391915,477.38610555959303,318.79781437410554,0.09137149155139923,0.04683931916952133,0.14085014164447784,0.14540529251098633,0.15565410256385803,0.4128133952617645,0.9947560429573059,0.3042299747467041,0.12859280407428741,0.12220025807619095,0.12225514650344849,0.12090983986854553,0.12466982752084732,0.14088879525661469,0.22451020777225494,0.23801299929618835,0.2474103420972824,0.17768985033035278,0.0361391045153141,0.18877410888671875,0.21997593343257904,0.20664681494235992,0.2061387598514557,0.20759019255638123,0.20301158726215363,0.19999420642852783,0.01593386627906977,0.010222439914800048
283,guitar_063.aiff,guitar,-442.920166015625,84.27288818359375,44.701663970947266,35.9146842956543,25.337757110595703,16.082351684570312,7.355574131011963,6.169103145599365,8.139290809631348,7.941805839538574,5.641221046447754,1.476860523223877,0.26626116037368774,62.778018951416016,14.988374710083008,14.653487205505371,7.671974182128906,4.793078422546387,4.977379322052002,7.934840202331543,5.362981796264648,3.658757209777832,4.600942134857178,4.831790447235107,5.701279163360596,5.661365032196045,567.3913097298627,201.13066229562932,1458.700023411796,296.78355219695476,663.68408203125,511.36943425879764,0.07003936916589737,0.05562523379921913,0.17574667930603027,0.1843937337398529,0.19126445055007935,0.4416290819644928,0.9990480542182922,0.3224916458129883,0.14966361224651337,0.14085762202739716,0.14006407558918,0.1364656388759613,0.14308391511440277,0.16090278327465057,0.22530673444271088,0.23731350898742676,0.2398577332496643,0.16756847500801086,0.00635811360552907,0.17399369180202484,0.20043450593948364,0.18747855722904205,0.17798015475273132,0.18124085664749146,0.18522971868515015,0.19604040682315826,0.016598656063988096,0.01868201882429593
284,guitar_064.aiff,guitar,-396.6769714355469,102.88712310791016,51.21233367919922,30.729183197021484,19.89707374572754,14.845283508300781,11.327411651611328,10.857250213623047,6.139778137207031,5.4839324951171875,4.169957160949707,3.7608642578125,2.1617658138275146,38.95269012451172,25.666580200195312,6.704992294311523,6.704720497131348,4.915515899658203,3.5735175609588623,4.380319595336914,3.9745535850524902,3.9551570415496826,4.968324184417725,5.297429084777832,4.153062343597412,3.771298408508301,454.6933604243273,306.8143823678929,1399.326802641282,340.69095155430807,424.7507994656736,813.7666335460071,0.17609548568725586,0.0629483163356781,0.2172895073890686,0.23958013951778412,0.2617342472076416,0.49666422605514526,0.9945418834686279,0.4042777717113495,0.24117325246334076,0.22346161305904388,0.2095710039138794,0.19537800550460815,0.18447448313236237,0.19336578249931335,0.25939419865608215,0.28528928756713867,0.30525800585746765,0.22194330394268036,0.03580241650342941,0.25405973196029663,0.29571297764778137,0.27155351638793945,0.25458553433418274,0.24031057953834534,0.2266974300146103,0.22610874474048615,0.011048312014248704,0.014698156961364436
285,guitar_065.aiff,guitar,-407.43560791015625,93.92520141601562,47.4622917175293,33.661678314208984,29.753141403198242,19.67632484436035,10.351570129394531,5.0039520263671875,1.1637312173843384,4.296823024749756,7.001840114593506,2.328577756881714,-2.150731086730957,43.234893798828125,21.170486450195312,8.801225662231445,6.9496259689331055,6.844663619995117,4.849518299102783,8.241202354431152,7.343396186828613,8.733209609985352,4.623236179351807,5.204143047332764,3.281156539916992,7.102880477905273,455.54839388681495,131.1182438395323,1302.1671306314745,323.11920720762424,408.54712796498495,225.60781518251974,0.1606118530035019,0.09409406781196594,0.1175699457526207,0.12807989120483398,0.13933275640010834,0.4143376052379608,1.0,0.3034934103488922,0.11908101290464401,0.10671872645616531,0.09867782890796661,0.0943804383277893,0.09392156451940536,0.10094244033098221,0.1341230273246765,0.14458991587162018,0.15257231891155243,0.11214657872915268,0.0,0.1231490969657898,0.13370829820632935,0.12009908258914948,0.10929077118635178,0.1050410196185112,0.1066533774137497,0.11654415726661682,0.019028261483433735,0.02965944156521732
286,guitar_066.aiff,guitar,-456.5830993652344,109.61369323730469,42.92848587036133,27.263700485229492,20.574087142944336,14.261075019836426,4.188531398773193,2.28460955619812,3.2860946655273438,13.945477485656738,24.48032569885254,25.949466705322266,14.126411437988281,64.84465789794922,24.884916305541992,10.92837142944336,4.380202293395996,7.274192810058594,5.359504222869873,8.249446868896484,8.720353126525879,7.79515266418457,7.803888320922852,7.3001298904418945,6.60910177230835,4.553177356719971,582.3354453193164,222.15297209968165,1539.2469648356791,314.7026534678207,719.0823184742648,656.4181029767551,0.06428372859954834,0.029871398583054543,0.33752763271331787,0.35186728835105896,0.3518505096435547,0.44029557704925537,0.9807875752449036,0.43049073219299316,0.2878451943397522,0.27327314019203186,0.2662554383277893,0.2724272310733795,0.28056931495666504,0.30620336532592773,0.3232157826423645,0.33145397901535034,0.3285259008407593,0.2767278254032135,0.07822069525718689,0.25453272461891174,0.28972750902175903,0.2670769989490509,0.2490958869457245,0.2454489916563034,0.26194918155670166,0.2912481129169464,0.01591509650735294,0.01577609414507733
287,guitar_067.aiff,guitar,-429.94464111328125,78.94126892089844,33.04313278198242,25.840818405151367,15.584797859191895,10.907167434692383,3.938605308532715,3.5030786991119385,8.18441104888916,16.775863647460938,29.539636611938477,33.47221755981445,16.170085906982422,78.66989135742188,11.907563209533691,14.652803421020508,5.696038722991943,9.173172950744629,5.3035454750061035,8.580107688903809,6.706554889678955,4.991957187652588,5.7436747550964355,7.132628917694092,10.094992637634277,3.7005655765533447,727.3427829809812,417.8855050627115,1567.2759713509854,282.67039681558066,1101.0876071068549,1092.258460866741,0.08049408346414566,0.052306678146123886,0.3646019697189331,0.3855700194835663,0.39089468121528625,0.47819140553474426,0.9855672121047974,0.4625367522239685,0.3141695559024811,0.2945620119571686,0.2826448380947113,0.2814936339855194,0.29055896401405334,0.3330082893371582,0.33745577931404114,0.357780784368515,0.3617459833621979,0.30703237652778625,0.061657100915908813,0.28232309222221375,0.32323992252349854,0.29635876417160034,0.2729485034942627,0.26533156633377075,0.27273181080818176,0.2835996448993683,0.029417632728494625,0.039519211921813374
288,guitar_068.aiff,guitar,-384.8316955566406,80.12200164794922,37.784881591796875,29.294658660888672,24.907567977905273,20.576457977294922,15.682847023010254,14.305412292480469,11.161930084228516,14.747166633605957,17.562406539916992,17.107341766357422,11.683022499084473,28.50399398803711,16.05680274963379,5.792817115783691,4.147588729858398,3.7908222675323486,4.546269416809082,5.381012439727783,5.795949459075928,5.447115421295166,4.5493316650390625,7.043396949768066,6.762819766998291,3.5326781272888184,492.40062917567394,188.102552853325,1627.8933828593658,283.4782503172761,278.54584042388615,556.5564246268497,0.19783823192119598,0.06565678119659424,0.7579357028007507,0.8196679353713989,0.8442978262901306,0.8603856563568115,0.9301163554191589,0.8108697533607483,0.7307711839675903,0.6826343536376953,0.6378027200698853,0.6164534687995911,0.6163017749786377,0.6485908627510071,0.2325924038887024,0.2238863706588745,0.21072597801685333,0.18499360978603363,0.11656010895967484,0.202586829662323,0.2236126959323883,0.1944698989391327,0.16271600127220154,0.15381939709186554,0.18108531832695007,0.2151145488023758,0.004954120900371287,0.012335110482425717
289,guitar_069.aiff,guitar,-398.5885009765625,110.27877807617188,46.555179595947266,26.7933349609375,19.660274505615234,16.638626098632812,9.952701568603516,2.401235818862915,-5.403977870941162,-0.353251576423645,10.687666893005371,21.416488647460938,22.415306091308594,60.358741760253906,25.956804275512695,15.628122329711914,8.086915969848633,5.24887752532959,4.603997230529785,4.35012149810791,6.592713356018066,8.530455589294434,6.775857448577881,5.894599914550781,7.610962867736816,6.875422954559326,569.6345853331504,446.84717718108135,1459.862894017632,318.7203759001621,628.9680643284574,930.476037154062,0.13597647845745087,0.04794096201658249,0.4508686363697052,0.5717673301696777,0.987913966178894,0.5440698266029358,0.45178428292274475,0.42339691519737244,0.39421799778938293,0.37969911098480225,0.3591061234474182,0.35632357001304626,0.36102908849716187,0.3892216384410858,0.38973674178123474,0.3306562304496765,0.03956134617328644,0.3412516117095947,0.39747366309165955,0.3800284266471863,0.35157299041748047,0.3248424828052521,0.3032527565956116,0.29946500062942505,0.31106895208358765,0.34013262391090393,0.023780335771276594,0.03277852372851557
290,guitar_070.aiff,guitar,-405.3752746582031,93.56475067138672,37.87205123901367,27.091440200805664,18.76337432861328,12.977328300476074,9.407809257507324,10.355100631713867,11.13297176361084,19.993680953979492,32.558048248291016,31.603580474853516,16.986169815063477,50.45966339111328,15.620044708251953,12.424568176269531,5.597081184387207,8.209362030029297,6.021202087402344,6.543744087219238,5.982824325561523,7.928201675415039,7.910362243652344,8.7444429397583,9.2345552444458,4.622807502746582,576.7530449729019,302.270992978699,1529.5490439043695,285.8287630366442,693.3257851824665,873.6832637369312,0.13758958876132965,0.06021304428577423,0.38769495487213135,0.42643001675605774,0.4504724144935608,0.5355034470558167,0.9818926453590393,0.5075528621673584,0.3685648441314697,0.3410942256450653,0.3187977969646454,0.309989869594574,0.31107431650161743,0.33059370517730713,0.34639838337898254,0.3657678961753845,0.3707912564277649,0.3083016872406006,0.05844499170780182,0.26996928453445435,0.30375269055366516,0.2834497094154358,0.26703768968582153,0.26564693450927734,0.2782953977584839,0.3015645146369934,0.0208650115352349,0.03985454799538558
291,guitar_071.aiff,guitar,-492.6924133300781,101.90864562988281,41.93947219848633,31.113250732421875,29.397628784179688,28.427553176879883,19.239486694335938,8.212135314941406,-2.131143569946289,3.60797119140625,12.935506820678711,12.528614044189453,1.4647408723831177,70.44876098632812,21.515634536743164,8.115581512451172,4.2822723388671875,5.039527893066406,4.419522285461426,6.119850158691406,7.024824619293213,9.710969924926758,6.742467880249023,4.371707916259766,3.6958229541778564,5.793661594390869,532.5366811143838,257.99256210674275,1549.046089846921,270.46560888987756,541.882510112627,753.0159742266247,0.05178231745958328,0.025036616250872612,0.6424594521522522,0.6510790586471558,0.6802923679351807,0.7282536029815674,0.9489624500274658,0.6869163513183594,0.5982282161712646,0.5586547255516052,0.5301597118377686,0.5247372388839722,0.5394951105117798,0.6509130001068115,0.3045560121536255,0.3257746398448944,0.3288682699203491,0.2881855070590973,0.11278900504112244,0.29600343108177185,0.31811919808387756,0.28321921825408936,0.24080783128738403,0.2110491842031479,0.23053589463233948,0.2857336103916168,0.01639831852791878,0.02989581390052309
292,guitar_072.aiff,guitar,-410.0577087402344,90.89569091796875,34.935176849365234,27.26546287536621,30.311763763427734,29.846986770629883,20.632099151611328,8.96735668182373,-1.7695749998092651,5.815739154815674,18.171579360961914,17.273395538330078,3.656067132949829,67.86479187011719,15.72243595123291,7.193793296813965,4.242867469787598,5.806961536407471,4.510860443115234,5.393749713897705,4.129677772521973,6.872311115264893,5.334475994110107,5.323672294616699,4.174037933349609,3.7984983921051025,568.4703332401137,388.56859298338804,1593.8575815398706,361.1098201547149,707.5777920809659,1169.8258142026798,0.1304038017988205,0.048290885984897614,0.5546202659606934,0.5946446061134338,0.6101807951927185,0.6660956740379333,0.9662918448448181,0.6262940168380737,0.5339283347129822,0.49956372380256653,0.47295039892196655,0.46937644481658936,0.466889351606369,0.4902629852294922,0.3047255575656891,0.3133820593357086,0.31198006868362427,0.2643115520477295,0.08834903687238693,0.25753647089004517,0.2758232355117798,0.24813337624073029,0.22156062722206116,0.21545763313770294,0.24467690289020538,0.271396279335022,0.013941909327651516,0.024892282659159347
293,guitar_073.aiff,guitar,-379.1589050292969,153.22134399414062,63.9176139831543,36.90061950683594,28.9000186920166,18.397859573364258,4.988288879394531,-4.253373622894287,-8.124491691589355,-7.636318206787109,-4.972789764404297,-2.655733823776245,-0.5241087675094604,86.4088134765625,42.26200485229492,30.750959396362305,17.478418350219727,7.366552352905273,4.761714935302734,6.418985843658447,6.824021816253662,4.931204319000244,3.3010435104370117,3.4122157096862793,3.927527666091919,5.710972785949707,426.2857014194958,110.86323965272636,1144.7997975388691,294.6804225818931,472.8419627958131,212.2413658039478,0.12488994747400284,0.08106882870197296,0.4760628342628479,0.3192695379257202,0.18215055763721466,0.19280478358268738,0.2997022569179535,0.7397079467773438,0.362778902053833,0.16204842925071716,0.28534841537475586,0.7460564970970154,0.2354547679424286,0.19776831567287445,0.2419174760580063,0.15206082165241241,0.19749121367931366,0.1930694282054901,0.19857317209243774,0.34328168630599976,0.1947159469127655,0.1565473973751068,0.10168329626321793,0.20286355912685394,0.11534754186868668,0.13698087632656097,0.01607298619538835,0.01070925437190257
294,guitar_074.aiff,guitar,-355.2531433105469,162.43650817871094,69.01359558105469,37.69132995605469,24.559860229492188,12.6416015625,-1.1815474033355713,-7.2452874183654785,-10.801886558532715,-7.306575298309326,-4.992039680480957,-2.054169178009033,0.20965203642845154,59.73365020751953,37.96342849731445,18.946592330932617,12.807435035705566,6.512217998504639,4.439536094665527,4.2164764404296875,4.2794671058654785,3.7808644771575928,3.600247621536255,3.4700396060943604,4.227436065673828,4.663325786590576,464.4814618478451,122.64723015700008,1207.0270443044521,319.76397786964645,493.44837277434596,304.86623126604144,0.14065511524677277,0.06267918646335602,0.12172912061214447,0.07580535858869553,0.08091476559638977,0.11179356276988983,0.31740108132362366,1.0,0.29140642285346985,0.06894025951623917,0.10355927050113678,0.18835455179214478,0.06260781735181808,0.06309187412261963,0.0665225014090538,0.06688445061445236,0.07587293535470963,0.08575992286205292,0.08515430986881256,0.0,0.09583105891942978,0.10620750486850739,0.09396897256374359,0.10130782425403595,0.08944716304540634,0.0740365982055664,0.022279251453488372,0.028868920651995304
295,guitar_075.aiff,guitar,-432.1719970703125,91.62360382080078,45.678955078125,38.99981689453125,33.2841682434082,20.44826889038086,14.359749794006348,9.491331100463867,1.113528847694397,-1.4910985231399536,-0.3910548686981201,-2.1427972316741943,-0.5632696151733398,65.830322265625,31.714839935302734,18.96177864074707,8.985173225402832,7.457849502563477,9.178387641906738,5.749314785003662,4.583677291870117,9.278143882751465,7.6672539710998535,5.0295186042785645,6.908941268920898,6.429551124572754,444.9266423705461,135.42594222433718,1298.6898238046526,327.77570589600714,361.35852131622516,296.4810861383843,0.10770882666110992,0.0817272886633873,0.22198039293289185,0.22948700189590454,0.2355547994375229,0.241611048579216,0.44229498505592346,0.9897779226303101,0.37310734391212463,0.19512346386909485,0.17920014262199402,0.17347504198551178,0.17324496805667877,0.18708884716033936,0.2822432816028595,0.3001672029495239,0.3091903030872345,0.3108848035335541,0.22588112950325012,0.05671153590083122,0.21070736646652222,0.25652068853378296,0.23770597577095032,0.23090864717960358,0.23629972338676453,0.25610730051994324,0.016774562810430462,0.015266113835980963
296,guitar_076.aiff,guitar,-352.1899719238281,125.46029663085938,47.295249938964844,33.59342575073242,30.242624282836914,20.414447784423828,11.273681640625,3.559091567993164,-3.9387965202331543,5.706961154937744,13.018156051635742,9.245340347290039,0.9126188158988953,48.75930404663086,27.48710823059082,12.764510154724121,5.767566680908203,7.408257961273193,5.04599666595459,4.256707668304443,5.544503688812256,9.12206745147705,4.765641689300537,3.747788429260254,3.5474114418029785,3.975424289703369,448.5377546317089,293.12527485125185,1303.281334330675,344.5197667340832,446.88479774876646,681.845119220279,0.21169765293598175,0.07973390817642212,0.19979824125766754,0.17836113274097443,0.17385415732860565,0.18738999962806702,0.36295828223228455,0.9990352988243103,0.43105435371398926,0.1572084128856659,0.13890604674816132,0.13300959765911102,0.13087260723114014,0.1398356705904007,0.17815665900707245,0.20174263417720795,0.21256493031978607,0.20816656947135925,0.15917563438415527,0.009571193717420101,0.12791980803012848,0.18374408781528473,0.17347535490989685,0.16798162460327148,0.16853220760822296,0.1681455671787262,0.015477230674342105,0.027686306020788032
297,guitar_077.aiff,guitar,-417.3226623535156,73.44513702392578,38.897186279296875,37.87153625488281,24.919294357299805,20.270099639892578,10.248685836791992,2.8571650981903076,0.9491001963615417,2.0981497764587402,-3.8677382469177246,-5.210404872894287,-0.021850649267435074,76.11363983154297,19.433387756347656,15.26205825805664,9.296524047851562,8.311649322509766,7.080690383911133,8.30752944946289,8.542669296264648,6.18937349319458,3.20493745803833,7.575146675109863,6.294163227081299,3.6520824432373047,672.1299555249369,480.66115286634323,1486.6820607071384,416.6478315934783,948.2239250123032,1280.5655001656492,0.08434991538524628,0.07672575861215591,0.1389981508255005,0.13726836442947388,0.13417410850524902,0.13569556176662445,0.40271636843681335,0.9971779584884644,0.27599412202835083,0.10357404500246048,0.10006582736968994,0.10683540999889374,0.10951592773199081,0.12263869494199753,0.2251150906085968,0.22578874230384827,0.21410949528217316,0.20532040297985077,0.14777810871601105,0.019313786178827286,0.1396283656358719,0.161604106426239,0.16319505870342255,0.17173953354358673,0.18903224170207977,0.21001191437244415,0.02073849655511811,0.020473714935570406
298,guitar_078.aiff,guitar,-346.2432861328125,112.15654754638672,41.12759017944336,25.875957489013672,25.748855590820312,20.270227432250977,7.572324752807617,-0.5935881733894348,-3.7884249687194824,7.955311298370361,14.368492126464844,7.923549652099609,-5.526623249053955,50.516544342041016,22.054100036621094,13.032315254211426,6.546545028686523,7.560516357421875,3.64986515045166,5.052770137786865,6.571070671081543,6.537469863891602,3.7905890941619873,5.235589027404785,3.4879610538482666,4.980690002441406,551.9285892366848,328.3305486844293,1425.4097047830414,347.12912663562054,685.2289373224431,969.9580628240435,0.20447808504104614,0.06261792033910751,0.08752360939979553,0.085378497838974,0.08977627009153366,0.09746792912483215,0.26819872856140137,0.9885383248329163,0.3566053807735443,0.09265732020139694,0.08173292130231857,0.07427485287189484,0.06757637113332748,0.07056041806936264,0.1464899629354477,0.13008083403110504,0.1393749713897705,0.15193182229995728,0.13460561633110046,0.09319941699504852,0.11387913674116135,0.16137003898620605,0.14578743278980255,0.1228339746594429,0.1090744361281395,0.11286567151546478,0.019912257339015152,0.02257318321577257
299,guitar_079.aiff,guitar,-417.1002502441406,86.65247344970703,46.34233093261719,37.116268157958984,28.61058235168457,20.27363395690918,10.632493019104004,1.4118194580078125,-2.841783285140991,-0.35365235805511475,0.09494228661060333,-2.3364012241363525,-0.32752373814582825,54.491302490234375,24.719913482666016,15.964996337890625,7.969646453857422,5.550656795501709,4.680355072021484,6.19673490524292,8.481917381286621,8.857483863830566,3.981037139892578,3.6917285919189453,6.252032279968262,4.432085037231445,510.40157669229916,156.84262513064255,1380.2181011587224,325.0053351005677,481.32230318509613,397.93541093985596,0.11433521658182144,0.08783108741044998,0.19851920008659363,0.2084711790084839,0.21123455464839935,0.21581605076789856,0.44244301319122314,0.9928118586540222,0.339328795671463,0.16816022992134094,0.15664300322532654,0.15622438490390778,0.15978094935417175,0.17387135326862335,0.28808271884918213,0.29724767804145813,0.29534873366355896,0.2914992570877075,0.21011000871658325,0.03456879407167435,0.19448284804821014,0.23082788288593292,0.21937675774097443,0.2209649384021759,0.233341246843338,0.25743621587753296,0.021143204126602564,0.03265192239629481
300,guitar_080.aiff,guitar,-341.223388671875,141.9088134765625,48.34164047241211,22.780807495117188,18.987895965576172,7.580460548400879,-3.7468419075012207,-5.822742938995361,-6.381566524505615,-7.746402740478516,-5.7483110427856445,1.0596795082092285,6.456747055053711,89.93016815185547,35.868255615234375,28.20217514038086,14.675151824951172,11.97640609741211,4.986685752868652,7.323361873626709,4.972438335418701,3.324143648147583,3.9579830169677734,5.891835689544678,6.351499557495117,4.678275108337402,520.5629239171193,162.53104597455498,1154.6690271655466,285.8209249381893,666.4358139038086,445.00405548209864,0.11507334560155869,0.08977839350700378,0.02562423050403595,0.04274570569396019,0.037658266723155975,0.04304071515798569,0.07020359486341476,0.19015686213970184,0.9974291324615479,0.48246607184410095,0.07530535012483597,0.07827519625425339,0.24830546975135803,0.07443490624427795,0.057470813393592834,0.043333571404218674,0.06970618665218353,0.09601855278015137,0.07661211490631104,0.08800726383924484,0.02897196263074875,0.11834244430065155,0.12696067988872528,0.10210371017456055,0.08204224705696106,0.06662191450595856,0.0270233154296875,0.018058098351996236
301,viola_001.aiff,viola,-391.9700622558594,66.66150665283203,-21.516834259033203,6.713861465454102,8.182888984680176,-3.076552391052246,-1.8864390850067139,-4.137537479400635,-0.9614018797874451,2.1303741931915283,-3.785200595855713,-3.0777852535247803,-1.5951623916625977,117.8871078491211,52.107913970947266,47.61630630493164,9.455533027648926,6.344597816467285,12.724319458007812,9.928536415100098,11.247281074523926,7.307283401489258,5.376035690307617,8.713602066040039,7.700660705566406,5.987210273742676,2115.8172685753752,1397.2302248045014,2077.8792294054383,1248.910793132084,4493.404775847595,3247.1473909363035,0.06420812755823135,0.09221935272216797,0.3234049081802368,0.3093658685684204,0.31607601046562195,0.31164413690567017,0.3387968838214874,0.3896019458770752,0.4019770920276642,0.4153114855289459,0.32208946347236633,0.33126509189605713,0.3490144610404968,0.3236859440803528,0.3550184965133667,0.3577525317668915,0.3696857988834381,0.35812845826148987,0.3667716383934021,0.3739875257015228,0.3641522526741028,0.3878474235534668,0.3409496247768402,0.36281028389930725,0.3712165951728821,0.31026408076286316,0.13171830995450606,0.13147734793871102
302,viola_002.aiff,viola,-383.1634826660156,52.95851516723633,-25.222530364990234,3.744137763977051,5.2417073249816895,-1.7998288869857788,-3.673290967941284,-2.057037353515625,1.7472633123397827,1.0428920984268188,-4.804172039031982,-3.9672348499298096,-2.408222198486328,105.69145202636719,40.6492805480957,44.7587890625,7.630177974700928,6.1994948387146,10.019448280334473,10.637954711914062,9.621708869934082,5.526177883148193,5.665565013885498,9.630196571350098,8.83806037902832,9.429080963134766,2217.0499976495826,1447.8483069413662,2017.2637646293845,1267.3532627798224,4484.409696443035,3276.239951312577,0.07961615175008774,0.12292290478944778,0.3318203091621399,0.3639364540576935,0.31661349534988403,0.3715677559375763,0.3959944248199463,0.3775210380554199,0.34606248140335083,0.3704199492931366,0.3691299557685852,0.39463257789611816,0.3559304177761078,0.3400426208972931,0.3442489206790924,0.40807414054870605,0.37522417306900024,0.38926491141319275,0.3786959648132324,0.3995015323162079,0.38075903058052063,0.373568058013916,0.37558427453041077,0.4041796624660492,0.37744972109794617,0.37195897102355957,0.1449179378149748,0.1271886555210234
303,viola_003.aiff,viola,-364.7765808105469,70.41666412353516,-28.114635467529297,6.107977390289307,11.809857368469238,-2.085684299468994,-7.238282203674316,-1.0626049041748047,-0.03265799582004547,2.403742551803589,-0.8202097415924072,0.3904520571231842,-3.598498821258545,127.13585662841797,42.92603302001953,46.33807373046875,8.724777221679688,8.687836647033691,9.26167106628418,10.977428436279297,5.90251350402832,5.132924556732178,4.9331841468811035,6.674057960510254,6.848948955535889,7.16778039932251,2053.300360530032,1363.3501905452995,1948.9177176378005,1199.9091894981323,4174.867270741294,3135.021977996961,0.09159741550683975,0.12165986746549606,0.22780799865722656,0.21043823659420013,0.26625776290893555,0.32731813192367554,0.27986687421798706,0.421532541513443,0.3837350606918335,0.3593124449253082,0.34778276085853577,0.3903290927410126,0.3890717625617981,0.2981679439544678,0.3100282549858093,0.32427000999450684,0.3450813591480255,0.3831571936607361,0.28890475630760193,0.3854168951511383,0.35592353343963623,0.35701364278793335,0.32570314407348633,0.3872523307800293,0.38682112097740173,0.28917697072029114,0.13937232003638253,0.12059823143739329
304,viola_004.aiff,viola,-406.7520446777344,54.821956634521484,-20.69022560119629,6.572303771972656,9.561517715454102,-0.534858226776123,-5.879520893096924,-0.4745366871356964,2.1292126178741455,1.8985710144042969,-2.9718737602233887,-2.959514617919922,-3.8597869873046875,97.2381820678711,34.43386459350586,41.49405288696289,8.302892684936523,7.437808036804199,9.4607515335083,12.881244659423828,7.624953746795654,5.080715656280518,6.175416946411133,8.062618255615234,8.425812721252441,8.403822898864746,2378.6145376941236,1339.2978958839433,2178.71521236225,1212.029050644387,4819.93523192793,3197.5798822633305,0.06679747253656387,0.1016184613108635,0.34559062123298645,0.3738619089126587,0.3829876184463501,0.38470157980918884,0.38641998171806335,0.4050753116607666,0.4206865131855011,0.4004324674606323,0.3831999599933624,0.4353572130203247,0.37319639325141907,0.3758389949798584,0.34935814142227173,0.37405866384506226,0.38773369789123535,0.37052950263023376,0.37704402208328247,0.3963547945022583,0.3939014673233032,0.38875654339790344,0.36647313833236694,0.40756329894065857,0.36241990327835083,0.36778756976127625,0.15339009933294664,0.1123300951405399
305,viola_005.aiff,viola,-379.08050537109375,51.541080474853516,-19.559080123901367,2.153959035873413,2.187335729598999,-6.799515247344971,-5.423113822937012,-1.270027756690979,1.8062318563461304,3.9605190753936768,6.060095310211182,9.095952033996582,4.933355808258057,85.03370666503906,35.45955276489258,37.015907287597656,10.02544116973877,8.315604209899902,15.079380989074707,12.019433975219727,7.9184112548828125,6.388848781585693,10.36144733428955,9.446995735168457,10.579282760620117,11.89564037322998,2361.727919586242,1328.225251344194,2086.4913551727673,1231.8739315192852,4672.598279845397,3200.330923438716,0.10054837912321091,0.1310490220785141,0.46018660068511963,0.38606148958206177,0.3684307634830475,0.3686269223690033,0.47716426849365234,0.40324991941452026,0.4456573724746704,0.3335592746734619,0.3219044506549835,0.2862011194229126,0.28712525963783264,0.461876779794693,0.4026740491390228,0.40752097964286804,0.4108733534812927,0.37302252650260925,0.4259651005268097,0.3642120957374573,0.4029620289802551,0.34320229291915894,0.3693121671676636,0.3577900528907776,0.3476729989051819,0.40789365768432617,0.14889520691258523,0.10819592527538724
306,viola_006.aiff,viola,-400.6822509765625,51.53666687011719,-23.00120735168457,11.43559741973877,6.002939701080322,-0.38223081827163696,-7.519863128662109,-1.4851417541503906,-1.1242116689682007,1.3131506443023682,-1.6772983074188232,-2.303920269012451,-2.836947202682495,105.91679382324219,27.79497718811035,38.73251724243164,8.65129566192627,7.0638532638549805,7.959218502044678,12.589949607849121,7.8245768547058105,7.217541217803955,5.609373092651367,7.035277366638184,7.534252166748047,7.355592727661133,2167.039085767816,1291.7699200935215,1984.2268954834424,1182.4910846819662,4313.987448406068,3025.4748990194257,0.0759851485490799,0.09853953123092651,0.31059691309928894,0.2765715420246124,0.32744237780570984,0.38291165232658386,0.376950204372406,0.38933977484703064,0.39825570583343506,0.28960031270980835,0.31750160455703735,0.3293609917163849,0.33602163195610046,0.3506890535354614,0.34682029485702515,0.350352942943573,0.3737337291240692,0.39574167132377625,0.3901149034500122,0.3911778926849365,0.39883098006248474,0.32649871706962585,0.3770334720611572,0.38102343678474426,0.3647105395793915,0.3602310121059418,0.12503541266874008,0.10238900772633369
307,viola_007.aiff,viola,-403.6441955566406,37.176883697509766,-14.259859085083008,3.95088529586792,2.1464741230010986,-1.6531568765640259,-7.061552047729492,-0.22191303968429565,5.879712104797363,4.5268988609313965,3.601602554321289,5.043677806854248,3.217660903930664,73.03416442871094,25.873586654663086,28.331430435180664,6.58267068862915,7.857232093811035,9.345674514770508,13.835722923278809,10.10749340057373,9.567397117614746,9.050010681152344,13.845406532287598,12.296015739440918,13.314188003540039,2456.284279381213,1339.4483210213557,2096.226084420625,1211.6939013250883,4698.048342100828,3177.7195917601543,0.06600726395845413,0.09765759110450745,0.4119431972503662,0.350112646818161,0.3842912018299103,0.3851960301399231,0.38461199402809143,0.37673765420913696,0.38464775681495667,0.3794902265071869,0.3672444820404053,0.33757463097572327,0.392205148935318,0.4445263147354126,0.4070042073726654,0.40109097957611084,0.41492944955825806,0.402887225151062,0.39400213956832886,0.40976446866989136,0.4064306318759918,0.3882812261581421,0.40098896622657776,0.36791300773620605,0.3896036446094513,0.402883380651474,0.16120829922637392,0.11263803669407368
308,viola_008.aiff,viola,-370.374755859375,45.76483917236328,-28.918498992919922,12.2507905960083,-2.2082443237304688,0.9314031600952148,-11.954035758972168,1.792280912399292,-2.0562305450439453,0.8008313179016113,-4.800081729888916,-10.534738540649414,-0.322883665561676,104.14453125,21.496944427490234,33.474365234375,9.630574226379395,8.402862548828125,6.399919033050537,13.48262882232666,4.618812561035156,5.6993865966796875,4.842231273651123,7.451882839202881,11.587868690490723,8.443061828613281,2096.642800339857,1140.2737669653502,1804.8640641171526,1054.4966259044168,3903.821221713362,2692.522478873342,0.11059627681970596,0.11430028080940247,0.20946094393730164,0.23930630087852478,0.1868252456188202,0.19342967867851257,0.1953321397304535,0.27391356229782104,0.30000054836273193,0.1848386526107788,0.1881769746541977,0.42153793573379517,0.5032356977462769,0.4367375075817108,0.29632171988487244,0.32437026500701904,0.30829405784606934,0.32181453704833984,0.3078223764896393,0.3011366128921509,0.31018751859664917,0.2730318009853363,0.2913471758365631,0.42817309498786926,0.38125985860824585,0.41062629222869873,0.13206769776876268,0.08161308683739223
309,viola_009.aiff,viola,-388.63739013671875,36.5713005065918,-20.905237197875977,4.25244665145874,-1.2837371826171875,1.2349505424499512,-11.058440208435059,1.3907976150512695,6.532258987426758,9.298240661621094,6.1823859214782715,1.8341223001480103,2.395347833633423,82.66890716552734,20.74371337890625,29.532442092895508,7.0936360359191895,7.74719762802124,6.980884552001953,15.656279563903809,8.072386741638184,10.065627098083496,11.678927421569824,15.228594779968262,15.201407432556152,17.48690414428711,2322.4305421751365,1197.3359734953588,1985.5946683844868,1114.3928211684008,4416.695117857033,2864.364134775228,0.09685792028903961,0.11602099984884262,0.31224536895751953,0.289925217628479,0.23859533667564392,0.2892889082431793,0.30108392238616943,0.3078005909919739,0.3212584853172302,0.31942155957221985,0.3366420865058899,0.2461462914943695,0.29350534081459045,0.34878066182136536,0.36774492263793945,0.3862890303134918,0.3447418808937073,0.39516565203666687,0.38413548469543457,0.38384106755256653,0.37755388021469116,0.37436237931251526,0.4027974009513855,0.33350396156311035,0.3745618760585785,0.3792424499988556,0.15564622421339372,0.10794572977268782
310,viola_010.aiff,viola,-350.34442138671875,46.216453552246094,-25.16876792907715,0.874565601348877,0.1556747406721115,3.4316329956054688,-0.8940302729606628,6.36216402053833,-0.17003649473190308,0.4821053743362427,2.4521944522857666,3.875624895095825,4.306748867034912,84.65818786621094,22.349199295043945,31.909732818603516,7.293904781341553,7.873972415924072,7.035192012786865,8.254353523254395,9.770947456359863,11.664390563964844,14.604813575744629,17.735599517822266,13.625621795654297,17.320051193237305,2540.3076856861594,1077.319883650011,2009.1166346484533,1064.5913034519178,4583.907501864248,2731.0105122993336,0.14814260601997375,0.15685828030109406,0.3922332525253296,0.4218124449253082,0.2945845127105713,0.37790775299072266,0.2771774232387543,0.3808704614639282,0.3672807812690735,0.35260382294654846,0.2959463596343994,0.2443171739578247,0.23400217294692993,0.23644688725471497,0.41749343276023865,0.40707239508628845,0.36296871304512024,0.43696582317352295,0.37266233563423157,0.4298985004425049,0.40479743480682373,0.39601218700408936,0.35559675097465515,0.3616480529308319,0.3513776659965515,0.34496426582336426,0.1708984375,0.09873477458111307
311,viola_011.aiff,viola,-341.0026550292969,78.39692687988281,-40.858131408691406,10.037510871887207,5.436919689178467,-4.079230308532715,-5.882019996643066,-6.229315280914307,-3.211724042892456,-1.3439085483551025,-5.675266742706299,-3.587737798690796,-2.8089187145233154,146.3695526123047,52.20649719238281,59.69695281982422,9.662698745727539,7.6533942222595215,12.289069175720215,11.371613502502441,11.033812522888184,7.5825958251953125,6.477766513824463,8.711763381958008,6.69887638092041,5.695650577545166,1814.2938585952286,1237.449353903833,1768.0561269480809,1189.3388452611082,3746.3101374830494,2956.0767003066353,0.11537697166204453,0.1282249540090561,0.2533824145793915,0.2331167608499527,0.23244675993919373,0.23744826018810272,0.283389687538147,0.370324969291687,0.39423659443855286,0.29789334535598755,0.24200545251369476,0.28202804923057556,0.29357582330703735,0.2636100649833679,0.3178993761539459,0.3037429749965668,0.3230099678039551,0.3122680187225342,0.3369732201099396,0.35218435525894165,0.3900861442089081,0.35546883940696716,0.29352185130119324,0.3394719064235687,0.3498851954936981,0.27531811594963074,0.10938597261235955,0.106289657615674
312,viola_012.aiff,viola,-375.93743896484375,61.04592514038086,-36.048309326171875,9.019107818603516,1.575324296951294,-3.7530601024627686,-8.381919860839844,-2.8619890213012695,-0.6567939519882202,-2.893394947052002,-8.046904563903809,-6.938705921173096,-2.3659555912017822,127.7359848022461,39.367366790771484,50.301292419433594,9.698432922363281,7.634900093078613,11.305326461791992,13.95125675201416,8.780688285827637,6.3907246589660645,7.898242473602295,11.82146167755127,10.83178997039795,7.666728973388672,1997.5880816533622,1308.947257907631,1844.7460643846919,1213.0191181592184,4001.5988542099867,3092.4256483164395,0.1166878417134285,0.1362607181072235,0.2894056439399719,0.3118407428264618,0.3284015953540802,0.2698010504245758,0.3057995140552521,0.31544360518455505,0.31068119406700134,0.33281105756759644,0.261972039937973,0.36534878611564636,0.31454116106033325,0.30322566628456116,0.33864060044288635,0.36744022369384766,0.3772452473640442,0.33806711435317993,0.3821958303451538,0.3676808178424835,0.36559388041496277,0.3836280107498169,0.306999146938324,0.407386839389801,0.36327946186065674,0.3367425203323364,0.13281969425796103,0.10995328582903979
313,viola_013.aiff,viola,-366.3394470214844,68.3805160522461,-34.50619888305664,14.114850044250488,6.365021705627441,-1.0333657264709473,-9.351922035217285,0.35059595108032227,-0.44091618061065674,-0.22536255419254303,-0.4270908236503601,-2.9140784740448,-4.692538738250732,148.15953063964844,39.742942810058594,59.26247024536133,10.97195816040039,6.999964714050293,10.155538558959961,15.598224639892578,6.18904972076416,6.151296138763428,6.959709644317627,5.5503926277160645,7.818747043609619,8.19943904876709,2067.386408665281,1256.480400922016,1934.8504796819627,1208.2573907606477,4187.2275280518215,3064.4767780660627,0.11749749630689621,0.1356029361486435,0.29342472553253174,0.2308128923177719,0.2479628324508667,0.33444321155548096,0.3202274441719055,0.4259370267391205,0.40758344531059265,0.41664043068885803,0.4375024139881134,0.41478556394577026,0.3914738595485687,0.4114690124988556,0.31586021184921265,0.3346763849258423,0.321283757686615,0.37781453132629395,0.32088619470596313,0.38367342948913574,0.3522863984107971,0.3780258297920227,0.36289000511169434,0.39349472522735596,0.3661816716194153,0.3397708833217621,0.13415664977233305,0.11268271416999925
314,viola_014.aiff,viola,-399.1916198730469,48.431339263916016,-26.259428024291992,9.233017921447754,3.692277669906616,-0.9253687262535095,-7.68455171585083,-0.9528253674507141,-0.7577621340751648,-1.4782780408859253,-2.5074143409729004,-4.588804721832275,-3.609219551086426,115.80884552001953,33.1850700378418,46.848819732666016,8.306245803833008,6.8712310791015625,8.635353088378906,14.642868041992188,6.872834205627441,6.838969707489014,7.6199259757995605,7.9527268409729,9.097636222839355,8.205635070800781,2241.1568748622008,1370.971163807104,2000.5367257188507,1245.8730859049947,4477.487228439377,3169.525121421368,0.08892858773469925,0.1176658347249031,0.3992602527141571,0.3517916202545166,0.32973912358283997,0.3575388491153717,0.35669875144958496,0.3633529841899872,0.356616348028183,0.3386825621128082,0.3253687918186188,0.3460816740989685,0.35013407468795776,0.3780663311481476,0.38827940821647644,0.3714011311531067,0.3788042962551117,0.38808321952819824,0.3788110017776489,0.3877143859863281,0.3844621777534485,0.3681780993938446,0.34928324818611145,0.37633052468299866,0.36558863520622253,0.37367916107177734,0.148096175602686,0.11707038734984845
315,viola_015.aiff,viola,-399.91021728515625,42.2039680480957,-21.530323028564453,4.212831974029541,0.24759431183338165,-7.390527248382568,-6.847775459289551,-0.33120909333229065,2.6295199394226074,5.687331199645996,8.056833267211914,7.057452201843262,2.417637348175049,88.94206237792969,30.816600799560547,36.589927673339844,6.872325420379639,7.414172649383545,14.659897804260254,13.330883026123047,6.938271522521973,7.775852203369141,9.874780654907227,9.196104049682617,11.381487846374512,15.462528228759766,2386.7406954658104,1330.4748073824678,2044.318037844009,1242.5202759265803,4773.289106521676,3114.9397375039566,0.08886673301458359,0.12221410870552063,0.34279894828796387,0.3353597819805145,0.4193681478500366,0.4098636507987976,0.4530332684516907,0.4314720332622528,0.41972798109054565,0.4793200194835663,0.4116584360599518,0.39662209153175354,0.3679591417312622,0.36528488993644714,0.37359747290611267,0.38902291655540466,0.3964388370513916,0.356253445148468,0.4144255518913269,0.408736914396286,0.3937436640262604,0.40428370237350464,0.40507131814956665,0.4039977192878723,0.37633514404296875,0.3752506673336029,0.17037062658118676,0.12208916388962665
316,viola_016.aiff,viola,-434.5853576660156,44.47554397583008,-22.522233963012695,10.320536613464355,3.0825624465942383,0.07240697741508484,-7.194175720214844,-0.3173781931400299,-0.5653795599937439,-0.08966905623674393,-0.20507170259952545,-4.047517776489258,-3.1601431369781494,114.36307525634766,28.231979370117188,45.91352081298828,7.9558186531066895,7.117132663726807,7.877946376800537,15.034732818603516,7.198087692260742,7.330896377563477,6.074643611907959,5.898105621337891,9.160744667053223,8.316489219665527,2394.021274212864,1301.8023953475163,2148.635350301923,1223.9276134418346,4883.564558624006,3084.5798757271464,0.0703626275062561,0.10046274214982986,0.36209335923194885,0.3195197582244873,0.3616587519645691,0.39767932891845703,0.3646019399166107,0.37963706254959106,0.40913519263267517,0.3731207847595215,0.3619386553764343,0.3569750487804413,0.35619521141052246,0.4038707911968231,0.3700069487094879,0.35937169194221497,0.3810693025588989,0.38299381732940674,0.36987143754959106,0.38750261068344116,0.39155644178390503,0.35210758447647095,0.3647070825099945,0.376438170671463,0.3545626401901245,0.3849255442619324,0.1564150163702609,0.12240905359131292
317,viola_017.aiff,viola,-428.11602783203125,36.930397033691406,-12.837369918823242,5.254561901092529,0.5519195795059204,-1.628656268119812,-3.7410366535186768,1.4429665803909302,5.200136661529541,4.886310577392578,3.9399800300598145,2.8480165004730225,1.7846636772155762,87.72062683105469,26.78186798095703,34.472129821777344,7.10990047454834,8.889236450195312,10.580456733703613,12.687835693359375,10.222908020019531,8.926473617553711,9.051946640014648,11.160356521606445,12.956064224243164,12.497200012207031,2612.60523044641,1342.5313806971585,2279.5343466277277,1251.1085665574644,5285.752601081161,3161.6169836527556,0.06118541955947876,0.10594350099563599,0.418904572725296,0.4111672043800354,0.41254112124443054,0.4262806177139282,0.43451955914497375,0.43071097135543823,0.40769386291503906,0.3976852297782898,0.4352589249610901,0.42901575565338135,0.40152665972709656,0.4014734625816345,0.39552268385887146,0.3948749601840973,0.4012677073478699,0.4058886468410492,0.3984995186328888,0.39252352714538574,0.3891366720199585,0.3794925808906555,0.3922311067581177,0.39342713356018066,0.37817806005477905,0.37874093651771545,0.162783943646327,0.10900713254873858
318,viola_018.aiff,viola,-402.68878173828125,44.6950798034668,-22.69105339050293,3.1915228366851807,3.1752424240112305,-3.3151934146881104,1.334240436553955,11.483874320983887,0.3418367803096771,-7.867124557495117,-3.129227638244629,12.076286315917969,9.06977367401123,102.0135726928711,29.939212799072266,40.27265167236328,6.968545436859131,6.213433265686035,12.001635551452637,7.477804183959961,8.345937728881836,8.627618789672852,14.685759544372559,13.76669692993164,12.910076141357422,11.804496765136719,2629.0360662117655,1257.9885131983729,2110.9832438085778,1238.9872728219716,4912.95945142663,3166.580849235526,0.10038179159164429,0.13740696012973785,0.49385523796081543,0.4855676293373108,0.5308713912963867,0.5615930557250977,0.37901148200035095,0.33963528275489807,0.33543139696121216,0.34013229608535767,0.3506227135658264,0.3482048511505127,0.33256441354751587,0.3392063081264496,0.4299755096435547,0.3947966694831848,0.4161529541015625,0.40996283292770386,0.38643866777420044,0.39013391733169556,0.38532498478889465,0.38268741965293884,0.3968644142150879,0.3957158625125885,0.38326314091682434,0.3846896290779114,0.18699473505434783,0.12350073480806792
319,viola_019.aiff,viola,-415.7029113769531,40.161617279052734,-27.91971206665039,10.107728004455566,-2.8843863010406494,-1.4880244731903076,-8.995100975036621,-1.0002228021621704,-2.852937698364258,1.4541563987731934,-6.987116813659668,-10.44798469543457,-1.8450599908828735,115.78624725341797,24.79239845275879,40.120948791503906,9.24696159362793,10.679076194763184,7.999494552612305,15.426556587219238,7.173704147338867,7.904069423675537,4.673915386199951,10.297789573669434,12.976408958435059,8.271885871887207,2094.0266385079126,1150.4281981000015,1853.6164181673746,1185.7600442850774,4229.4287109375,2852.1490420990394,0.12135524302721024,0.13888147473335266,0.2263534665107727,0.2669544517993927,0.22020094096660614,0.22137826681137085,0.22724805772304535,0.3022114634513855,0.2687978148460388,0.20307369530200958,0.22357885539531708,0.48413652181625366,0.5307473540306091,0.40811821818351746,0.3222980797290802,0.3465660512447357,0.33937862515449524,0.352741539478302,0.3355903923511505,0.34343504905700684,0.31808242201805115,0.3058612644672394,0.31338557600975037,0.43873950839042664,0.3672451674938202,0.3883317708969116,0.14148995535714284,0.10549941025325549
320,viola_020.aiff,viola,-443.6303405761719,33.060569763183594,-17.522920608520508,5.463184833526611,-0.4872923493385315,0.17376047372817993,-5.710031509399414,1.4574779272079468,6.07700777053833,7.909660816192627,5.19933557510376,1.8400200605392456,2.185734987258911,90.04539489746094,21.160911560058594,34.78989028930664,6.515660285949707,9.865274429321289,7.924108982086182,14.611432075500488,7.836759090423584,10.32730484008789,9.816832542419434,13.499616622924805,15.177546501159668,14.776527404785156,2436.910884000462,1192.358918289236,2138.6482231233354,1199.0161359723022,4899.056356822541,2960.7984226818194,0.06684069335460663,0.09693082422018051,0.36998462677001953,0.3604370057582855,0.3675909638404846,0.350203275680542,0.32686445116996765,0.357881098985672,0.3775304853916168,0.3559931814670563,0.3572600185871124,0.3646491765975952,0.33153900504112244,0.3538052439689636,0.3826103210449219,0.38886865973472595,0.41502395272254944,0.4078276753425598,0.381637841463089,0.4025454819202423,0.3908389210700989,0.37241604924201965,0.3724803626537323,0.3857637345790863,0.3669341206550598,0.37508732080459595,0.16252251910819043,0.10983170223194874
321,viola_021.aiff,viola,-387.1096496582031,39.199615478515625,-22.62026023864746,0.03851791471242905,1.5100494623184204,3.1055610179901123,2.375890016555786,5.258637428283691,-2.0030806064605713,-0.9807561635971069,3.9593985080718994,5.33735990524292,0.9428034424781799,86.79605102539062,25.091856002807617,34.86476516723633,8.823692321777344,7.787546634674072,6.957806587219238,7.562464714050293,8.205145835876465,11.644368171691895,15.173884391784668,13.895736694335938,13.816450119018555,14.958796501159668,2401.9181634753622,1206.9032489624967,1941.3873460230698,1197.6735986139327,4439.283736088211,2972.6392445065244,0.12288014590740204,0.15034735202789307,0.3652501106262207,0.3832995295524597,0.38085055351257324,0.4077104330062866,0.38220641016960144,0.40940964221954346,0.30157995223999023,0.34762775897979736,0.3417724072933197,0.27509430050849915,0.26338353753089905,0.27137380838394165,0.4133726954460144,0.41121378540992737,0.42206960916519165,0.42827942967414856,0.4190181493759155,0.4356943368911743,0.37888169288635254,0.3849276602268219,0.3932657241821289,0.3699788749217987,0.3620046079158783,0.36470046639442444,0.1648627498969497,0.1051783253735488
322,viola_022.aiff,viola,-371.50872802734375,66.47216796875,-38.886573791503906,8.841340065002441,4.872028827667236,-5.115905284881592,-5.421615123748779,-7.357426643371582,-4.0644612312316895,-3.0905303955078125,-4.052225589752197,-5.937503337860107,-4.698629379272461,146.67092895507812,54.55671310424805,61.706233978271484,10.394695281982422,7.70754337310791,13.075746536254883,11.385088920593262,12.343742370605469,8.815580368041992,7.386441707611084,7.633154392242432,8.756092071533203,7.312705039978027,1864.7036598735467,1227.20995886161,1831.4448247957687,1208.6575688377163,3910.486468765847,2966.390985314576,0.09151599556207657,0.10795436799526215,0.27028459310531616,0.24331887066364288,0.2608972489833832,0.25506502389907837,0.29349270462989807,0.4278249442577362,0.4389296770095825,0.3384794294834137,0.26539286971092224,0.262660413980484,0.282502681016922,0.2846210300922394,0.31734132766723633,0.3113436996936798,0.3448561429977417,0.3293308615684509,0.34375524520874023,0.3791563808917999,0.39490991830825806,0.35268887877464294,0.31190645694732666,0.3308664560317993,0.3494514226913452,0.29059338569641113,0.12088259064401623,0.11756661662981827
323,viola_023.aiff,viola,-399.6411437988281,46.98646926879883,-32.911067962646484,7.285215377807617,1.2441604137420654,-3.395848274230957,-6.702600479125977,-5.028534889221191,-1.6358113288879395,-2.812896251678467,-6.1713337898254395,-6.878169059753418,-1.3658113479614258,123.62136840820312,39.400062561035156,49.91381072998047,8.267735481262207,7.961108207702637,11.324183464050293,13.737542152404785,11.917511940002441,7.773025035858154,8.070474624633789,10.82337474822998,11.33138656616211,7.9465813636779785,2050.040916172108,1268.2451131970977,1926.0713085835132,1250.0566352955223,4241.4976700492525,3116.4066569411702,0.089116670191288,0.11292804032564163,0.3445228338241577,0.3688706159591675,0.3607441782951355,0.33936506509780884,0.3450324833393097,0.3846087157726288,0.3329787254333496,0.31284117698669434,0.315936416387558,0.38268089294433594,0.3611103296279907,0.32893991470336914,0.37350979447364807,0.3844051957130432,0.40324315428733826,0.384417325258255,0.3734593391418457,0.3978102207183838,0.36771121621131897,0.3591233789920807,0.3482963740825653,0.4059588313102722,0.38507720828056335,0.3441588580608368,0.1388906159015916,0.1219876637811406
324,viola_024.aiff,viola,-382.1981201171875,69.78524017333984,-35.18244171142578,15.099308013916016,5.304579734802246,-0.5751535296440125,-10.6093111038208,0.23206962645053864,-2.3577613830566406,-1.6010338068008423,-0.7387425303459167,-5.025187015533447,-5.225246906280518,162.0384063720703,43.4782829284668,63.91483688354492,11.727849006652832,7.55361270904541,9.969908714294434,18.42115020751953,6.0158796310424805,8.424470901489258,7.303308010101318,6.831644058227539,9.000711441040039,8.295619010925293,1871.7129656793693,1150.7988666840351,1849.9555822897016,1200.2575406579579,3897.5895182291665,2914.7470806227784,0.12486301362514496,0.14533445239067078,0.2523709237575531,0.21086472272872925,0.21390968561172485,0.26834914088249207,0.23075765371322632,0.3843352496623993,0.40008506178855896,0.40018898248672485,0.39829689264297485,0.37787896394729614,0.369491845369339,0.37469151616096497,0.2926379442214966,0.2966330349445343,0.3073870539665222,0.3690645098686218,0.30249249935150146,0.3861415982246399,0.37813103199005127,0.39028745889663696,0.34304407238960266,0.38233476877212524,0.3717918395996094,0.324674516916275,0.1140796802662037,0.10355176023097142
325,viola_025.aiff,viola,-407.9172058105469,47.12398147583008,-28.38096809387207,11.188610076904297,1.2165720462799072,-1.6439976692199707,-7.336450576782227,-1.7844247817993164,-3.497187852859497,-2.3080368041992188,-4.227077484130859,-4.9997334480285645,-3.3391175270080566,127.983642578125,32.010520935058594,51.140647888183594,9.529047012329102,9.09288215637207,9.760107040405273,14.672164916992188,8.18325138092041,9.516267776489258,8.047106742858887,10.054573059082031,9.189804077148438,7.516489505767822,2129.088749477976,1231.8549406364493,1986.8111343959833,1214.2378283154153,4383.220967070412,3007.522066051488,0.09152887761592865,0.11450447142124176,0.3645329475402832,0.34767797589302063,0.31783390045166016,0.3145480751991272,0.3176097273826599,0.35263970494270325,0.34477582573890686,0.33562058210372925,0.312468945980072,0.31115803122520447,0.32790422439575195,0.33502018451690674,0.36910152435302734,0.3604351878166199,0.3817112445831299,0.36531516909599304,0.36496448516845703,0.38952553272247314,0.37327906489372253,0.36339864134788513,0.3459590673446655,0.3632555603981018,0.3664902448654175,0.33766835927963257,0.1369017000500182,0.10940709246256039
326,viola_026.aiff,viola,-399.9160461425781,46.06997299194336,-27.551761627197266,5.281894207000732,-0.7177222967147827,-5.041285514831543,-8.234110832214355,-0.40452995896339417,-2.391376256942749,2.4802026748657227,2.7244997024536133,6.006977081298828,5.67593240737915,122.51209259033203,33.11408996582031,45.48452377319336,7.421680927276611,9.551688194274902,13.784846305847168,15.878796577453613,7.271141052246094,10.287023544311523,8.793122291564941,10.038053512573242,10.006876945495605,11.96365737915039,2286.01053338443,1248.8918254099094,1977.6932060400013,1251.4983044765258,4568.256523664608,3043.9238423609986,0.11402200907468796,0.1457565724849701,0.4358745217323303,0.38262394070625305,0.37015214562416077,0.4078560769557953,0.37901514768600464,0.3900197446346283,0.367199569940567,0.2952762544155121,0.3335266709327698,0.3169006407260895,0.2931724786758423,0.3426390588283539,0.3967631757259369,0.3914807438850403,0.4068727195262909,0.40145358443260193,0.385658860206604,0.40328627824783325,0.4090063273906708,0.347343385219574,0.37337416410446167,0.36040377616882324,0.3372614085674286,0.36525771021842957,0.15162183184956396,0.10280319797642455
327,viola_027.aiff,viola,-413.57647705078125,48.19968795776367,-29.98090934753418,13.194718360900879,0.3104732930660248,-0.7333959341049194,-8.005515098571777,-2.594489336013794,-2.822786331176758,-1.6463178396224976,-3.1646225452423096,-5.033141613006592,-6.220662593841553,143.00132751464844,30.1617488861084,53.199684143066406,9.932820320129395,9.864466667175293,8.690265655517578,15.116588592529297,9.248564720153809,8.52169132232666,6.825923919677734,8.236225128173828,8.722291946411133,9.801301002502441,2163.9697564292933,1202.3109227125776,1977.495569245107,1208.307410091013,4448.276386606551,2936.9387036002336,0.1067582368850708,0.13278676569461823,0.3269662857055664,0.28516829013824463,0.3490799069404602,0.3640805184841156,0.3364400267601013,0.36835721135139465,0.3706744909286499,0.3287743926048279,0.32987162470817566,0.31063562631607056,0.3002593219280243,0.3528909683227539,0.36194735765457153,0.33691471815109253,0.37383154034614563,0.387784481048584,0.3817597031593323,0.4009615480899811,0.3778893053531647,0.3406217098236084,0.3680897355079651,0.3611030876636505,0.3438965082168579,0.36599087715148926,0.14355770824127265,0.11389759939874926
328,viola_028.aiff,viola,-420.44146728515625,39.07289123535156,-23.431241989135742,4.912341594696045,-2.761446475982666,-3.706650495529175,-6.470256805419922,-0.795285165309906,1.7768818140029907,4.610080242156982,2.785200834274292,1.9647691249847412,0.35655683279037476,113.2480697631836,30.115480422973633,42.19758224487305,6.883566379547119,11.355561256408691,11.496122360229492,14.174232482910156,10.987045288085938,9.48507308959961,8.400492668151855,10.410746574401855,11.982940673828125,13.460165023803711,2406.2937930934563,1216.9257936018846,2108.8310806645204,1226.7511894649672,4896.105891753008,2978.9552138685963,0.07691480219364166,0.10534997284412384,0.3675336241722107,0.3515346348285675,0.3614269495010376,0.37265220284461975,0.37464553117752075,0.39970675110816956,0.37602779269218445,0.3675548732280731,0.38146111369132996,0.37623533606529236,0.33354508876800537,0.35590511560440063,0.3872978091239929,0.3822001516819,0.40155333280563354,0.4057087004184723,0.38425272703170776,0.41434773802757263,0.39424577355384827,0.3781249523162842,0.37719815969467163,0.38009366393089294,0.35893142223358154,0.3800913691520691,0.16183576591147822,0.11354778575770062
329,viola_029.aiff,viola,-382.462646484375,45.67054748535156,-31.254852294921875,0.017180906608700752,-1.3248982429504395,-6.167891502380371,-3.4260776042938232,9.633020401000977,2.0998806953430176,-6.542791843414307,-11.565011978149414,4.9938812255859375,11.80615234375,119.16644287109375,33.36750793457031,45.09678649902344,9.047802925109863,8.774642944335938,13.491127967834473,11.512414932250977,6.784074306488037,6.368333339691162,12.263740539550781,16.949430465698242,7.979409694671631,10.793596267700195,2510.7711874277456,1162.745413534469,2031.7385497243706,1220.5749551455378,4737.534989137701,3007.8403657201748,0.13118179142475128,0.1715126782655716,0.4594951272010803,0.5972805619239807,0.5830265283584595,0.37038475275039673,0.3355414569377899,0.3375464975833893,0.3385899066925049,0.319731742143631,0.32045212388038635,0.3321903347969055,0.3114440143108368,0.33086204528808594,0.4109542667865753,0.3938388228416443,0.39476466178894043,0.3987627625465393,0.4054640233516693,0.40918365120887756,0.4079276919364929,0.3823423981666565,0.3815078139305115,0.3930441737174988,0.3742305636405945,0.35885491967201233,0.17566048525233957,0.10631122685651806
330,viola_030.aiff,viola,-371.1175537109375,40.76744842529297,-40.360740661621094,9.744486808776855,-9.100332260131836,-0.7707926630973816,-15.839299201965332,-3.9625961780548096,-6.992085933685303,-0.5264810919761658,-10.586091041564941,-10.264955520629883,-4.02035665512085,145.56871032714844,23.65961456298828,44.85255432128906,6.905842304229736,14.411151885986328,6.572205066680908,18.03059959411621,7.11890172958374,9.033611297607422,5.574294567108154,11.450422286987305,10.807696342468262,8.152009963989258,2008.1449590452326,1069.0912888235082,1701.764042766501,1079.3083844025,3913.62890625,2576.3401133106745,0.1670580506324768,0.14854545891284943,0.20217208564281464,0.2874320447444916,0.1813582479953766,0.17539046704769135,0.2018183469772339,0.279051810503006,0.2690257728099823,0.17235831916332245,0.17202633619308472,0.4520508050918579,0.5111957788467407,0.38241496682167053,0.28054943680763245,0.385529100894928,0.2970345616340637,0.3072805106639862,0.298387736082077,0.3189246952533722,0.32341891527175903,0.26437875628471375,0.2667189836502075,0.4253973662853241,0.3834891617298126,0.40670284628868103,0.14078125,0.09661069812583846
331,viola_031.aiff,viola,-431.50177001953125,33.4029655456543,-25.328378677368164,3.3981235027313232,-4.108444690704346,-1.48103928565979,-6.96904182434082,0.3241589069366455,3.7770824432373047,8.32367992401123,2.27500581741333,0.7100825905799866,-0.32021719217300415,114.6533203125,23.063823699951172,42.27531051635742,7.189483165740967,12.235407829284668,8.85719108581543,15.0042085647583,8.362780570983887,10.830100059509277,11.25051498413086,12.548622131347656,15.804165840148926,14.605924606323242,2329.3323696073353,1155.5083270447974,2050.980524779154,1188.413129807461,4715.612274000693,2846.3011301228553,0.08615366369485855,0.11096376180648804,0.34012964367866516,0.3269893527030945,0.33020928502082825,0.32209834456443787,0.297412633895874,0.3251025378704071,0.3463408946990967,0.33294859528541565,0.3256305456161499,0.3564855754375458,0.31861066818237305,0.3264213502407074,0.376552551984787,0.37492668628692627,0.39206328988075256,0.3953339457511902,0.36808300018310547,0.39280855655670166,0.3883369266986847,0.3705257773399353,0.35348355770111084,0.38537728786468506,0.35938215255737305,0.37044116854667664,0.1484169217883549,0.09784420956625926
332,viola_032.aiff,viola,-425.6959228515625,40.164127349853516,-24.367164611816406,1.207393765449524,-1.9877376556396484,1.3714964389801025,0.15608814358711243,2.145357847213745,-0.42166849970817566,2.147969961166382,0.14235474169254303,2.1017706394195557,2.1399059295654297,117.55829620361328,27.096187591552734,43.35071563720703,9.063409805297852,11.847925186157227,8.60558795928955,9.408928871154785,8.10649299621582,9.435677528381348,10.876069068908691,13.033547401428223,11.83808422088623,12.13862419128418,2586.973669014767,1185.243370035509,2135.787786346479,1211.6798778333298,5092.738494206077,2902.1099597545244,0.07636598497629166,0.10701370984315872,0.3781418800354004,0.3934513032436371,0.4138898253440857,0.4248792231082916,0.3939136564731598,0.41826027631759644,0.3863459527492523,0.3704181909561157,0.3669705092906952,0.3741873800754547,0.3608058989048004,0.3115152418613434,0.3945826292037964,0.39347031712532043,0.4193149209022522,0.4165719449520111,0.40538790822029114,0.4166298806667328,0.4036955237388611,0.37014010548591614,0.37577691674232483,0.3862403333187103,0.38252294063568115,0.34922003746032715,0.17371666691962118,0.11083666351612552
333,viola_033.aiff,viola,-457.8696594238281,56.59739303588867,22.033306121826172,8.1683349609375,4.629417896270752,2.2532827854156494,-0.3360835015773773,-2.3112337589263916,-2.1387386322021484,-0.934347927570343,-0.7720935344696045,-1.3853962421417236,-2.471959114074707,67.6722183227539,54.10143280029297,22.138057708740234,13.772148132324219,6.5700812339782715,5.827559947967529,5.985770225524902,7.5470075607299805,6.895405292510986,4.808895587921143,5.10964298248291,5.225040912628174,5.367755889892578,1767.2711267220204,1418.8188231816848,2094.0687442312455,1264.9294036613078,3959.4149178832117,3319.858254243009,0.026386849582195282,0.05343589559197426,0.20059305429458618,0.23298989236354828,0.28559428453445435,0.22976256906986237,0.1909399777650833,0.2116617113351822,0.21460933983325958,0.22333680093288422,0.2411220520734787,0.22607383131980896,0.19225865602493286,0.16743558645248413,0.31199976801872253,0.3190121650695801,0.36089351773262024,0.3223760724067688,0.30764174461364746,0.31563565135002136,0.31410518288612366,0.3287575840950012,0.32992541790008545,0.3227333724498749,0.3106188476085663,0.2649652063846588,0.10946461157455684,0.1610433687313183
334,viola_034.aiff,viola,-546.1137084960938,29.6729793548584,10.623393058776855,4.614087104797363,2.720673084259033,0.285753071308136,-1.0233101844787598,-1.3893849849700928,-1.2434355020523071,-2.2192816734313965,-3.729539155960083,-3.6980080604553223,-2.9851138591766357,58.67081832885742,44.51403045654297,16.042570114135742,10.163824081420898,5.453605651855469,8.161737442016602,9.071049690246582,8.382994651794434,6.324530124664307,6.917959690093994,9.153511047363281,7.7791571617126465,6.44174337387085,2029.2198938437875,1626.3633518723711,2100.523017947613,1421.4947509417107,4542.46160704954,3587.757333867732,0.007882163859903812,0.022413186728954315,0.20281849801540375,0.2639133036136627,0.435639888048172,0.2708660960197449,0.19189320504665375,0.17418508231639862,0.17823491990566254,0.16882160305976868,0.1875542849302292,0.29912251234054565,0.1909494549036026,0.1959342360496521,0.29354676604270935,0.31331658363342285,0.44382864236831665,0.3137437403202057,0.29708144068717957,0.2670002281665802,0.2736968398094177,0.2674141526222229,0.25931790471076965,0.39147046208381653,0.2565755248069763,0.2999393939971924,0.1205613764632107,0.15150448708994133
335,viola_035.aiff,viola,-483.8155517578125,61.7327995300293,20.144010543823242,6.481435298919678,3.4520599842071533,1.253595232963562,-0.7758849859237671,-1.1647157669067383,-1.8902456760406494,-2.7264199256896973,-3.0792009830474854,-2.704155206680298,-2.236013650894165,75.48591613769531,56.550533294677734,23.511810302734375,14.754646301269531,8.074560165405273,6.6050801277160645,7.474653244018555,6.51746129989624,5.891932964324951,5.75357723236084,6.289813995361328,5.847254276275635,4.630582332611084,1456.2720818544929,1296.014487189317,1855.6588828317517,1250.6307490365602,3194.951938597624,3130.203302712741,0.028100965544581413,0.05121558904647827,0.07152405381202698,0.06416305154561996,0.1348419189453125,0.08336514979600906,0.059997279196977615,0.05687409266829491,0.10442687571048737,0.2676558494567871,0.3381345868110657,0.31638139486312866,0.2864888906478882,0.17249825596809387,0.16899488866329193,0.16652479767799377,0.2880677878856659,0.18331179022789001,0.169350728392601,0.15297093987464905,0.17889156937599182,0.3670874536037445,0.35706663131713867,0.35286590456962585,0.37768420577049255,0.28673020005226135,0.07591630079201102,0.12527283811093542
336,viola_036.aiff,viola,-482.6172180175781,36.185089111328125,13.257352828979492,4.454829692840576,2.4695534706115723,-0.07734507322311401,-2.304988145828247,-3.085644245147705,-3.461244583129883,-4.2262115478515625,-4.763392925262451,-4.822378635406494,-4.593644142150879,60.19914245605469,46.78449249267578,18.532123565673828,13.31299114227295,7.031351089477539,7.375349521636963,8.302138328552246,7.072352409362793,6.4944305419921875,7.13743257522583,7.315708637237549,6.661488056182861,6.3200860023498535,1568.2563497451672,1434.5220320714625,1837.9451611392221,1347.3005094850118,3515.3229040315373,3332.228147482202,0.018664101138710976,0.04285120218992233,0.32330721616744995,0.2537803649902344,0.17607389390468597,0.1569976955652237,0.14946262538433075,0.15138569474220276,0.1545730084180832,0.16893638670444489,0.12245868146419525,0.17968127131462097,0.12510304152965546,0.14287473261356354,0.4030393958091736,0.32732439041137695,0.3000190556049347,0.28418228030204773,0.2794685661792755,0.2880301773548126,0.2768164277076721,0.3134753406047821,0.21553483605384827,0.33825886249542236,0.24323788285255432,0.22690163552761078,0.08451355416879469,0.1293061104655849
337,viola_037.aiff,viola,-451.6085205078125,47.67559814453125,8.360824584960938,1.299542784690857,-3.8744125366210938,-5.036469459533691,-5.835384368896484,-5.208206653594971,-3.827733278274536,-1.4665991067886353,0.9574708938598633,4.250210285186768,3.763423442840576,97.05674743652344,58.774200439453125,22.950632095336914,10.514582633972168,9.859461784362793,9.539016723632812,8.671404838562012,8.094311714172363,8.491971969604492,8.947651863098145,9.106939315795898,7.427270889282227,7.106762409210205,1398.591547154332,1590.9100929889214,1462.8495930474726,1416.6797136678138,2993.5480625785176,3411.6773125312584,0.02924586459994316,0.06191462650895119,0.2471887171268463,0.1995164304971695,0.18205060064792633,0.2624455690383911,0.20086584985256195,0.11405719816684723,0.10138722509145737,0.09299454838037491,0.07979205995798111,0.08230263739824295,0.09714080393314362,0.2577892541885376,0.36228248476982117,0.3204100430011749,0.29855120182037354,0.39057230949401855,0.2896537184715271,0.23970364034175873,0.1866787225008011,0.18689754605293274,0.17371948063373566,0.17686709761619568,0.2052968442440033,0.3972535729408264,0.08083631045854271,0.11568111334120136
338,viola_038.aiff,viola,-486.26165771484375,43.642635345458984,12.92297649383545,3.9512267112731934,1.9667131900787354,-0.6339419484138489,-2.371913433074951,-3.022860527038574,-2.6933274269104004,-2.9804019927978516,-4.183837890625,-5.270100116729736,-5.465482711791992,68.19139862060547,48.9389762878418,21.55217933654785,10.581676483154297,5.704934120178223,7.300388813018799,8.048599243164062,7.746124267578125,6.374019622802734,6.084218978881836,6.737786293029785,6.7125959396362305,6.905734539031982,1513.2643663672252,1400.3293833282055,1758.8008769197772,1323.7108574010454,3285.8066865634482,3241.47101976153,0.021591559052467346,0.046268973499536514,0.09721516072750092,0.10127904266119003,0.21160118281841278,0.22014999389648438,0.19127894937992096,0.1751491129398346,0.17019839584827423,0.17084726691246033,0.14822208881378174,0.12980228662490845,0.12479904294013977,0.0972844809293747,0.22990620136260986,0.19904834032058716,0.35686957836151123,0.3302507698535919,0.32179558277130127,0.3076222836971283,0.30700454115867615,0.3059019446372986,0.28810369968414307,0.27058809995651245,0.2751580774784088,0.23424050211906433,0.08995192763657056,0.13714350991610919
339,viola_039.aiff,viola,-497.0127868652344,36.93407440185547,9.661770820617676,2.3612921237945557,0.24606381356716156,-0.8331292271614075,-1.3782511949539185,-0.42718446254730225,1.2323384284973145,1.740943431854248,1.8794845342636108,2.341299533843994,2.242544174194336,67.7963638305664,46.02897644042969,19.49404525756836,11.447846412658691,8.305971145629883,8.189918518066406,9.154695510864258,9.338979721069336,8.293742179870605,7.797830581665039,8.210789680480957,7.963411808013916,8.270162582397461,2120.593831422844,1721.9777438713272,2057.2292094619233,1473.6315117355336,4638.520013519579,3673.854199289113,0.011803626082837582,0.034861009567976,0.4492020606994629,0.33461862802505493,0.2696143090724945,0.25055792927742004,0.3137456774711609,0.23453301191329956,0.2145564705133438,0.2644188106060028,0.22027839720249176,0.24306486546993256,0.23265309631824493,0.2748224437236786,0.452425479888916,0.35895836353302,0.33577680587768555,0.31395748257637024,0.3590919077396393,0.2874320149421692,0.27948737144470215,0.3201123774051666,0.2797946333885193,0.31585076451301575,0.3001963794231415,0.3273363709449768,0.1323075196648427,0.16354646415583293
340,viola_040.aiff,viola,-443.831298828125,59.47151565551758,5.962262153625488,-0.24529683589935303,-1.3268158435821533,-3.342501640319824,-5.388458728790283,-4.798864841461182,-5.990670204162598,-6.885646820068359,-9.588168144226074,-10.921770095825195,-7.686915397644043,94.52816772460938,61.879356384277344,20.793472290039062,9.882428169250488,6.604637145996094,7.335914611816406,9.195323944091797,5.739811420440674,6.883713722229004,7.857292652130127,10.69459342956543,12.102082252502441,10.55752182006836,981.1390523983426,1013.0734068926682,1228.1972255797073,1098.028953024686,1844.5539803340516,2221.788664039435,0.04486824944615364,0.07119452208280563,0.08924023061990738,0.04114827513694763,0.03644661605358124,0.031727325171232224,0.03969983756542206,0.04489202797412872,0.047816429287195206,0.053933773189783096,0.07961910218000412,0.2836412787437439,0.4268462061882019,0.3146528899669647,0.18417394161224365,0.1393129527568817,0.13248911499977112,0.11311996728181839,0.11868955940008163,0.12290331721305847,0.1326463520526886,0.16769874095916748,0.20769287645816803,0.4031910300254822,0.4130896031856537,0.39873984456062317,0.04688061242816092,0.05225721221661302
341,viola_041.aiff,viola,-461.1433410644531,40.93964385986328,0.7136196494102478,-3.7347159385681152,-3.846914529800415,-6.75546932220459,-7.900238037109375,-6.611250400543213,-3.1879589557647705,-0.09454414248466492,0.51408451795578,0.8640929460525513,1.0587764978408813,88.64126586914062,57.194190979003906,23.41667366027832,10.451435089111328,7.194194793701172,11.492956161499023,11.663467407226562,11.690054893493652,11.258219718933105,11.860849380493164,13.484819412231445,13.529793739318848,12.977741241455078,984.5418660546017,1229.6057960873568,1053.9184397202653,1151.4537794008584,1806.3831180167597,2530.812795354301,0.027735058218240738,0.05230490490794182,0.1352149397134781,0.13870899379253387,0.15206284821033478,0.14031511545181274,0.1316062957048416,0.11325836926698685,0.12742973864078522,0.11980876326560974,0.10569733381271362,0.09099755436182022,0.09481583535671234,0.12953725457191467,0.288687139749527,0.29463276267051697,0.3176162540912628,0.2914882004261017,0.28662264347076416,0.25889867544174194,0.2783195972442627,0.2683783173561096,0.2561870813369751,0.2411646842956543,0.24757932126522064,0.2908729910850525,0.04946916462988827,0.05950943607316971
342,viola_042.aiff,viola,-486.342041015625,38.876556396484375,-14.179635047912598,-8.387198448181152,-2.751922369003296,0.2533625662326813,-0.7318230867385864,-3.132711887359619,-5.755963325500488,-5.076986789703369,-2.362293243408203,1.0135289430618286,-1.0148262977600098,124.67674255371094,65.13912963867188,31.171340942382812,15.153902053833008,12.280035972595215,8.103190422058105,5.999553680419922,7.660754203796387,10.075502395629883,11.844258308410645,9.532302856445312,8.817877769470215,7.061254501342773,793.0554626131562,1196.3593981481386,706.7128219666321,1031.9279155822594,1388.648745888158,2336.028696430742,0.02461562491953373,0.054602161049842834,0.10926735401153564,0.13172706961631775,0.16739973425865173,0.16976693272590637,0.13429011404514313,0.12026428431272507,0.10019801557064056,0.08790205419063568,0.05115837976336479,0.04389088600873947,0.04804641753435135,0.0692407563328743,0.26747772097587585,0.28632956743240356,0.31118685007095337,0.33403247594833374,0.27379900217056274,0.2724153697490692,0.22385945916175842,0.23618531227111816,0.1457606703042984,0.13259372115135193,0.14331325888633728,0.18419140577316284,0.05492246240601504,0.07666656557092322
343,viola_043.aiff,viola,-451.92095947265625,70.66084289550781,16.92786979675293,2.1081058979034424,-0.6322319507598877,-1.1453558206558228,-2.0373666286468506,-3.7550644874572754,-3.2416610717773438,-1.7998714447021484,-2.539829730987549,-3.862637758255005,-5.036442756652832,90.5667953491211,68.1300277709961,28.503835678100586,13.255404472351074,5.803397178649902,6.264145851135254,5.3756022453308105,8.016743659973145,7.361242294311523,5.645989894866943,5.750906944274902,6.4756388664245605,6.640780448913574,864.6727722266377,1171.5666151498506,1195.090247554132,1055.8298874805357,1441.95704818461,2172.9147680731426,0.03919786587357521,0.05710572749376297,0.18932808935642242,0.1582729071378708,0.14300858974456787,0.1547321081161499,0.18921850621700287,0.1834915280342102,0.18644380569458008,0.19696643948554993,0.1709337681531906,0.17462345957756042,0.18485069274902344,0.1846127063035965,0.3317411243915558,0.29288187623023987,0.2726030647754669,0.2919139266014099,0.33168360590934753,0.31681743264198303,0.31226393580436707,0.34095075726509094,0.2999550700187683,0.3103995621204376,0.33047062158584595,0.3178519308567047,0.03433398061175337,0.043093899773595325
344,viola_044.aiff,viola,-487.5870666503906,40.75873565673828,1.8872827291488647,-2.2095589637756348,-1.1695672273635864,-3.745760202407837,-4.44020414352417,-5.143093585968018,-4.114699840545654,-4.125946044921875,-6.184494972229004,-6.954803466796875,-5.817709445953369,93.3319091796875,68.03982543945312,17.757558822631836,8.562711715698242,5.028353214263916,9.006475448608398,8.144824028015137,8.596516609191895,7.567149639129639,7.23663854598999,10.296920776367188,11.987174034118652,11.152726173400879,695.4488316560577,1200.8876631343337,750.0598978375208,1059.5219857866718,1280.6202348456325,2421.2678299245385,0.026113878935575485,0.04995701462030411,0.12991787493228912,0.1594828963279724,0.15443728864192963,0.13906702399253845,0.15203702449798584,0.14475855231285095,0.15093672275543213,0.1326930671930313,0.13505862653255463,0.1572754979133606,0.14780056476593018,0.1408393681049347,0.2676607072353363,0.31757083535194397,0.30663663148880005,0.28723689913749695,0.3113722503185272,0.27810052037239075,0.2991672158241272,0.2763897180557251,0.26928818225860596,0.30609673261642456,0.29735085368156433,0.30258867144584656,0.04027045682730924,0.05935813456506377
345,viola_045.aiff,viola,-459.09375,57.00539779663086,20.049148559570312,7.30288553237915,3.8524413108825684,1.5801820755004883,-0.43521422147750854,-1.242332100868225,-1.5248627662658691,-1.8287471532821655,-1.867262840270996,-1.4007518291473389,-1.270113229751587,69.46892547607422,52.4049072265625,21.49886703491211,12.707820892333984,7.52724552154541,7.026446342468262,7.190223693847656,6.815524101257324,6.235030174255371,6.3117995262146,5.677417755126953,5.327573299407959,5.07692289352417,1626.7215024866748,1342.8372612079515,2006.4126764630794,1265.2767460294583,3667.291259765625,3255.7276995084776,0.031794674694538116,0.061708495020866394,0.07720190286636353,0.0697847381234169,0.1450795978307724,0.09014838188886642,0.07237231731414795,0.07560446858406067,0.11622600257396698,0.2781596779823303,0.3564232289791107,0.36273548007011414,0.298441082239151,0.1673334538936615,0.18004606664180756,0.171458438038826,0.29007643461227417,0.18047285079956055,0.19463832676410675,0.1928975135087967,0.20093439519405365,0.3639049530029297,0.3615165054798126,0.38468846678733826,0.379340261220932,0.28366273641586304,0.0903183294802296,0.1392168413856056
346,viola_046.aiff,viola,-487.1326599121094,35.0980224609375,13.63301944732666,5.313207149505615,2.8793368339538574,0.4528036415576935,-1.4047526121139526,-2.730659246444702,-3.3198790550231934,-3.827927350997925,-4.321741580963135,-4.323722839355469,-4.078057765960693,58.51255798339844,45.22456741333008,18.09180450439453,12.119451522827148,6.924677848815918,7.29074239730835,7.411895751953125,7.59276008605957,7.038409233093262,6.864526271820068,7.183346271514893,6.725697040557861,6.198310375213623,1804.6199663501657,1493.1213938121819,2018.166594190647,1373.5073186374107,4062.229297447764,3465.7131248113387,0.017902608960866928,0.044076673686504364,0.36239415407180786,0.28312948346138,0.2299310714006424,0.21093863248825073,0.17594119906425476,0.16236381232738495,0.1694912612438202,0.18522696197032928,0.14172491431236267,0.16112741827964783,0.1569499671459198,0.19777655601501465,0.416104257106781,0.3439857065677643,0.33483433723449707,0.3264666497707367,0.295766681432724,0.28106313943862915,0.2835068106651306,0.2986243963241577,0.23926739394664764,0.2903161644935608,0.2826389670372009,0.28479814529418945,0.11117777446847507,0.15534267457033915
347,viola_047.aiff,viola,-492.4153137207031,51.65383529663086,5.985738277435303,-1.248203158378601,-5.236412048339844,-8.315530776977539,-7.859253883361816,-4.519646644592285,-2.549478530883789,-0.5729257464408875,2.307021379470825,3.8508572578430176,1.9342948198318481,101.58292388916016,62.8560905456543,27.47026252746582,13.123355865478516,9.851946830749512,12.539671897888184,10.125845909118652,6.285595893859863,6.573639392852783,9.071074485778809,8.906819343566895,7.2035980224609375,8.035748481750488,1446.22066609003,1594.9781740196004,1489.865249252624,1391.3713398964728,3087.9861582880435,3339.2093186414004,0.026247961446642876,0.05503407120704651,0.15540245175361633,0.16026662290096283,0.11547823995351791,0.200957253575325,0.4196593165397644,0.16446706652641296,0.10723012685775757,0.13590751588344574,0.07467306405305862,0.07359987497329712,0.06832563877105713,0.08294316381216049,0.2917405068874359,0.30782821774482727,0.22777509689331055,0.3005661368370056,0.45147407054901123,0.24700196087360382,0.22909080982208252,0.24928532540798187,0.16105464100837708,0.15588150918483734,0.16272248327732086,0.19162799417972565,0.08631963315217392,0.12763989285445493
348,viola_048.aiff,viola,-473.95281982421875,41.800411224365234,13.244385719299316,4.891358375549316,3.351527214050293,1.2723240852355957,-0.16652487218379974,-1.2952322959899902,-1.2603187561035156,-1.7049988508224487,-3.9183685779571533,-5.4049272537231445,-5.067419052124023,64.84477996826172,45.40945816040039,20.618690490722656,11.810175895690918,7.445425510406494,8.032918930053711,7.6182861328125,8.525620460510254,7.032144069671631,5.752669334411621,7.5189290046691895,8.010027885437012,7.296952724456787,2001.3174059328023,1450.82095131016,2184.266308722026,1298.2560743199676,4462.531523029655,3370.700790192328,0.023262085393071175,0.0539076030254364,0.20250827074050903,0.18421953916549683,0.24974216520786285,0.28024783730506897,0.27486586570739746,0.2475813776254654,0.212671160697937,0.25503429770469666,0.23432259261608124,0.22697854042053223,0.2125634402036667,0.17403650283813477,0.3227804899215698,0.280769944190979,0.3485124111175537,0.3491189777851105,0.3504866659641266,0.34903618693351746,0.3077097237110138,0.3416858911514282,0.32502496242523193,0.3350568115711212,0.32256627082824707,0.2762673795223236,0.11910777080916474,0.14947103194394334
349,viola_049.aiff,viola,-483.2887878417969,39.22871780395508,3.029571294784546,-2.3878767490386963,-3.984745502471924,-6.546106338500977,-5.514845848083496,-2.9657464027404785,-0.11539957672357559,2.4896650314331055,2.915466547012329,1.7088508605957031,0.8078058958053589,85.79656219482422,52.20196533203125,27.78339958190918,13.275311470031738,7.8574066162109375,11.78395938873291,10.44666576385498,9.376814842224121,9.61130428314209,9.070259094238281,10.255627632141113,12.36670207977295,11.018305778503418,1667.4973939714891,1541.1031842965965,1710.1738578283425,1406.0628020333631,3572.3676203660334,3443.919075874794,0.022010447457432747,0.05017644166946411,0.2877710163593292,0.2111324667930603,0.16807857155799866,0.17766588926315308,0.2929147779941559,0.18635667860507965,0.15212921798229218,0.26158952713012695,0.16425995528697968,0.1254742592573166,0.14093370735645294,0.1946112960577011,0.39032018184661865,0.2942708134651184,0.30442893505096436,0.2876609265804291,0.36820104718208313,0.28867125511169434,0.23236174881458282,0.3783026337623596,0.2693062424659729,0.24259503185749054,0.26538026332855225,0.31585410237312317,0.10600512747591007,0.13145732627603005
350,viola_050.aiff,viola,-438.6824645996094,70.56950378417969,3.4282102584838867,-5.932241916656494,-2.939413070678711,-5.626152992248535,-5.163907051086426,-3.402578115463257,-3.373196601867676,-6.013097286224365,-13.333120346069336,-17.773767471313477,-14.438409805297852,90.1822738647461,56.75363540649414,26.085208892822266,11.45406723022461,5.1786909103393555,8.708894729614258,10.395209312438965,9.050869941711426,7.352938652038574,6.571545124053955,10.203668594360352,12.487624168395996,10.734513282775879,1367.673040705442,1104.1690309756088,1543.273184508362,997.8298293637255,2400.3249677639565,2462.035543933051,0.05817738175392151,0.07727966457605362,0.0531017892062664,0.04186071455478668,0.04231193661689758,0.046057429164648056,0.06674528867006302,0.05403446406126022,0.04885939136147499,0.05110735446214676,0.14747697114944458,0.5935147404670715,0.43020305037498474,0.1849747747182846,0.17764781415462494,0.15615017712116241,0.16020244359970093,0.16186363995075226,0.1931193619966507,0.16095685958862305,0.14836780726909637,0.16353972256183624,0.19035421311855316,0.4194076955318451,0.40626177191734314,0.3343397378921509,0.07003280491504854,0.05488787179474818
351,viola_051.aiff,viola,-464.4150085449219,41.44504928588867,-2.507753610610962,-6.17087984085083,-5.034533977508545,-7.44173526763916,-8.7938232421875,-7.353268146514893,-3.0730042457580566,0.44200849533081055,1.4133493900299072,1.5523773431777954,1.365059733390808,90.78178405761719,53.4539794921875,28.121042251586914,13.40296459197998,8.503996849060059,11.436782836914062,11.767068862915039,13.09150505065918,13.007108688354492,12.372021675109863,13.068244934082031,14.339824676513672,13.686017990112305,1063.7596332084267,1240.0295601913135,1144.1066594983452,1128.4761294578016,1915.5487060546875,2509.192182478679,0.029007570818066597,0.05733451619744301,0.14648477733135223,0.1365397870540619,0.15443046391010284,0.15026795864105225,0.15362757444381714,0.12177267670631409,0.12339448183774948,0.12436309456825256,0.11411022394895554,0.1003563180565834,0.07936729490756989,0.1337023377418518,0.30876821279525757,0.29165831208229065,0.31389808654785156,0.29157593846321106,0.3058122396469116,0.275495707988739,0.2705739140510559,0.28496459126472473,0.27393901348114014,0.2490570992231369,0.2115238755941391,0.2934276759624481,0.04917689732142857,0.052243649026998296
352,viola_052.aiff,viola,-530.1048583984375,46.152587890625,-20.679651260375977,-11.954689025878906,-4.75971794128418,0.2667151093482971,-2.3642961978912354,-1.9132486581802368,-5.0073628425598145,-5.216953754425049,-3.093585968017578,-2.2565817832946777,-0.42454439401626587,145.2092742919922,68.17220306396484,40.91922378540039,18.920698165893555,13.11453628540039,7.907248020172119,10.0269136428833,6.405902862548828,10.310441017150879,10.840405464172363,12.209283828735352,10.21811580657959,7.990878105163574,928.0432692702476,1287.0632686033293,772.6588072989922,1025.2673347639873,1554.1464162427326,2393.0014463403927,0.02100939303636551,0.04225241765379906,0.13199375569820404,0.1504407674074173,0.16649845242500305,0.14739088714122772,0.14897313714027405,0.1693098396062851,0.09023970365524292,0.13033054769039154,0.11188364028930664,0.07902388274669647,0.06673586368560791,0.09211471676826477,0.2915917634963989,0.2942177951335907,0.31199565529823303,0.2873927354812622,0.27288728952407837,0.3227512240409851,0.17761695384979248,0.2804582715034485,0.2397717386484146,0.1857050508260727,0.16977354884147644,0.21290476620197296,0.054554074309593026,0.07082525135520895
353,viola_053.aiff,viola,-481.9599914550781,56.69195556640625,2.318732738494873,-4.750146865844727,-0.9117043018341064,-2.1442604064941406,-5.034157752990723,-6.346911907196045,-4.749307632446289,-3.6362531185150146,-4.416619777679443,-4.7773613929748535,-5.098974704742432,108.39091491699219,76.6452407836914,27.64604377746582,12.889808654785156,4.641608715057373,6.693432807922363,8.578487396240234,9.235710144042969,7.078171730041504,6.330957412719727,7.320607662200928,7.2989182472229,7.069074630737305,669.5341890340313,1146.1647203203236,741.3465853225479,974.9879096740586,1180.777742627641,2286.522127422877,0.03090262971818447,0.051207080483436584,0.1794137805700302,0.18427890539169312,0.1567390114068985,0.1481526792049408,0.1683265119791031,0.17886090278625488,0.16974009573459625,0.154230535030365,0.13196231424808502,0.1379001885652542,0.14630679786205292,0.15323416888713837,0.31571727991104126,0.3159354329109192,0.2999013662338257,0.29747501015663147,0.30391329526901245,0.31601482629776,0.3001497983932495,0.28558552265167236,0.25743189454078674,0.26977166533470154,0.27475783228874207,0.2778259515762329,0.03703235035211268,0.0512547540520182
354,viola_054.aiff,viola,-470.7967834472656,43.01893615722656,-2.2195088863372803,-3.5521373748779297,-0.13958637416362762,-4.154203414916992,-6.050966739654541,-5.534753322601318,-5.264031410217285,-6.616697311401367,-7.697278022766113,-6.996423721313477,-5.915957927703857,103.19723510742188,70.43328857421875,21.66984748840332,11.089513778686523,4.329828262329102,10.550284385681152,11.379253387451172,9.181366920471191,8.774370193481445,10.401484489440918,12.119653701782227,10.762240409851074,10.311065673828125,705.3797019461485,1263.0791786710793,713.5855765758811,1031.461785445016,1263.8433617281626,2468.3986241934863,0.036118049174547195,0.06661295890808105,0.1649256944656372,0.19917435944080353,0.17460474371910095,0.18285436928272247,0.18976497650146484,0.19199785590171814,0.17856207489967346,0.15072870254516602,0.14950329065322876,0.15802349150180817,0.15322928130626678,0.14199335873126984,0.3120683431625366,0.35630375146865845,0.31577616930007935,0.3322674632072449,0.3398055136203766,0.3353732228279114,0.32436156272888184,0.2914476692676544,0.29116392135620117,0.3039783835411072,0.29670432209968567,0.2882450520992279,0.039780214608433735,0.056234295282121344
355,viola_055.aiff,viola,-470.5079650878906,58.204010009765625,15.460251808166504,4.851102828979492,4.267006874084473,0.6653351783752441,-1.962959885597229,-2.736328363418579,-2.3268847465515137,-3.2344419956207275,-5.5346293449401855,-5.787567138671875,-5.562989234924316,83.45964050292969,56.63363265991211,30.04422950744629,16.79292106628418,7.630288600921631,7.99186897277832,7.2892069816589355,6.200504302978516,5.685125827789307,5.829379081726074,7.929393291473389,6.673520088195801,5.461795806884766,1288.5192545622003,1224.5564410715617,1690.8729151488476,1161.5665427274896,2688.3477521088957,2883.446565676823,0.03696330636739731,0.06339457631111145,0.08219469338655472,0.05981262028217316,0.06449224054813385,0.06156736984848976,0.056950125843286514,0.05946892872452736,0.1105627492070198,0.30663976073265076,0.3388255834579468,0.35114675760269165,0.3146945536136627,0.18029481172561646,0.19499245285987854,0.18298038840293884,0.174132838845253,0.17757095396518707,0.18315765261650085,0.1698688566684723,0.18879175186157227,0.4047424793243408,0.3498820662498474,0.367112398147583,0.39102432131767273,0.2938133478164673,0.06638528086656442,0.11130428056401089
356,viola_056.aiff,viola,-489.6608581542969,33.0828742980957,8.486380577087402,2.067939043045044,0.9296575784683228,-2.0335347652435303,-3.261413097381592,-3.7599868774414062,-4.521594524383545,-5.154781341552734,-6.001150131225586,-6.215228080749512,-5.416533470153809,65.59705352783203,45.97649383544922,20.16272735595703,11.340655326843262,5.735091209411621,8.699654579162598,7.820336818695068,6.608138561248779,6.905457496643066,7.031877040863037,7.947711944580078,8.14442253112793,6.684893608093262,1575.5878037793461,1430.30872346594,1829.052714312576,1334.5411210856873,3481.325731256779,3316.2598966544474,0.017518306151032448,0.04350070282816887,0.30270129442214966,0.2223493903875351,0.1986185759305954,0.17618536949157715,0.17235903441905975,0.16237279772758484,0.14851361513137817,0.19782990217208862,0.1420452892780304,0.17380614578723907,0.12836022675037384,0.16488416492938995,0.38736408948898315,0.30493220686912537,0.33289051055908203,0.29717200994491577,0.3003755807876587,0.2867014706134796,0.26035887002944946,0.3245735168457031,0.23736995458602905,0.31276583671569824,0.2397233098745346,0.26277169585227966,0.09664314584463124,0.14186104428167187
357,viola_057.aiff,viola,-489.7531433105469,29.949302673339844,2.6600847244262695,-1.7914478778839111,-4.003529071807861,-7.708149433135986,-6.983349323272705,-3.687432050704956,-1.0894396305084229,0.1500696837902069,0.12752358615398407,-0.5058342218399048,-0.3156478703022003,76.32481384277344,47.77465057373047,24.321176528930664,12.653071403503418,8.988221168518066,13.671420097351074,11.610095977783203,7.847992897033691,6.704313278198242,6.215409755706787,6.632911205291748,8.197275161743164,8.846112251281738,1543.1765392606837,1471.5644974129257,1634.8015841378465,1420.1475517643623,3374.424141700115,3378.590814519368,0.013837729580700397,0.04129207506775856,0.28371462225914,0.21996454894542694,0.17350387573242188,0.16718201339244843,0.36110004782676697,0.16696809232234955,0.11941777169704437,0.21890386939048767,0.13395340740680695,0.15398171544075012,0.12015916407108307,0.14495597779750824,0.39575570821762085,0.31402504444122314,0.3087518513202667,0.2239861637353897,0.40830153226852417,0.2543039321899414,0.19738149642944336,0.3150097131729126,0.19861677289009094,0.25770658254623413,0.22968988120555878,0.24691952764987946,0.10097417335626911,0.13678253611617394
358,viola_058.aiff,viola,-515.431884765625,21.261240005493164,8.74563980102539,5.501343250274658,4.405969619750977,2.8488755226135254,1.9136987924575806,1.2681111097335815,0.9092435836791992,0.3523508608341217,-0.7236058115959167,-1.5027321577072144,-1.7119956016540527,47.40587615966797,32.56513214111328,15.421663284301758,8.682767868041992,5.548040866851807,6.369054317474365,6.271958351135254,6.279906272888184,5.4535040855407715,4.976968288421631,6.138713836669922,6.7044830322265625,6.874619960784912,2711.8004806011645,1612.3846855126994,2559.162114408273,1277.3936596130688,5851.2162825756595,3408.608770741216,0.007643995340913534,0.027950061485171318,0.4903932809829712,0.45633620023727417,0.47694337368011475,0.48356035351753235,0.4491851329803467,0.42760491371154785,0.43107494711875916,0.44431206583976746,0.4401084780693054,0.4284015893936157,0.4202427566051483,0.40852540731430054,0.4235887825489044,0.3903711140155792,0.3928462266921997,0.3852592408657074,0.38300731778144836,0.3744747042655945,0.36980167031288147,0.3704119026660919,0.3784664273262024,0.37387800216674805,0.37350034713745117,0.3660275936126709,0.19313986314989653,0.20455632903049561
359,viola_059.aiff,viola,-539.3095092773438,16.61050796508789,4.4193034172058105,1.478685975074768,0.3125632703304291,0.1770520955324173,0.755392849445343,1.5691331624984741,2.7347419261932373,3.2628536224365234,2.5386030673980713,1.6390990018844604,0.7722700834274292,52.442466735839844,32.02060317993164,16.2232723236084,9.913228988647461,8.205451011657715,7.627481937408447,7.16873836517334,7.23365592956543,6.17720365524292,5.341528415679932,6.204889297485352,6.29769229888916,6.59502649307251,2807.8940388293186,1675.4737105042118,2527.0084935403793,1344.2259295615963,5980.862264157144,3454.4376643515425,0.005147808697074652,0.023618878796696663,0.5591956973075867,0.49716806411743164,0.45180222392082214,0.43489858508110046,0.4542715847492218,0.41601085662841797,0.41680848598480225,0.4778214693069458,0.426224946975708,0.42319077253341675,0.4198443293571472,0.4489542543888092,0.41321468353271484,0.3869727849960327,0.38130316138267517,0.36513054370880127,0.3663632571697235,0.3563043475151062,0.3548203408718109,0.36193379759788513,0.35193175077438354,0.36925405263900757,0.3661179840564728,0.3623315095901489,0.21904986986469432,0.2005837040607908
360,viola_060.aiff,viola,-518.8656616210938,21.06702423095703,3.7373199462890625,1.6656110286712646,0.7881302833557129,0.18304331600666046,0.13798697292804718,0.6002684831619263,0.5726584792137146,-1.1212553977966309,-3.7810420989990234,-5.003090858459473,-3.1759033203125,60.7408561706543,34.8334846496582,17.840120315551758,7.401976585388184,6.890071868896484,6.771153450012207,6.953399181365967,5.976021766662598,4.953482627868652,6.306309223175049,9.645098686218262,11.381600379943848,8.088736534118652,2416.5775855331253,1671.3296314913123,2308.896363770369,1348.2464691687253,5179.293995983196,3533.431474163665,0.009949805215001106,0.03542870655655861,0.3392092287540436,0.34980618953704834,0.41891658306121826,0.3304402232170105,0.29950299859046936,0.27673906087875366,0.27317407727241516,0.2829693853855133,0.33936190605163574,0.5578468441963196,0.414076030254364,0.3256482481956482,0.3574070930480957,0.37052878737449646,0.4367252588272095,0.37214362621307373,0.3599754273891449,0.3381232023239136,0.32904279232025146,0.32652831077575684,0.32554206252098083,0.408547580242157,0.34348127245903015,0.3325476050376892,0.20149432488207547,0.22013389350976667
361,viola_061.aiff,viola,-533.0740356445312,14.76331615447998,2.3445136547088623,0.395297110080719,-0.6886394023895264,-1.4662094116210938,-1.9091051816940308,-1.3491064310073853,0.2799230217933655,1.3643368482589722,1.3872498273849487,0.9007149934768677,0.3286370038986206,53.25253677368164,29.68692398071289,17.348636627197266,8.638346672058105,6.760098457336426,6.560720443725586,7.298437595367432,7.7066144943237305,7.040556907653809,6.349621295928955,6.729172229766846,7.283736705780029,6.557621955871582,2404.269163320879,1678.9360175316217,2269.8115405750773,1421.215050459559,5203.637958773606,3599.1728301480666,0.005039643961936235,0.02268323302268982,0.3878032863140106,0.3843120336532593,0.5695309638977051,0.38341614603996277,0.3069901466369629,0.2741803824901581,0.2701548635959625,0.3050816059112549,0.270154744386673,0.30008476972579956,0.26979100704193115,0.2843940556049347,0.3765532076358795,0.3636764585971832,0.444049209356308,0.34856048226356506,0.3465682566165924,0.3305494487285614,0.31949537992477417,0.32942575216293335,0.3053398132324219,0.3519604802131653,0.3256426155567169,0.3248484432697296,0.19848603539043766,0.2158888442246395
362,viola_062.aiff,viola,-584.2351684570312,21.329294204711914,1.617564082145691,-0.9260088801383972,-0.5485216379165649,1.578115701675415,1.1120275259017944,0.6983559131622314,0.3461589217185974,0.7077066898345947,0.3390631377696991,-0.11684519052505493,-0.5164204239845276,73.80286407470703,36.22752380371094,24.214853286743164,13.293150901794434,8.838590621948242,4.94800329208374,6.713653564453125,5.849626064300537,5.817075729370117,4.664543628692627,5.231720447540283,4.9799981117248535,4.1569342613220215,2256.1463259230054,1697.5183483635567,2114.052753834457,1489.7769268136144,4884.616984796086,3676.017465568792,0.004288229160010815,0.019740305840969086,0.47679299116134644,0.40952759981155396,0.5879897475242615,0.3632081151008606,0.29490938782691956,0.2595711052417755,0.23984359204769135,0.2817615866661072,0.2503886818885803,0.27758949995040894,0.2599877417087555,0.32258468866348267,0.4010219871997833,0.36151912808418274,0.4439857602119446,0.3247716426849365,0.3237026631832123,0.31089064478874207,0.28921735286712646,0.29902753233909607,0.2916320264339447,0.30723151564598083,0.3102034330368042,0.3223985433578491,0.21058528795154816,0.22557539947393349
363,viola_063.aiff,viola,-455.1793518066406,45.23535919189453,24.827346801757812,11.401348114013672,9.51613998413086,11.23089599609375,10.001838684082031,7.241141319274902,6.369633197784424,7.298554420471191,7.842590808868408,6.849839687347412,4.60986852645874,46.75204849243164,49.98903274536133,20.856794357299805,7.6878838539123535,5.258207321166992,6.595117568969727,5.205423355102539,3.3510422706604004,3.246816635131836,3.136263608932495,3.733198642730713,3.5210626125335693,3.700698137283325,1360.168667967112,849.0833023524367,2090.9080418518706,801.2180264804415,3225.276248687118,2347.847988157106,0.024053389206528664,0.06192188337445259,0.4407420754432678,0.4861615002155304,0.5215389132499695,0.5688298344612122,0.6792670488357544,0.8038032054901123,0.7880159020423889,0.7425339818000793,0.637924313545227,0.519294023513794,0.4497801959514618,0.41031596064567566,0.36689046025276184,0.3837542235851288,0.3991147577762604,0.394663542509079,0.32710251212120056,0.270675927400589,0.2458166480064392,0.30946651101112366,0.32639241218566895,0.3435685336589813,0.35008513927459717,0.3459685146808624,0.01627781775152772,0.01822145515495066
364,viola_064.aiff,viola,-456.7781066894531,40.702632904052734,17.03435516357422,5.9029364585876465,7.4094648361206055,9.116175651550293,7.004051685333252,4.715148448944092,4.223572731018066,4.348641395568848,3.9523093700408936,3.2377772331237793,2.544381618499756,50.4005126953125,48.52710723876953,13.590831756591797,10.111665725708008,4.943282604217529,4.905679702758789,3.3019773960113525,4.316715240478516,4.116557598114014,3.693633794784546,3.867631435394287,4.136036396026611,4.31976318359375,1651.8896986563618,829.0575366735351,2284.782165182808,775.5107093793773,3995.3706750841225,2201.3848663629233,0.018129177391529083,0.04369846358895302,0.5845322608947754,0.6445770859718323,0.6570832133293152,0.6671875715255737,0.66717928647995,0.6440379619598389,0.6367550492286682,0.6105502843856812,0.5495286583900452,0.4939091205596924,0.4763185679912567,0.5324119329452515,0.35466939210891724,0.3579820692539215,0.35205700993537903,0.3576602041721344,0.366892546415329,0.3641640245914459,0.3618593215942383,0.365878164768219,0.35459601879119873,0.3390713334083557,0.3337162435054779,0.34940874576568604,0.0223375632032474,0.02164599832663827
365,viola_065.aiff,viola,-427.7152404785156,82.57762908935547,24.02544593811035,8.393798828125,14.906037330627441,12.27042293548584,7.490233898162842,6.42547607421875,3.9879159927368164,1.7238025665283203,1.6655447483062744,1.8005800247192383,1.8630506992340088,102.81353759765625,89.3253402709961,16.16135025024414,14.764384269714355,8.634035110473633,5.9022040367126465,6.406141757965088,5.318883419036865,6.100579261779785,7.768346786499023,6.888093948364258,6.153066635131836,6.074994087219238,1518.971903766877,897.9008007561434,2094.01104295279,951.4502770002016,3689.1050416538696,2364.234216048824,0.06766072660684586,0.11176642030477524,0.5447589159011841,0.5545876622200012,0.5953692197799683,0.6355563402175903,0.6474828720092773,0.6372953057289124,0.6481403112411499,0.6288911700248718,0.5574310421943665,0.5187446475028992,0.513749361038208,0.5282416343688965,0.34303775429725647,0.3526375889778137,0.3570518493652344,0.35436323285102844,0.34684306383132935,0.35083237290382385,0.3257012665271759,0.3365553319454193,0.325922429561615,0.31539252400398254,0.33327338099479675,0.34194204211235046,0.021199804207616708,0.018550863187549393
366,viola_066.aiff,viola,-422.379638671875,60.18653106689453,12.756425857543945,3.862771511077881,10.249326705932617,9.175858497619629,5.791175842285156,4.14276647567749,3.257749557495117,3.4436628818511963,3.114481210708618,2.0213334560394287,1.490680456161499,89.4359359741211,72.5968017578125,13.440473556518555,14.379947662353516,6.720545768737793,5.091944694519043,5.49268913269043,5.989423751831055,5.9332661628723145,4.836033344268799,5.08506965637207,5.652132987976074,5.763186931610107,1556.1078847298452,926.886819564188,2094.3279274794236,973.3729205463369,3752.94667827761,2374.733697223999,0.07050333172082901,0.1267804056406021,0.5591123700141907,0.5760003924369812,0.5704665780067444,0.5898470878601074,0.5990798473358154,0.5598000884056091,0.5599333047866821,0.5574170351028442,0.5461846590042114,0.5117908716201782,0.4920930862426758,0.5229782462120056,0.3734508156776428,0.3847898244857788,0.3840290606021881,0.3854977488517761,0.39945101737976074,0.3982004225254059,0.39138510823249817,0.37087947130203247,0.3632631301879883,0.3418276309967041,0.34066662192344666,0.34748294949531555,0.022829591712922453,0.022267288412677947
367,viola_067.aiff,viola,-432.218994140625,61.39596176147461,12.530450820922852,4.1098480224609375,10.76723575592041,8.413740158081055,5.198596477508545,4.449775695800781,2.8749661445617676,3.445730209350586,5.405344009399414,4.162679195404053,1.5673965215682983,105.79711151123047,88.68162536621094,14.97297191619873,14.151263236999512,9.679269790649414,6.639807224273682,6.214531421661377,5.696503162384033,6.982114791870117,5.387669563293457,3.9390835762023926,3.8868002891540527,6.103934288024902,1607.5645240933918,876.713987446888,2196.452125507286,890.7577923864866,3915.215068194477,2312.2299705132455,0.05818547308444977,0.10717103630304337,0.5590845942497253,0.5823528170585632,0.6388241052627563,0.6852207183837891,0.6731172204017639,0.64809250831604,0.6648480296134949,0.6510117053985596,0.6100386381149292,0.5658928751945496,0.5342020392417908,0.5436015725135803,0.3477088510990143,0.35262033343315125,0.34815576672554016,0.3331088423728943,0.33820414543151855,0.3492315709590912,0.32356515526771545,0.31836065649986267,0.3159988224506378,0.31312716007232666,0.32081514596939087,0.3349868655204773,0.023002607016755265,0.021548884191239986
368,viola_068.aiff,viola,-441.6470947265625,43.09120559692383,4.57170295715332,2.052922248840332,7.441051959991455,5.813154697418213,3.7252931594848633,3.750725507736206,2.935667037963867,3.1069107055664062,3.528122901916504,2.895355224609375,1.6118985414505005,90.38920593261719,66.34378814697266,13.15467643737793,11.504091262817383,5.216409206390381,3.9923083782196045,5.380334854125977,4.859107494354248,5.414922714233398,5.025585651397705,3.8554413318634033,4.331140995025635,5.719208717346191,1740.2722083671963,854.1832703302249,2319.31458560812,805.7179543244108,4216.870311130987,2190.7439912000505,0.05178806930780411,0.10493484884500504,0.6392077803611755,0.6680753231048584,0.6746274828910828,0.6966531276702881,0.6830755472183228,0.6556687355041504,0.6535423398017883,0.6309247612953186,0.5822109580039978,0.56425940990448,0.5605754256248474,0.5971068739891052,0.33678358793258667,0.3438112437725067,0.34187379479408264,0.3518308103084564,0.35711023211479187,0.3656318783760071,0.360108882188797,0.3438580334186554,0.33657950162887573,0.3171650767326355,0.3150615990161896,0.3140549957752228,0.024092709550233644,0.023604028467113364
369,viola_069.aiff,viola,-486.5351257324219,11.297320365905762,10.288582801818848,9.33491325378418,8.633651733398438,8.070209503173828,7.5450053215026855,7.104941368103027,6.7777485847473145,6.5013322830200195,6.21301794052124,5.9137282371521,5.625855922698975,11.735217094421387,13.602923393249512,9.295846939086914,6.746975898742676,5.307372093200684,4.3751726150512695,3.7118654251098633,3.284942150115967,2.8770751953125,2.6140646934509277,2.3859570026397705,2.160815954208374,2.045924425125122,1958.2706467654689,801.2217497643953,2623.7917065174884,542.1568919965323,4869.345715321867,1877.7353131523307,0.01184278167784214,0.049387749284505844,0.7056418061256409,0.760000467300415,0.8086955547332764,0.8408582210540771,0.86045241355896,0.8621593713760376,0.8470838069915771,0.831222653388977,0.7936328053474426,0.7484110593795776,0.7003133893013,0.6617820262908936,0.2192176729440689,0.2253001183271408,0.22046007215976715,0.2183348834514618,0.21225734055042267,0.22211404144763947,0.22087348997592926,0.21862606704235077,0.2134934514760971,0.21556372940540314,0.21357057988643646,0.21399487555027008,0.02217138387281432,0.025882936506957464
370,viola_071.aiff,viola,-476.05413818359375,12.617094993591309,11.166549682617188,9.97291374206543,9.110902786254883,8.260945320129395,7.405677318572998,6.669663906097412,6.061436176300049,5.5139336585998535,4.967642784118652,4.427480697631836,3.9411404132843018,18.78168487548828,22.069969177246094,15.619479179382324,12.344892501831055,10.073439598083496,8.237161636352539,6.701112747192383,5.5128889083862305,4.54275369644165,3.8444392681121826,3.382556438446045,3.148427724838257,3.099308490753174,1572.7963100027155,1015.1586620144144,2137.230163681397,1107.6815813220983,3915.7659102769817,2502.0284592212956,0.008209269493818283,0.030449513345956802,0.5399813652038574,0.5549880862236023,0.57560795545578,0.5960115790367126,0.6147710680961609,0.6218380928039551,0.6190640330314636,0.6081319451332092,0.5780969858169556,0.5498824119567871,0.5310183167457581,0.5205285549163818,0.3549559414386749,0.3719865679740906,0.38802316784858704,0.4006100594997406,0.40663763880729675,0.40465983748435974,0.3898458778858185,0.3838879466056824,0.3647388517856598,0.35770300030708313,0.3431207239627838,0.3442217707633972,0.018668951293441104,0.023145615903169586
371,viola_072.aiff,viola,-481.2154235839844,12.429237365722656,10.728796005249023,9.190423011779785,7.992765426635742,6.969642162322998,6.042392730712891,5.269888877868652,4.689328193664551,4.248894214630127,3.851402521133423,3.438246488571167,3.0040125846862793,21.511856079101562,24.690349578857422,17.108299255371094,12.662165641784668,9.459602355957031,7.075890064239502,5.34606409072876,4.134331703186035,3.31162691116333,2.8301355838775635,2.67252254486084,2.694880247116089,2.8977458477020264,1867.402337941258,804.2233919731526,2547.7599562954624,631.3076874104592,4652.187672997736,1972.696234867264,0.0062376889400184155,0.02852722257375717,0.6471090912818909,0.6644834876060486,0.6929612159729004,0.706466794013977,0.7173252105712891,0.7169573903083801,0.7138155102729797,0.6813580393791199,0.6364150047302246,0.6165364384651184,0.6287344098091125,0.6369763016700745,0.3141863942146301,0.332012802362442,0.3369479775428772,0.3336620330810547,0.33249661326408386,0.3168103098869324,0.309450626373291,0.3082073926925659,0.2995373606681824,0.26577508449554443,0.28109511733055115,0.2839628756046295,0.021659122151174364,0.02285738148056742
372,viola_073.aiff,viola,-484.5899658203125,6.269554615020752,5.171699047088623,4.37755012512207,3.9287617206573486,3.517467975616455,3.1123363971710205,2.7900397777557373,2.5510520935058594,2.386990547180176,2.2440524101257324,2.0354714393615723,1.780184268951416,16.096237182617188,17.753990173339844,10.081774711608887,6.557703495025635,4.802748680114746,3.5441653728485107,2.5772573947906494,2.1743648052215576,1.9202356338500977,1.615519642829895,1.4355157613754272,1.4022295475006104,1.6726988554000854,1894.4415871358356,802.1503042619543,2540.423319488854,708.4059209295926,4744.925828496726,1922.7834916092881,0.003414730541408062,0.022323481738567352,0.7050821185112,0.7935466170310974,0.7589985728263855,0.6469167470932007,0.6387859582901001,0.6460933089256287,0.6419143080711365,0.6140708923339844,0.586138129234314,0.5457538366317749,0.5254076719284058,0.5451159477233887,0.2509794235229492,0.2754540741443634,0.26692190766334534,0.33744609355926514,0.36131054162979126,0.35886746644973755,0.3531838655471802,0.34649884700775146,0.3398151993751526,0.32210204005241394,0.3054543137550354,0.26751723885536194,0.0233193181060909,0.024406660992953286
373,viola_074.aiff,viola,-382.669921875,89.0761489868164,22.644872665405273,13.758098602294922,14.109968185424805,9.690608978271484,9.755255699157715,7.243519306182861,5.2829999923706055,5.442662715911865,5.280416965484619,4.547519207000732,3.85770583152771,71.03560638427734,63.84975814819336,15.480435371398926,7.466281414031982,5.6825947761535645,5.31572961807251,4.52398157119751,4.164894104003906,5.1741042137146,4.726508617401123,4.304724216461182,4.5842084884643555,4.371551036834717,1566.6724813522537,883.9079953049131,2192.8142990004135,849.2491741582911,3772.771925762886,2367.4748395125707,0.07904918491840363,0.1234331727027893,0.4320008456707001,0.4631388783454895,0.49371805787086487,0.5190842747688293,0.5716654658317566,0.6259056329727173,0.6735746264457703,0.7159903645515442,0.6980522274971008,0.6637954711914062,0.5625436305999756,0.4624762237071991,0.352857381105423,0.36718180775642395,0.3805016875267029,0.38466179370880127,0.3597850203514099,0.34601595997810364,0.339268296957016,0.31397777795791626,0.27310317754745483,0.28294289112091064,0.3129464387893677,0.3253750801086426,0.02254931345491941,0.02241755139416891
374,viola_075.aiff,viola,-378.7994689941406,88.68402862548828,11.540278434753418,9.606916427612305,10.76140308380127,7.362174034118652,7.100717544555664,4.1647629737854,4.118715286254883,4.796144485473633,5.727956771850586,5.454740047454834,3.6452434062957764,67.8473129272461,54.592926025390625,11.973104476928711,10.04980754852295,4.743932247161865,4.638774871826172,4.911036968231201,5.586591720581055,5.906562328338623,4.271085262298584,4.0717549324035645,4.193183422088623,4.423670768737793,1563.703879712605,845.2072515093479,2178.1742373791426,801.3712985128471,3682.1764717267574,2290.0646209457163,0.07255541533231735,0.10332045704126358,0.5336145758628845,0.5628848671913147,0.6051068305969238,0.637103259563446,0.6300718188285828,0.5979568958282471,0.5895981192588806,0.5699216723442078,0.5156524181365967,0.49321961402893066,0.4748520851135254,0.5102677345275879,0.36047402024269104,0.3710635006427765,0.36926257610321045,0.3749890625476837,0.378172904253006,0.38219884037971497,0.3768923282623291,0.37206321954727173,0.34763577580451965,0.3400631546974182,0.33680886030197144,0.3575455844402313,0.023670617505423947,0.021609098311864913
375,viola_076.aiff,viola,-433.95098876953125,64.89087677001953,22.21717071533203,12.477742195129395,13.02851676940918,10.156648635864258,8.568619728088379,7.8426008224487305,6.018005847930908,5.2885870933532715,5.004563331604004,2.781487464904785,2.2228684425354004,99.4310531616211,78.82217407226562,18.197359085083008,14.380754470825195,9.399982452392578,8.04734992980957,6.846520900726318,5.149500846862793,5.5057878494262695,5.122218132019043,4.332581996917725,6.213796615600586,6.346481800079346,1493.7343655602542,878.1405557565861,2136.884045893593,870.384658684782,3586.7385284810125,2367.9456964809083,0.0695827305316925,0.12536118924617767,0.41218283772468567,0.4557974636554718,0.49164289236068726,0.5767239928245544,0.6580280661582947,0.6952352523803711,0.7302301526069641,0.6889379620552063,0.6187453269958496,0.5273674726486206,0.41921985149383545,0.3886052370071411,0.36711809039115906,0.37506455183029175,0.37829557061195374,0.3467704951763153,0.34172603487968445,0.3489065170288086,0.2969799339771271,0.25693169236183167,0.31041958928108215,0.3318422734737396,0.3241914212703705,0.34625938534736633,0.021622265154083786,0.02092661514875465
376,viola_077.aiff,viola,-471.2325439453125,50.916072845458984,8.579699516296387,7.533901691436768,7.463837146759033,6.842063903808594,4.058389186859131,2.8995108604431152,1.9772562980651855,2.729344367980957,3.4934494495391846,2.2976884841918945,0.7379147410392761,95.59799194335938,54.18363571166992,13.964632987976074,8.1899995803833,5.615749835968018,4.717916488647461,6.670605182647705,6.673659324645996,7.284807205200195,5.956058025360107,4.636850833892822,6.117800235748291,7.138770580291748,1674.562802286054,820.0216903150014,2251.9011757819226,774.372260847307,3935.0778263460297,2218.069386330948,0.042456358671188354,0.07536375522613525,0.5902496576309204,0.6308774948120117,0.6603411436080933,0.64932781457901,0.6413373947143555,0.6153289675712585,0.5687898397445679,0.5639286637306213,0.5203578472137451,0.4985913932323456,0.530970573425293,0.5654653310775757,0.3568103015422821,0.37525439262390137,0.38131654262542725,0.3852429986000061,0.39312902092933655,0.4078695476055145,0.40481752157211304,0.3886960744857788,0.3733667731285095,0.35072535276412964,0.3447979688644409,0.3411113917827606,0.025961395915852985,0.02246623849389401
377,viola_078.aiff,viola,-430.72802734375,44.71168899536133,5.406221389770508,4.270907878875732,5.573301792144775,4.124449253082275,4.049499034881592,2.914971351623535,1.467077374458313,2.3399546146392822,3.605975866317749,3.35854434967041,1.893957257270813,96.69512939453125,62.907066345214844,12.869061470031738,9.327193260192871,5.8432087898254395,6.177365779876709,4.676826000213623,5.125894546508789,6.708681583404541,4.936648368835449,3.460115432739258,3.8292267322540283,4.8494439125061035,1729.4783359021437,812.1916017838817,2309.490292863436,775.0217606787818,4149.651841383714,2182.797406215456,0.05233316123485565,0.09850440174341202,0.5509193539619446,0.5818437337875366,0.6024038195610046,0.6226695775985718,0.6596155762672424,0.641987681388855,0.6187288165092468,0.6135150790214539,0.5948954224586487,0.5418114066123962,0.5290278792381287,0.5274681448936462,0.3367186486721039,0.35463210940361023,0.3675138056278229,0.36664724349975586,0.37498414516448975,0.3741835951805115,0.3812168836593628,0.36466890573501587,0.3618285357952118,0.34094271063804626,0.33920302987098694,0.34401586651802063,0.026053821531116454,0.02380662079313351
378,viola_079.aiff,viola,-430.37115478515625,44.26425552368164,1.6558834314346313,2.8802525997161865,4.457638263702393,5.1753950119018555,0.6866816878318787,0.2823224663734436,1.1584500074386597,3.2941715717315674,1.8207660913467407,1.7015489339828491,-0.34751954674720764,106.47823333740234,54.44594955444336,16.14891815185547,9.712847709655762,6.088210582733154,3.9092745780944824,9.009212493896484,8.50704574584961,6.495779991149902,4.205933094024658,5.314964771270752,4.86717414855957,7.438072204589844,1723.763049964426,732.1822949543958,2295.313242260229,715.889269038733,4051.0753929160555,2015.6931876448489,0.05662189796566963,0.10698775947093964,0.5259892344474792,0.5760740041732788,0.6172111630439758,0.6188057661056519,0.587994396686554,0.5952553749084473,0.6032153367996216,0.5401303172111511,0.5134429931640625,0.46708229184150696,0.45618361234664917,0.48310455679893494,0.3543130159378052,0.36887630820274353,0.37420621514320374,0.3876000642776489,0.40603363513946533,0.40278756618499756,0.4092855453491211,0.38936036825180054,0.39050281047821045,0.3705050051212311,0.35066837072372437,0.3511078953742981,0.028289192326490714,0.024078041824222643
379,viola_080.aiff,viola,-461.6977844238281,43.16713333129883,17.290733337402344,7.275947570800781,7.227895736694336,6.638339042663574,5.971069812774658,4.812070846557617,2.921863555908203,2.724405527114868,3.823946237564087,4.0903825759887695,2.445657968521118,49.952598571777344,46.180782318115234,12.439105033874512,7.200454235076904,4.5828776359558105,3.9685440063476562,3.1203219890594482,4.042664051055908,5.56724214553833,5.306343078613281,3.281414031982422,2.9669482707977295,4.274177551269531,1621.3917227307388,823.3439176946647,2244.596904376504,762.2305263450899,3826.3853971886415,2256.1228192964827,0.01817810721695423,0.04179494455456734,0.5216307640075684,0.5889360904693604,0.6353446245193481,0.6542313694953918,0.6418351531028748,0.6308177709579468,0.6190151572227478,0.5976430177688599,0.5340824723243713,0.46778905391693115,0.4343727231025696,0.45984509587287903,0.361481249332428,0.37372320890426636,0.3668621778488159,0.36894291639328003,0.3888871371746063,0.3829406797885895,0.3769948184490204,0.3702639937400818,0.36180537939071655,0.3541145622730255,0.3515259921550751,0.3593966066837311,0.024981076872064707,0.023295647601421516
380,viola_081.aiff,viola,-294.50341796875,90.01325988769531,0.9226527810096741,20.98515510559082,5.167618751525879,8.971449851989746,4.490513801574707,5.642203330993652,1.212672233581543,0.38171374797821045,-2.439100503921509,0.21630358695983887,2.5291473865509033,70.25775146484375,37.738853454589844,13.927852630615234,7.668576717376709,7.077528953552246,6.7455830574035645,5.1531853675842285,5.76078462600708,6.892116546630859,8.988215446472168,9.708621978759766,7.619654655456543,8.072067260742188,1645.7907433920789,626.5378729833321,2264.35611813026,586.3239737190272,3765.4829027086807,1809.3227912500397,0.0833020955324173,0.0973895788192749,0.6140051484107971,0.6040665507316589,0.4887685477733612,0.49340134859085083,0.5179024338722229,0.5291246771812439,0.5232633948326111,0.524391233921051,0.5043171048164368,0.4331452250480652,0.4272725284099579,0.5471842885017395,0.29509666562080383,0.3421854078769684,0.3705301880836487,0.40502017736434937,0.4121026396751404,0.4210216701030731,0.4138301610946655,0.4037123918533325,0.38005396723747253,0.3567196726799011,0.32418426871299744,0.32741090655326843,0.03661713722890848,0.03090903707208474
381,viola_082.aiff,viola,-436.3122863769531,43.93653106689453,6.985979080200195,11.89619255065918,6.651261806488037,5.626278400421143,7.419971942901611,4.52998161315918,1.5388332605361938,3.2978460788726807,3.372072696685791,3.4722988605499268,0.7250795364379883,104.7229995727539,51.00150680541992,14.270861625671387,7.578658580780029,7.465420246124268,6.507253646850586,3.850879192352295,6.052006244659424,8.811636924743652,5.396610260009766,4.845799922943115,4.768200874328613,7.4893598556518555,1720.6420261557587,788.4145134431615,2319.8265908698927,728.4496333408763,4090.0475664836604,2158.3860428304592,0.05535070598125458,0.09897120296955109,0.49850034713745117,0.5740410685539246,0.6050471067428589,0.6067560315132141,0.6443672776222229,0.64039146900177,0.6212566494941711,0.5901570320129395,0.561401903629303,0.5167992115020752,0.4879496693611145,0.45375797152519226,0.3547046184539795,0.3717169761657715,0.36793896555900574,0.37954941391944885,0.3848532438278198,0.3698698878288269,0.38921672105789185,0.37855759263038635,0.36666953563690186,0.35464709997177124,0.35302773118019104,0.3314071297645569,0.026059468587239582,0.023491317281041226
382,viola_083.aiff,viola,-387.58282470703125,39.273658752441406,5.188478469848633,15.225793838500977,3.690891981124878,7.142243385314941,2.3262407779693604,3.377885580062866,-0.15702131390571594,1.2828292846679688,0.8248563408851624,1.8742297887802124,-1.4799387454986572,112.5451889038086,35.72571563720703,14.269648551940918,9.790047645568848,8.822586059570312,3.8772146701812744,7.424182415008545,4.376348972320557,8.516297340393066,7.655704021453857,5.655984401702881,4.710317611694336,8.03128719329834,1660.2294473952334,678.4077357636875,2274.5600208749797,632.2168939423444,3829.309502963362,2000.3295581145992,0.08393742144107819,0.13089069724082947,0.4048444330692291,0.45620355010032654,0.4724719524383545,0.5068917870521545,0.5919644832611084,0.5366136431694031,0.4623357653617859,0.5271456241607666,0.7125505208969116,0.6669799089431763,0.5398359298706055,0.38839879631996155,0.37588199973106384,0.38774392008781433,0.4096512496471405,0.395485520362854,0.3989933729171753,0.4044077694416046,0.4248322546482086,0.3601278066635132,0.30605825781822205,0.2597050368785858,0.3540545105934143,0.33616316318511963,0.0258062119423919,0.020955370384424094
383,viola_084.aiff,viola,-349.4228210449219,59.770347595214844,4.077734470367432,13.006105422973633,4.63167667388916,4.983506202697754,3.572707176208496,5.567502975463867,-0.7868061065673828,-0.06537985801696777,-1.3177481889724731,1.832770586013794,1.8045068979263306,119.6085433959961,31.535602569580078,13.841368675231934,6.464492321014404,11.243756294250488,6.924281597137451,7.306452751159668,5.1783013343811035,10.767738342285156,8.912086486816406,9.7454833984375,6.763618469238281,8.659064292907715,1888.9699218128865,609.0313486118368,2383.5209380990277,543.0214535677804,4312.594057157231,1626.3902241793342,0.0883832797408104,0.13452668488025665,0.670371413230896,0.5429630875587463,0.5288301706314087,0.5410442352294922,0.5510624647140503,0.5691735744476318,0.5337534546852112,0.5199488997459412,0.47244641184806824,0.473055362701416,0.5617781281471252,0.6180073022842407,0.33273041248321533,0.38950321078300476,0.42623159289360046,0.44053390622138977,0.4369838833808899,0.4145023226737976,0.4216059744358063,0.38788479566574097,0.3851260840892792,0.35252314805984497,0.3475554585456848,0.319644033908844,0.04487951744611496,0.042587835203016365
384,viola_085.aiff,viola,-416.8875732421875,43.78901672363281,3.063488483428955,11.416654586791992,5.990031719207764,4.478418350219727,4.7211480140686035,2.996519088745117,1.6293760538101196,4.012650489807129,2.2420785427093506,3.0939667224884033,0.18115487694740295,115.31444549560547,51.31034851074219,16.590295791625977,8.50649356842041,6.880895614624023,6.275717258453369,5.33131217956543,5.904364585876465,6.982728958129883,4.168431282043457,5.7054948806762695,4.148375034332275,7.212221622467041,1649.0835343041572,756.9184743157017,2273.960428401866,705.5350900390403,3893.8965331251247,2123.2420696775343,0.06728142499923706,0.11235568672418594,0.487292617559433,0.5664244890213013,0.6070184707641602,0.6206549406051636,0.6583483815193176,0.6542931795120239,0.5995691418647766,0.5863426327705383,0.5610266327857971,0.5220134258270264,0.4865138530731201,0.44007450342178345,0.35523363947868347,0.3689534366130829,0.3665864169597626,0.3813087046146393,0.37842947244644165,0.37237152457237244,0.39393749833106995,0.3903811275959015,0.3712305724620819,0.35405421257019043,0.35188648104667664,0.33613479137420654,0.024762918393071088,0.021231829393379816
385,viola_086.aiff,viola,-443.0647888183594,28.00542449951172,3.5991809368133545,8.40564250946045,4.320854663848877,3.7739055156707764,1.6621813774108887,2.5990023612976074,1.5563591718673706,3.440777063369751,1.4099591970443726,1.1572281122207642,-0.8923068046569824,92.29540252685547,35.94645309448242,9.936362266540527,6.028018474578857,5.327178478240967,4.992905139923096,7.519661903381348,5.3127312660217285,6.549783706665039,4.173778533935547,6.326221466064453,6.215701580047607,9.56995964050293,1758.3104618523837,740.3210590026933,2345.027573711077,696.7079418223963,4133.755817434515,2005.8195939706952,0.03830477595329285,0.07790566980838776,0.5446746349334717,0.5827738046646118,0.6147937178611755,0.6398425698280334,0.6428359746932983,0.6340309977531433,0.6342822909355164,0.6114035248756409,0.6000233292579651,0.5548073053359985,0.5062182545661926,0.5104687213897705,0.3590833842754364,0.36918380856513977,0.3814823627471924,0.3958878517150879,0.4018111228942871,0.4071652889251709,0.4066973626613617,0.38676565885543823,0.37076929211616516,0.357413649559021,0.3500627279281616,0.3495485186576843,0.030287899736208813,0.028824096594803915
386,viola_087.aiff,viola,-317.01165771484375,51.74028396606445,4.208036422729492,8.885072708129883,4.11582612991333,0.5375843644142151,-0.9226595759391785,5.117726802825928,-2.9812185764312744,2.0199332237243652,-4.303143501281738,-1.8673096895217896,1.2828750610351562,145.3246612548828,30.329065322875977,13.44724178314209,7.750328063964844,8.169690132141113,10.445969581604004,10.230777740478516,5.240147113800049,10.010939598083496,5.6131510734558105,10.160605430603027,8.485081672668457,6.723586559295654,1878.397011263553,629.6590993573624,2296.6630227328906,568.2063825090557,3988.724685560727,1652.716590152945,0.1439332515001297,0.17088934779167175,0.5919445753097534,0.5694437026977539,0.4410173296928406,0.44715097546577454,0.4276259243488312,0.43125754594802856,0.4411498010158539,0.42086318135261536,0.4204767644405365,0.3769453167915344,0.3945801258087158,0.5691542029380798,0.3380366265773773,0.39726024866104126,0.4178439974784851,0.4429148733615875,0.450479656457901,0.4518853425979614,0.43022415041923523,0.41758590936660767,0.38476234674453735,0.3842284381389618,0.35588905215263367,0.363103449344635,0.05108022126182033,0.04037385238950253
387,viola_088.aiff,viola,-468.2455749511719,20.878936767578125,16.446022033691406,13.297197341918945,11.604544639587402,10.235822677612305,8.894941329956055,7.801748275756836,7.093859672546387,6.612966537475586,6.132355213165283,5.6039228439331055,5.084570407867432,19.82451057434082,20.52813148498535,11.351332664489746,7.7980055809021,5.940092086791992,4.474468231201172,3.62251877784729,3.354262113571167,2.975323438644409,2.574939727783203,2.3687796592712402,2.3319876194000244,2.47507381439209,2046.1187170615412,686.4150763563905,2697.559231728822,434.0503071096702,5128.73046875,1557.8433004155495,0.008695818483829498,0.022139040753245354,0.7083231210708618,0.7487421631813049,0.7400147914886475,0.7517495155334473,0.7775205969810486,0.7889739274978638,0.7634732723236084,0.7074257731437683,0.6548933982849121,0.6141479015350342,0.5961373448371887,0.6471996903419495,0.27570122480392456,0.2743077576160431,0.2910119593143463,0.3082033395767212,0.3000010550022125,0.2972294092178345,0.28875669836997986,0.2921569049358368,0.2931756377220154,0.2860700786113739,0.26915690302848816,0.2580309808254242,0.02415712144639757,0.0246627837283586
388,viola_089.aiff,viola,-465.8326416015625,41.29240036010742,16.102296829223633,13.072925567626953,13.675302505493164,9.828010559082031,7.739480495452881,6.608461380004883,5.851843357086182,6.163615703582764,6.696512699127197,6.864407062530518,6.554401397705078,33.58311462402344,26.98453712463379,9.372087478637695,6.331629753112793,5.562173843383789,4.6839165687561035,4.629472255706787,6.20300817489624,6.1330976486206055,4.3308868408203125,3.370388984680176,3.513329029083252,3.6603426933288574,1986.5576206802516,737.6072978796819,2657.127920610754,502.08422949600043,5015.877436665655,1541.628749525145,0.012388240545988083,0.02939731441438198,0.7044963836669922,0.7087814807891846,0.7161155343055725,0.7497513890266418,0.7891086339950562,0.8193976283073425,0.8063645362854004,0.7740293145179749,0.7156965136528015,0.6698989868164062,0.6933883428573608,0.7112539410591125,0.20774327218532562,0.26365986466407776,0.29895278811454773,0.29778698086738586,0.28693804144859314,0.27798837423324585,0.27384525537490845,0.2636506259441376,0.2530519664287567,0.24026890099048615,0.1979651153087616,0.2031445950269699,0.02689872667627427,0.02823328763909748
389,viola_090.aiff,viola,-443.6787414550781,47.16674041748047,19.808122634887695,15.928014755249023,16.183259963989258,11.82280158996582,9.166418075561523,8.103350639343262,7.488673210144043,6.854108810424805,5.723959922790527,4.964380741119385,4.517977237701416,36.03910446166992,28.917123794555664,11.063200950622559,8.018691062927246,6.63928747177124,4.6265411376953125,4.483695030212402,4.210452556610107,3.21492600440979,3.209125280380249,3.54907488822937,3.8881402015686035,3.7195470333099365,1838.8977901036583,653.547536485195,2596.423740436553,455.7290375480635,4659.929956531318,1676.4295414835217,0.02059517428278923,0.043686095625162125,0.5383615493774414,0.5737394094467163,0.6046740412712097,0.631541907787323,0.6584153175354004,0.6744326949119568,0.6765490770339966,0.7430146932601929,0.8337873816490173,0.6724658012390137,0.5618189573287964,0.5080625414848328,0.3315582573413849,0.3531879186630249,0.36637988686561584,0.37085142731666565,0.3829535245895386,0.38634437322616577,0.37547630071640015,0.2476523220539093,0.18354997038841248,0.21534660458564758,0.2942641079425812,0.3007682263851166,0.020642857748101952,0.01902745819301416
390,violin_070.aiff,viola,-455.721435546875,29.611743927001953,15.713054656982422,11.268031120300293,11.426610946655273,9.744564056396484,8.066452026367188,7.395590305328369,6.723297595977783,6.19569730758667,5.863095760345459,5.459280014038086,5.084853172302246,18.83169174194336,18.42641830444336,8.288269996643066,5.366549015045166,4.945064067840576,4.16082763671875,3.5153605937957764,3.2237699031829834,3.194606304168701,2.976716995239258,2.816046953201294,2.7585647106170654,2.895939826965332,2039.7133729838597,781.2728607960946,2661.6381274175446,555.5265133695141,5094.3214682883845,1681.0428554228806,0.011731822974979877,0.02369719371199608,0.7317688465118408,0.7868072390556335,0.7969009876251221,0.7863804697990417,0.7946481704711914,0.7897645235061646,0.7725834250450134,0.7668811678886414,0.7543056011199951,0.6989670991897583,0.6646032333374023,0.6515997648239136,0.2198437750339508,0.23123465478420258,0.2370445728302002,0.2799568474292755,0.2941756248474121,0.29844385385513306,0.29421481490135193,0.2723160982131958,0.26155900955200195,0.25269460678100586,0.24930092692375183,0.22909632325172424,0.02361381164204715,0.02625476853210426
391,violin_001.aiff,violin,-281.8732604980469,82.4094009399414,-34.67342758178711,21.545473098754883,-8.100144386291504,-13.904757499694824,-9.489272117614746,-2.10007643699646,1.4113690853118896,-4.5854811668396,-7.603214263916016,-4.065149784088135,-5.256570339202881,128.07762145996094,28.467811584472656,43.60488510131836,12.265286445617676,14.878758430480957,16.45355987548828,11.025228500366211,5.294158935546875,4.499166965484619,6.6769700050354,7.121809005737305,5.976263523101807,6.176047325134277,1846.1172112051045,860.0253326782968,1899.8904987543594,895.500232772299,3934.6016089786544,2198.2298472927164,0.13513977825641632,0.13491176068782806,0.213203564286232,0.21094956994056702,0.29808518290519714,0.2849135100841522,0.19469289481639862,0.21608294546604156,0.2983943521976471,0.37959951162338257,0.4420236349105835,0.3734877109527588,0.39928388595581055,0.35263779759407043,0.28853705525398254,0.300115168094635,0.35513126850128174,0.309628427028656,0.28138911724090576,0.27840912342071533,0.3555202782154083,0.3877915143966675,0.3875158727169037,0.3644658625125885,0.36075764894485474,0.35500258207321167,0.08103221430439331,0.048905022310849054
392,violin_002.aiff,violin,-324.7835693359375,78.93536376953125,-31.021682739257812,17.297298431396484,-5.633446216583252,-8.695472717285156,-4.116916656494141,-1.7442500591278076,0.48589569330215454,-6.453370571136475,-10.63141918182373,-2.934864044189453,-7.793254375457764,118.285400390625,30.031457901000977,41.48525619506836,10.979767799377441,13.511395454406738,12.050742149353027,6.811860084533691,5.079004764556885,4.861187934875488,6.948367118835449,10.173391342163086,5.418146133422852,7.872145175933838,1778.2394498328488,906.4087275735475,1864.3361361337327,918.9220108895784,3782.746131566771,2266.7322287233615,0.09811349213123322,0.1037587895989418,0.3054233193397522,0.3176858425140381,0.31090179085731506,0.3186422288417816,0.297769159078598,0.29163095355033875,0.3704259991645813,0.3727084994316101,0.274132639169693,0.22198766469955444,0.22104987502098083,0.27181947231292725,0.33940690755844116,0.36039596796035767,0.35598570108413696,0.3777640461921692,0.36034858226776123,0.3397916853427887,0.37705472111701965,0.38990676403045654,0.3417416214942932,0.3109821677207947,0.30891332030296326,0.33142200112342834,0.08068508417568337,0.05025643003910589
393,violin_003.aiff,violin,-281.96429443359375,76.10348510742188,-34.755584716796875,22.480024337768555,-6.69685697555542,-11.1150484085083,-11.748085021972656,-11.304155349731445,-4.401191711425781,-1.6136294603347778,1.22760808467865,4.264676094055176,-0.19732315838336945,114.94097900390625,28.844160079956055,41.6266975402832,14.275315284729004,13.515321731567383,14.210698127746582,14.465734481811523,13.034835815429688,10.88516902923584,15.926037788391113,13.385372161865234,8.64647102355957,12.766358375549316,1974.4726293355136,835.1053710937701,1856.2445092097444,886.2951325045664,4017.146334254904,2052.2804527630055,0.09747185558080673,0.10715474933385849,0.28685274720191956,0.29902005195617676,0.3367132544517517,0.3516354560852051,0.30394628643989563,0.2565581798553467,0.2674649655818939,0.30946990847587585,0.2269393354654312,0.27224621176719666,0.30666211247444153,0.2867667078971863,0.3505726754665375,0.3588116765022278,0.38527539372444153,0.3813837766647339,0.3331295847892761,0.3290633261203766,0.3286096453666687,0.36791175603866577,0.2978733479976654,0.36889293789863586,0.3727400004863739,0.35497283935546875,0.09277838937816921,0.051410808046083216
394,violin_004.aiff,violin,-320.8227844238281,69.05375671386719,-20.837535858154297,20.38690185546875,0.5659480690956116,-5.430934429168701,-3.015759229660034,-4.526625156402588,-4.340001106262207,-4.84224271774292,-4.457087516784668,-4.988216400146484,-6.9563493728637695,98.08406066894531,24.631481170654297,38.06987380981445,14.293941497802734,8.257925033569336,10.369608879089355,6.897344589233398,7.289586544036865,6.0257649421691895,5.637299060821533,5.847502708435059,6.210171699523926,7.04650354385376,1885.742482022817,892.2784605767218,1993.235559914164,904.5503010336053,4019.4821241425307,2280.0694652141146,0.10427878051996231,0.12408572435379028,0.24552614986896515,0.30518147349357605,0.3715241551399231,0.313102126121521,0.325491338968277,0.3009696304798126,0.34291473031044006,0.35581308603286743,0.3039005398750305,0.33972734212875366,0.30291956663131714,0.2330782562494278,0.32610592246055603,0.3342943489551544,0.36029574275016785,0.3424500823020935,0.36660337448120117,0.33758342266082764,0.3764079213142395,0.37957409024238586,0.35679271817207336,0.37120604515075684,0.36180371046066284,0.3191562592983246,0.08524882656949975,0.05062906402875306
395,violin_005.aiff,violin,-314.94158935546875,62.280277252197266,-19.4810848236084,21.56498146057129,-3.6325995922088623,-7.617805480957031,-9.196627616882324,-5.499342918395996,-2.98183536529541,-1.6252012252807617,3.2842628955841064,6.263710975646973,0.33217674493789673,90.12637329101562,23.191478729248047,32.46512985229492,15.98866081237793,11.555808067321777,11.878911972045898,11.292705535888672,8.62079906463623,9.985485076904297,12.901490211486816,13.529902458190918,17.705400466918945,18.703231811523438,2124.072772678597,843.4057902258331,2019.180109884915,891.6765428217768,4334.510493369851,2169.17029536356,0.08313720673322678,0.1024223119020462,0.32334449887275696,0.32687994837760925,0.34162217378616333,0.33278194069862366,0.31382158398628235,0.2958524525165558,0.29274195432662964,0.32480379939079285,0.3019091784954071,0.2918911278247833,0.27875012159347534,0.2944389581680298,0.3658789098262787,0.364987313747406,0.3821169137954712,0.3775872588157654,0.35638606548309326,0.3404364287853241,0.3430050313472748,0.3618967831134796,0.3585970401763916,0.3689698874950409,0.33957144618034363,0.35621920228004456,0.10472624654108131,0.05356754910721719
396,violin_006.aiff,violin,-274.8690490722656,61.34927749633789,-26.21309471130371,22.06747817993164,-14.940791130065918,-9.296297073364258,-9.03792953491211,9.654335021972656,4.920334339141846,-7.298346996307373,-17.170257568359375,-3.1802315711975098,8.469709396362305,108.39228057861328,24.60931396484375,28.283668518066406,14.049664497375488,16.75615882873535,10.432622909545898,11.006035804748535,9.945698738098145,8.759380340576172,16.089632034301758,14.442501068115234,17.015153884887695,13.375250816345215,2384.8081908218833,800.105112148792,1917.74575873972,828.1531663727932,4353.223843961148,1910.1625289721549,0.11379307508468628,0.1321858912706375,0.40589475631713867,0.38090819120407104,0.3411750793457031,0.17723137140274048,0.18165326118469238,0.3060036301612854,0.21803593635559082,0.19702601432800293,0.19214703142642975,0.20975558459758759,0.3047292232513428,0.3828197717666626,0.3948878347873688,0.37819185853004456,0.3989628851413727,0.2887382507324219,0.27770379185676575,0.3881547749042511,0.2822035849094391,0.3029477298259735,0.30767056345939636,0.3084741532802582,0.33526596426963806,0.39149048924446106,0.15866765202702704,0.06954551867136657
397,violin_007.aiff,violin,-317.1907958984375,50.86993408203125,-19.713125228881836,26.53572654724121,-0.759210467338562,-6.209951400756836,-9.616613388061523,1.183477759361267,-5.053772926330566,-7.394161701202393,-12.52593994140625,-8.29114818572998,-4.456070899963379,100.95518493652344,22.88664436340332,32.089115142822266,19.100479125976562,8.17900276184082,9.873185157775879,12.048407554626465,4.731586933135986,6.446229457855225,8.583263397216797,10.19564437866211,8.599328994750977,6.199986457824707,2156.515661685672,808.066916592127,2071.0274094819056,805.4864751395578,4380.866622924805,2032.3819930099623,0.11188546568155289,0.12634249031543732,0.22955168783664703,0.22949592769145966,0.2448548674583435,0.24166864156723022,0.19991931319236755,0.20946551859378815,0.2805924415588379,0.23239374160766602,0.25630849599838257,0.5007107257843018,0.5018069744110107,0.4278393089771271,0.2939164638519287,0.32252395153045654,0.33844494819641113,0.3087637722492218,0.30519941449165344,0.2958901524543762,0.3013758361339569,0.3296506106853485,0.30181190371513367,0.38312143087387085,0.35526537895202637,0.3969155251979828,0.10898929172092015,0.05375108309634247
398,violin_008.aiff,violin,-291.6318054199219,56.275543212890625,-16.649442672729492,23.359628677368164,-6.914350986480713,-2.421496629714966,-8.400707244873047,1.5447958707809448,-2.8793559074401855,-1.6071966886520386,1.4399081468582153,3.461127758026123,-0.19826163351535797,101.38248443603516,26.817277908325195,26.115501403808594,15.691523551940918,12.949090003967285,7.842366695404053,11.358800888061523,6.230527877807617,11.875259399414062,13.731378555297852,12.086129188537598,14.43857192993164,17.921329498291016,2345.937656478736,815.3195444469541,2126.292615864303,850.6720731985597,4736.327074932796,1994.0378120376838,0.10415377467870712,0.11824589222669601,0.340530663728714,0.37349170446395874,0.3405195474624634,0.3129245638847351,0.3419641852378845,0.3281187415122986,0.27645477652549744,0.35344043374061584,0.3204338550567627,0.33010193705558777,0.3086981475353241,0.3068729639053345,0.35334697365760803,0.39471060037612915,0.37479716539382935,0.35476019978523254,0.3392663896083832,0.37126776576042175,0.3194449245929718,0.37840116024017334,0.3523283898830414,0.371671587228775,0.3613770008087158,0.36123716831207275,0.1327264528263142,0.05484454284428858
399,violin_009.aiff,violin,-310.882080078125,57.748531341552734,-20.82645606994629,12.903627395629883,-8.596963882446289,-3.272496461868286,1.868165135383606,7.4569926261901855,-3.961169481277466,-9.275535583496094,-5.619917869567871,0.0333864726126194,-2.5116078853607178,103.60214233398438,25.168798446655273,30.300996780395508,8.011394500732422,14.407442092895508,9.068485260009766,7.3268232345581055,11.406593322753906,14.929300308227539,15.45761489868164,15.519224166870117,16.371417999267578,14.075008392333984,2577.5902385194145,848.0636657990638,2099.9623818308132,847.3216217152565,4851.360196689152,1957.1139593043852,0.06633962690830231,0.08883367478847504,0.29552963376045227,0.3138026297092438,0.3266941010951996,0.3153457045555115,0.30085480213165283,0.3230283558368683,0.3024490177631378,0.30788642168045044,0.3145502805709839,0.3018417954444885,0.2959446310997009,0.3062799572944641,0.3587801158428192,0.3681260049343109,0.3607749938964844,0.3513406813144684,0.34626755118370056,0.3682718575000763,0.3531974256038666,0.3644975423812866,0.36498820781707764,0.3517407476902008,0.34905898571014404,0.352579802274704,0.16725389477790015,0.07868333996281017
400,violin_010.aiff,violin,-318.9280700683594,33.46988296508789,-1.2028203010559082,12.789050102233887,-2.152815341949463,-5.392165660858154,-10.139610290527344,2.0030484199523926,1.3686460256576538,4.064476490020752,2.9032304286956787,2.00108003616333,-9.867424011230469,103.06453704833984,27.49825668334961,21.301694869995117,7.5981903076171875,8.99198055267334,10.083588600158691,12.490544319152832,5.247451305389404,8.413657188415527,7.1553192138671875,6.661535263061523,15.512337684631348,15.596114158630371,2647.7364808946268,872.1765974883633,2303.9102882760985,813.2454858094036,5181.863948088171,1997.8248728973501,0.1123984158039093,0.13359054923057556,0.3113691508769989,0.3458813428878784,0.3763199746608734,0.3008313477039337,0.3392792344093323,0.37697136402130127,0.3233717083930969,0.3494630455970764,0.4041546583175659,0.42004671692848206,0.2707841396331787,0.3022672235965729,0.34381312131881714,0.36820146441459656,0.38179832696914673,0.33270007371902466,0.35455918312072754,0.3865339159965515,0.3266769051551819,0.3522079586982727,0.36158227920532227,0.3902861177921295,0.32395118474960327,0.36868444085121155,0.1471585472631427,0.06426614871771388
401,violin_011.aiff,violin,-330.2294616699219,50.49343490600586,-11.95215892791748,9.898055076599121,-4.9258599281311035,-1.5820143222808838,-1.492652416229248,11.386222839355469,-2.099045991897583,-9.10036849975586,-8.121753692626953,-1.3405858278274536,-3.0954439640045166,109.38227844238281,28.962331771850586,23.88471794128418,5.76243257522583,12.26978588104248,8.11827564239502,10.28078556060791,11.625236511230469,13.535107612609863,16.011274337768555,18.22685432434082,18.49785041809082,16.103471755981445,2657.8362518454055,857.3669603590035,2245.5395346789082,806.275504863226,5203.564784912939,1885.3443015629005,0.08337870985269547,0.10909649729728699,0.3293929994106293,0.3299323320388794,0.32857581973075867,0.33464378118515015,0.32086557149887085,0.3428390324115753,0.3105461001396179,0.2825985252857208,0.25767746567726135,0.3094269633293152,0.35440436005592346,0.35067105293273926,0.3657090961933136,0.37358465790748596,0.35848361253738403,0.3617285192012787,0.35074084997177124,0.35837337374687195,0.3618854582309723,0.3555126488208771,0.3325028717517853,0.3586147427558899,0.3764565885066986,0.3657223582267761,0.159036557869715,0.06899269722341306
402,violin_012.aiff,violin,-300.521728515625,55.504859924316406,-25.251323699951172,17.787700653076172,0.792556881904602,0.8153002262115479,-6.793835163116455,0.6229564547538757,2.1540775299072266,-2.243128538131714,-8.786115646362305,2.444622278213501,2.1037685871124268,111.0010757446289,26.03860092163086,33.00674819946289,12.73867130279541,9.956684112548828,9.9705171585083,14.659918785095215,12.277629852294922,14.237751960754395,17.80795669555664,17.707304000854492,17.131004333496094,15.023656845092773,2827.00110742626,932.5594657885006,2143.560365995135,854.9067145296833,5152.759566949708,1930.466067245518,0.0690641701221466,0.08393918722867966,0.36574339866638184,0.3406730592250824,0.32010751962661743,0.31061750650405884,0.2878950536251068,0.2819294333457947,0.29632440209388733,0.2964281141757965,0.35803675651550293,0.3641507029533386,0.3660407066345215,0.39213845133781433,0.359328031539917,0.365159273147583,0.35614001750946045,0.34833166003227234,0.35004371404647827,0.35341641306877136,0.36645352840423584,0.34098953008651733,0.38476690649986267,0.37700769305229187,0.3701206147670746,0.38500741124153137,0.20360216857559865,0.10259779385329659
403,violin_013.aiff,violin,-299.4809265136719,56.60819625854492,-36.487693786621094,28.08806800842285,-11.385855674743652,-12.254740715026855,-11.53984260559082,-9.49512004852295,-3.490471601486206,-7.405327796936035,-9.264719009399414,-2.2728185653686523,-4.542028903961182,140.74427795410156,23.894315719604492,48.60667037963867,17.88762092590332,15.490856170654297,14.17599105834961,12.568967819213867,10.573630332946777,5.342894554138184,6.878044128417969,8.26860237121582,6.774272918701172,5.4671406745910645,1875.175511137209,780.1532484602528,1854.8354001526434,859.893859886232,3893.087271242887,2038.940586802512,0.1321946382522583,0.13749642670154572,0.205791637301445,0.2463878095149994,0.2988852560520172,0.20185154676437378,0.17621172964572906,0.24345101416110992,0.3090561628341675,0.36328795552253723,0.3818408250808716,0.43464481830596924,0.39857155084609985,0.2666950821876526,0.292567640542984,0.2898702919483185,0.33437955379486084,0.26818767189979553,0.26641741394996643,0.29000750184059143,0.3565601408481598,0.38210439682006836,0.36625292897224426,0.3745146095752716,0.37558555603027344,0.31969162821769714,0.08871057375193998,0.04273067991058613
404,violin_014.aiff,violin,-355.7023620605469,52.292293548583984,-24.008630752563477,24.400426864624023,-5.498121738433838,-6.861416339874268,-9.050703048706055,-6.334043025970459,-3.9875497817993164,-6.707120418548584,-7.489195823669434,-2.9068803787231445,-9.797388076782227,119.19046783447266,22.5869083404541,42.81439971923828,17.738603591918945,13.060111999511719,11.492497444152832,12.248546600341797,8.707022666931152,6.363369464874268,8.265352249145508,8.651200294494629,5.356298446655273,9.556989669799805,1962.350418272006,895.4247210087424,1961.9536593182027,926.2906801974207,4177.50377769333,2278.45085950616,0.09597520530223846,0.1139649897813797,0.3190511465072632,0.37674257159233093,0.3753690719604492,0.3214356005191803,0.3182728886604309,0.2986210286617279,0.3906491994857788,0.38355568051338196,0.33835524320602417,0.31695321202278137,0.2969241738319397,0.3307036757469177,0.32481083273887634,0.3826063275337219,0.3823525905609131,0.35486313700675964,0.36636754870414734,0.34576430916786194,0.38584133982658386,0.37683847546577454,0.3587466776371002,0.3421523869037628,0.35473528504371643,0.3513237237930298,0.09634971237639832,0.054153286795917736
405,violin_015.aiff,violin,-307.9405517578125,51.11173629760742,-32.56692123413086,23.07950782775879,-11.424468040466309,-11.230812072753906,-11.31471061706543,-9.678656578063965,-7.106857776641846,-4.652531147003174,0.98130863904953,8.703279495239258,-0.65107262134552,121.76305389404297,21.284160614013672,42.54183578491211,15.955010414123535,15.271285057067871,13.357576370239258,12.285619735717773,10.495558738708496,9.911426544189453,13.830660820007324,11.74073600769043,13.155620574951172,18.47272491455078,2155.720008602082,802.7026012156086,1912.8940415624459,878.4250011094731,4336.806766920645,2028.0669651928033,0.11854691803455353,0.1253672093153,0.4058380424976349,0.41973933577537537,0.3349137008190155,0.3057660162448883,0.3040740191936493,0.275582879781723,0.3180539309978485,0.3245936930179596,0.23828238248825073,0.22377654910087585,0.2422388345003128,0.29098743200302124,0.36687883734703064,0.39150673151016235,0.3686424195766449,0.36670058965682983,0.36527711153030396,0.3202516734600067,0.3651314079761505,0.37366846203804016,0.32763874530792236,0.32874414324760437,0.3226747512817383,0.3449573218822479,0.11399054862828072,0.06013693561306553
406,violin_016.aiff,violin,-335.1817321777344,41.3503303527832,-14.806049346923828,17.61288833618164,-5.145646095275879,-8.718602180480957,-9.845317840576172,-1.6560561656951904,-2.6815123558044434,-5.9865803718566895,-10.182188987731934,-6.457839012145996,-9.266021728515625,142.12136840820312,24.368337631225586,33.67219543457031,11.739788055419922,12.204201698303223,13.920942306518555,12.783402442932129,5.386543273925781,5.135245323181152,7.306087017059326,10.866771697998047,7.980461120605469,10.293329238891602,2115.9202440189456,851.6126441053008,2113.9932750009516,874.6763320934721,4385.058420293073,2186.790674377232,0.11617880314588547,0.12895600497722626,0.2995564043521881,0.3528628349304199,0.4069483280181885,0.36103355884552,0.36140498518943787,0.337934672832489,0.34081587195396423,0.3840143382549286,0.3788515329360962,0.3709087073802948,0.28078511357307434,0.30158141255378723,0.33219364285469055,0.3356507122516632,0.3640958070755005,0.34796977043151855,0.38013437390327454,0.3506392240524292,0.34667977690696716,0.3788743317127228,0.3428453207015991,0.35790321230888367,0.3197522759437561,0.3453032076358795,0.10843027923591728,0.05018167996216645
407,violin_017.aiff,violin,-360.1910095214844,38.72391891479492,-15.191566467285156,18.604534149169922,-7.056911945343018,-10.934553146362305,-8.315670013427734,-0.6057295799255371,-1.2967584133148193,-2.6922056674957275,-4.991891384124756,-1.1639912128448486,-2.6765666007995605,108.59766387939453,18.6425724029541,32.873260498046875,12.207659721374512,14.113687515258789,14.844034194946289,11.65086555480957,8.327874183654785,8.040316581726074,12.058636665344238,13.706391334533691,12.947197914123535,13.11622428894043,2353.433054336896,854.8384622015246,2074.879573961589,877.3886879994125,4547.3898857330605,2104.7855343571373,0.06946079432964325,0.08588703721761703,0.42410239577293396,0.37624064087867737,0.3194732367992401,0.30297791957855225,0.3015170097351074,0.27877795696258545,0.3027462661266327,0.3289923071861267,0.31916165351867676,0.3241278827190399,0.33849507570266724,0.3716175854206085,0.4096525013446808,0.37701523303985596,0.33754944801330566,0.3436548709869385,0.34427639842033386,0.3075305223464966,0.32689371705055237,0.3609168827533722,0.35770902037620544,0.35658952593803406,0.3565120995044708,0.38671448826789856,0.13703625957294913,0.06575659052372047
408,violin_018.aiff,violin,-165.107666015625,40.47890853881836,-52.86542510986328,18.45054817199707,-30.266183853149414,-14.196616172790527,-8.108833312988281,11.211698532104492,-8.413701057434082,-26.473392486572266,-23.308887481689453,14.150992393493652,19.78127098083496,21.13364028930664,12.446309089660645,10.000774383544922,4.138909339904785,4.010751724243164,4.110980033874512,4.947747707366943,4.917330741882324,4.026725769042969,3.3159964084625244,3.636587381362915,6.467653751373291,3.5923948287963867,2488.839116483383,65.87574834581142,1773.8249528910762,79.87104294527478,3785.1879222972975,211.7631622406024,0.283072292804718,0.07780913263559341,0.004221422132104635,0.18518495559692383,0.9978669285774231,0.12840434908866882,0.0021887014154344797,0.0007686367025598884,0.0011154160602018237,0.0032011105213314295,0.00986891146749258,0.062258280813694,0.010699644684791565,0.0010887173702940345,0.013091284781694412,0.07860365509986877,0.028934191912412643,0.024703536182641983,0.006428681779652834,0.002038313075900078,0.0021192370913922787,0.010377048514783382,0.003660653019323945,0.026156656444072723,0.007130373269319534,0.0022234676871448755,0.13219752956081082,0.022552770012876294
409,violin_019.aiff,violin,-305.71722412109375,14.132983207702637,-11.31425952911377,14.815773010253906,-6.673890113830566,-12.84350872039795,-12.616788864135742,-3.640838861465454,-6.529062747955322,-8.623358726501465,-20.834430694580078,-10.752325057983398,-10.408143997192383,123.82615661621094,24.430910110473633,21.695825576782227,8.825342178344727,10.255924224853516,11.085803985595703,11.321358680725098,6.373414993286133,6.086066722869873,7.662280082702637,14.574604034423828,7.37186336517334,7.852799892425537,2254.1407732048524,697.7657500436387,2147.7427846978458,725.9044243800063,4474.6134253623395,1688.651673333637,0.1589949131011963,0.1343369334936142,0.1807122677564621,0.1670222133398056,0.19879212975502014,0.27698853611946106,0.15345315635204315,0.15001966059207916,0.1851063370704651,0.1648089587688446,0.1898035705089569,0.4638054072856903,0.5027570128440857,0.3950496315956116,0.27921029925346375,0.29892128705978394,0.29083120822906494,0.3690127730369568,0.26117849349975586,0.2650446891784668,0.27457934617996216,0.29841968417167664,0.2725554406642914,0.4021177589893341,0.3640029728412628,0.38189709186553955,0.1127585071035747,0.06194020380702678
410,violin_020.aiff,violin,-376.3633117675781,36.162803649902344,-12.594767570495605,15.769051551818848,-7.00968599319458,-6.848507404327393,-8.989099502563477,0.8957550525665283,-1.278626561164856,-6.003045082092285,-5.829229831695557,-1.4424784183502197,-1.0382726192474365,127.4129409790039,26.40264129638672,28.597204208374023,10.4360990524292,13.687040328979492,11.420836448669434,12.78071117401123,6.895985126495361,8.361520767211914,11.53531265258789,11.360715866088867,12.783390045166016,14.724605560302734,2497.5180927333245,819.0617711431926,2106.691839953265,847.8279859327001,4803.327072491316,1952.590415790284,0.07955179363489151,0.0903567224740982,0.39995238184928894,0.3845662772655487,0.36426541209220886,0.33032023906707764,0.3584473729133606,0.33073121309280396,0.32386401295661926,0.337492972612381,0.32656267285346985,0.3397628366947174,0.32366421818733215,0.338070273399353,0.36780500411987305,0.3618347942829132,0.372915118932724,0.34297001361846924,0.35557320713996887,0.3398311734199524,0.3417171239852905,0.3424507677555084,0.3476029634475708,0.3736010491847992,0.3535839319229126,0.3532884418964386,0.15895253226834266,0.06655927758128165
411,violin_021.aiff,violin,-333.94342041015625,46.991004943847656,-15.228304862976074,9.044828414916992,-7.517644882202148,0.43560928106307983,-0.06380251795053482,5.457702159881592,-11.637269020080566,-7.229612350463867,0.16440138220787048,2.4488980770111084,-5.383523464202881,123.69152069091797,24.52830696105957,28.684152603149414,6.137887477874756,15.3219633102417,7.716554164886475,6.295343399047852,9.542078018188477,13.456257820129395,14.347253799438477,11.835715293884277,15.9551420211792,16.14141273498535,2753.124175766676,850.7955189717329,2259.6859733924753,793.7903197229523,5312.863355381003,1845.4536780089743,0.07491669803857803,0.09052146226167679,0.30989640951156616,0.37576645612716675,0.34750303626060486,0.35867831110954285,0.3567485511302948,0.30870521068573,0.3522309958934784,0.36736029386520386,0.34918907284736633,0.2730543613433838,0.2820116877555847,0.31335094571113586,0.36184096336364746,0.4060039520263672,0.3432745933532715,0.37365424633026123,0.3789390027523041,0.31424015760421753,0.38208863139152527,0.37784290313720703,0.36691373586654663,0.3341085612773895,0.3368851840496063,0.3475117087364197,0.17606207790714562,0.088487319205236
412,violin_022.aiff,violin,-328.6496887207031,14.324248313903809,-2.841719627380371,9.704758644104004,-5.093151092529297,-9.539079666137695,-9.511930465698242,5.358788013458252,2.9030439853668213,0.8428720235824585,-4.598620414733887,-5.032565593719482,-9.030830383300781,107.6655044555664,25.03150177001953,18.284181594848633,7.250025749206543,10.035958290100098,11.510262489318848,11.198572158813477,6.722702980041504,8.347661972045898,8.219025611877441,12.619524002075195,14.173386573791504,14.14645767211914,2826.4193754572193,932.8632874130815,2299.521207639886,762.9447209512044,5464.859483995275,1842.6168601764516,0.11778128147125244,0.11881411820650101,0.28469473123550415,0.2918376624584198,0.261400043964386,0.21367909014225006,0.2913149893283844,0.30742597579956055,0.27364417910575867,0.31974539160728455,0.3503769338130951,0.31181809306144714,0.31497952342033386,0.3151237964630127,0.3397620618343353,0.3738074004650116,0.31359270215034485,0.2851804792881012,0.34727710485458374,0.33504724502563477,0.32560282945632935,0.36482781171798706,0.3788723945617676,0.34812605381011963,0.35951757431030273,0.3494247496128082,0.16095261869936994,0.08310251494517844
413,violin_023.aiff,violin,-323.40228271484375,33.52094268798828,-16.62551498413086,7.411826133728027,-2.092710494995117,-2.733748435974121,-5.2880730628967285,5.816371917724609,-3.1328365802764893,-10.885342597961426,-5.949779987335205,0.37369367480278015,-1.0940816402435303,119.1468276977539,25.935489654541016,25.88726234436035,7.383481979370117,9.42469310760498,8.600809097290039,11.394925117492676,10.465168952941895,11.086955070495605,15.680315971374512,16.428373336791992,15.139575958251953,12.915139198303223,2957.8945581268927,1037.773685496619,2234.2742583004283,796.2123519237887,5472.763782848011,1914.9838594778846,0.10757717490196228,0.11906871944665909,0.29226651787757874,0.3432946801185608,0.3173689544200897,0.32200106978416443,0.29862090945243835,0.22268874943256378,0.29432088136672974,0.24909362196922302,0.262295663356781,0.26999932527542114,0.2390267252922058,0.280588835477829,0.3646228015422821,0.4018056392669678,0.36175110936164856,0.3682144582271576,0.370929479598999,0.30476802587509155,0.38494807481765747,0.3211308717727661,0.3498570919036865,0.36754801869392395,0.32560303807258606,0.35576069355010986,0.18971058238636362,0.09305894075557213
414,violin_024.aiff,violin,-267.04364013671875,49.56829833984375,-30.985639572143555,20.601470947265625,-0.8102768063545227,-13.834670066833496,-1.1769583225250244,7.130201816558838,-21.86037826538086,8.086065292358398,-3.7834737300872803,-6.907240390777588,16.29901123046875,117.86051940917969,23.15142822265625,30.40547752380371,10.317526817321777,7.490804195404053,14.866984367370605,5.873576641082764,5.6875834465026855,16.563688278198242,9.173324584960938,9.4044771194458,10.309223175048828,13.736420631408691,3316.6966945874115,950.0662452433475,2225.033910564513,711.2748259923356,6234.947442482776,1706.9182951241542,0.13111543655395508,0.11025398969650269,0.19656117260456085,0.2196994572877884,0.21362917125225067,0.19822107255458832,0.20534555613994598,0.1980888992547989,0.2024482786655426,0.2772492468357086,0.6110590100288391,0.5743269920349121,0.22765235602855682,0.18463577330112457,0.3149413764476776,0.34731823205947876,0.33844876289367676,0.3127287030220032,0.33098721504211426,0.3219330310821533,0.32331326603889465,0.31335851550102234,0.3608858287334442,0.3964603841304779,0.30122053623199463,0.3005809187889099,0.24644285187007875,0.10089176241543861
415,violin_025.aiff,violin,-282.34912109375,43.38880920410156,-40.240516662597656,24.5692081451416,-14.894953727722168,-12.123126029968262,-18.470474243164062,-5.180348873138428,-3.793973684310913,-8.852801322937012,-12.329036712646484,-5.353753566741943,-11.345643997192383,164.3372802734375,22.369661331176758,42.27628707885742,15.31535530090332,17.531362533569336,12.789016723632812,16.85512924194336,8.067684173583984,10.408824920654297,8.610272407531738,10.278923988342285,6.780012130737305,8.465385437011719,1896.9470058816316,714.8970535838649,1805.5349269861854,759.862144657439,3719.447616649848,1761.3279413748216,0.13951846957206726,0.12118976563215256,0.19668693840503693,0.20914290845394135,0.2984045743942261,0.20897287130355835,0.12088672816753387,0.14784535765647888,0.25780189037323,0.31872639060020447,0.3587111234664917,0.36893320083618164,0.3252924382686615,0.23116333782672882,0.24956735968589783,0.2552306354045868,0.3412034809589386,0.2243635356426239,0.20915526151657104,0.20920546352863312,0.35561403632164,0.321711003780365,0.3590805232524872,0.3779716193675995,0.3720707595348358,0.2533687651157379,0.0963079837215458,0.043918409195213386
416,violin_026.aiff,violin,-365.1737060546875,36.596012115478516,-29.765575408935547,21.9540958404541,-15.842378616333008,-12.154272079467773,-13.336010932922363,-6.996137619018555,-6.667953014373779,-6.615000247955322,-11.600017547607422,-5.330016613006592,-9.642477989196777,144.44346618652344,20.258281707763672,38.6674690246582,14.702117919921875,20.477901458740234,14.966187477111816,15.407934188842773,10.310221672058105,9.028374671936035,7.460600852966309,11.226201057434082,9.316171646118164,13.221909523010254,2092.745758451203,795.5450029872483,1913.0680927663764,820.1133956101256,4162.599086501617,1916.4003870505385,0.07482103258371353,0.08194555342197418,0.34625908732414246,0.38494595885276794,0.3679788410663605,0.3000217378139496,0.2565038502216339,0.26487308740615845,0.26262912154197693,0.34029293060302734,0.2771899402141571,0.2790350019931793,0.29505184292793274,0.28203919529914856,0.3521140217781067,0.3648774027824402,0.37036266922950745,0.3597969710826874,0.3131634593009949,0.32384946942329407,0.3091171979904175,0.3703104555606842,0.312741756439209,0.3392736613750458,0.34537947177886963,0.321114182472229,0.1103996493650253,0.054501738912607255
417,violin_027.aiff,violin,-307.8758850097656,52.19851303100586,-35.2763786315918,25.51703453063965,-18.667884826660156,-7.508089065551758,-18.47484588623047,-16.068540573120117,-7.70034646987915,0.8089410662651062,8.441413879394531,13.719027519226074,-6.765239715576172,143.84278869628906,22.525096893310547,38.46736145019531,14.738187789916992,21.372962951660156,11.048196792602539,17.217111587524414,14.16080379486084,9.342427253723145,6.978346824645996,7.122824192047119,11.003164291381836,11.664816856384277,2283.2016931425665,699.4263255860137,1824.7276561072738,816.0254297082084,4346.5989368366745,1733.5201830513847,0.14259040355682373,0.12136176973581314,0.6178552508354187,0.29996949434280396,0.21868927776813507,0.1642354279756546,0.2399146556854248,0.4775165915489197,0.37193676829338074,0.3820621371269226,0.1816101372241974,0.19544187188148499,0.18008436262607574,0.2734569013118744,0.4279882311820984,0.33771446347236633,0.3146071434020996,0.27533987164497375,0.27000895142555237,0.3618564009666443,0.3471534848213196,0.42379939556121826,0.2881876826286316,0.3055184781551361,0.30001145601272583,0.29650166630744934,0.14365833210495282,0.057046536005066636
418,violin_028.aiff,violin,-308.49017333984375,34.89366149902344,-25.31768035888672,22.25484275817871,-12.638728141784668,-11.908731460571289,-9.926559448242188,-4.458164215087891,-5.951024532318115,-7.488033771514893,-12.717052459716797,-7.457576751708984,-11.56341552734375,141.42518615722656,20.61388397216797,34.65031814575195,13.346060752868652,17.177614212036133,13.505282402038574,11.48134994506836,7.805625915527344,7.564174175262451,7.8026323318481445,11.668386459350586,7.924778938293457,9.794443130493164,2147.7260036035696,744.9671571455841,1962.9818060887314,780.8378095737422,4252.945530668218,1816.2846699275938,0.12130992859601974,0.12171842902898788,0.31801414489746094,0.29778411984443665,0.35216861963272095,0.30398696660995483,0.2683824598789215,0.2664039433002472,0.2791817784309387,0.30981773138046265,0.2924010753631592,0.3462814688682556,0.3205398619174957,0.3005341589450836,0.3591855764389038,0.3233858048915863,0.3397534489631653,0.32654693722724915,0.3151565492153168,0.31029877066612244,0.32711970806121826,0.3511204421520233,0.33908650279045105,0.3525034785270691,0.34288671612739563,0.3282466530799866,0.1270188510909683,0.052894324336154104
419,violin_029.aiff,violin,-295.69952392578125,42.578277587890625,-20.741477966308594,19.46228790283203,-12.70430850982666,-11.097502708435059,-10.275957107543945,-2.5830843448638916,-3.222153902053833,-4.833502769470215,-4.403687953948975,-0.8351465463638306,-1.089402198791504,120.3129653930664,21.528257369995117,31.53268814086914,11.643045425415039,18.091182708740234,13.887856483459473,12.542855262756348,9.616116523742676,9.172048568725586,10.502840042114258,13.192407608032227,12.623333930969238,11.457710266113281,2416.4206783620825,788.1534088103755,2015.2760217889497,786.4537555173802,4525.868280307748,1793.4918609976226,0.10874561965465546,0.11811646074056625,0.43661296367645264,0.3563528060913086,0.3145357072353363,0.21538816392421722,0.26679128408432007,0.2321321666240692,0.23020802438259125,0.30851712822914124,0.23985134065151215,0.29029926657676697,0.2790757417678833,0.28259044885635376,0.43740496039390564,0.36034098267555237,0.3671315908432007,0.28109198808670044,0.3358994722366333,0.30284324288368225,0.3073018491268158,0.36137819290161133,0.2850475311279297,0.35291221737861633,0.3507193922996521,0.3244673013687134,0.13943540656135292,0.06985020356850129
420,violin_030.aiff,violin,-287.33831787109375,-3.9455373287200928,-17.857728958129883,5.335882663726807,-19.516679763793945,-17.379077911376953,-20.073575973510742,-3.3002994060516357,-12.565041542053223,-12.661208152770996,-27.502309799194336,-16.212263107299805,-10.152700424194336,139.75233459472656,22.168142318725586,18.662033081054688,7.82211971282959,14.801862716674805,13.794092178344727,17.1314754486084,5.67195463180542,10.947407722473145,9.464674949645996,17.334115982055664,10.213891983032227,8.814766883850098,2384.2081806471087,807.2906215119231,2087.7725964743126,689.2941135819367,4520.030401744982,1648.4730177834344,0.17391197383403778,0.12888950109481812,0.21938352286815643,0.12179530411958694,0.13680922985076904,0.1355641931295395,0.13260622322559357,0.09913904219865799,0.13458172976970673,0.13361597061157227,0.165724977850914,0.4353647530078888,0.42677658796310425,0.3892703950405121,0.28332167863845825,0.2585378885269165,0.259934663772583,0.21095909178256989,0.21747002005577087,0.1954553872346878,0.23343046009540558,0.257084459066391,0.2207796424627304,0.40018436312675476,0.40831637382507324,0.40717408061027527,0.12472556455291971,0.07583237265318364
421,violin_031.aiff,violin,-334.40203857421875,5.573815822601318,-19.015148162841797,4.563107490539551,-14.153282165527344,-16.713428497314453,-14.232930183410645,-1.689247965812683,-3.752835512161255,-6.414222240447998,-11.423700332641602,-3.37595796585083,-7.5410356521606445,134.88768005371094,14.635990142822266,23.52665138244629,5.66742467880249,15.726783752441406,16.480968475341797,14.629220962524414,7.055649280548096,9.073660850524902,11.476703643798828,14.329351425170898,12.167977333068848,17.283096313476562,2636.321807915767,920.2313999949586,2181.986975943475,787.7863848636225,4996.676928635352,1878.2983963030974,0.11763080954551697,0.11580008268356323,0.384122759103775,0.3402039110660553,0.2962082028388977,0.2748362720012665,0.2775254547595978,0.23311510682106018,0.2835788428783417,0.33869412541389465,0.2918626368045807,0.27254077792167664,0.23589779436588287,0.2891347110271454,0.3996802866458893,0.3738722801208496,0.3447805345058441,0.32191675901412964,0.34902504086494446,0.3005007207393646,0.3569061756134033,0.37014877796173096,0.3447510302066803,0.34065771102905273,0.2954685688018799,0.33921271562576294,0.15139623386361123,0.08022323357279267
422,violin_032.aiff,violin,-284.8318786621094,24.539894104003906,-22.571367263793945,4.556988716125488,-11.81410026550293,-9.158254623413086,-4.9325971603393555,-0.6035020351409912,-18.530664443969727,-11.151819229125977,-3.763946056365967,4.078188896179199,-10.099329948425293,159.07791137695312,26.16455078125,27.028188705444336,6.494089126586914,14.521641731262207,11.399073600769043,7.756125450134277,8.967595100402832,15.11275577545166,12.116215705871582,11.659579277038574,12.242712020874023,13.471087455749512,3069.0073483747137,1074.0476109907174,2246.3342246858974,770.2641635605767,5721.694382588575,1993.4603907263404,0.16209368407726288,0.13036254048347473,0.20235759019851685,0.2269754409790039,0.3484765589237213,0.19701576232910156,0.3083428740501404,0.21933084726333618,0.3337510824203491,0.32486748695373535,0.2091505378484726,0.18469446897506714,0.17540180683135986,0.2623702585697174,0.32403963804244995,0.3393081724643707,0.41983574628829956,0.2524280846118927,0.40148061513900757,0.2602373957633972,0.395927369594574,0.39415058493614197,0.28198450803756714,0.27315688133239746,0.28067466616630554,0.34399110078811646,0.19973929824343153,0.10409997615728775
423,violin_033.aiff,violin,-329.9173278808594,2.324802875518799,-10.698637008666992,-5.320715427398682,-10.843214988708496,-15.497664451599121,-14.069995880126953,0.33374014496803284,0.4073525369167328,-1.8252099752426147,-10.146856307983398,-7.005526065826416,-11.502609252929688,133.74920654296875,18.96924591064453,18.902511596679688,12.068333625793457,13.373612403869629,15.329507827758789,14.912736892700195,7.417943000793457,7.218273639678955,8.656341552734375,13.812621116638184,14.493021011352539,14.40278148651123,2866.8286265996417,1024.3195085689317,2348.2176257047313,766.6146383588193,5658.316102038657,1987.5252021701579,0.14238262176513672,0.13207505643367767,0.270506352186203,0.2795151174068451,0.25043174624443054,0.20482055842876434,0.24631868302822113,0.24683713912963867,0.2574973404407501,0.30209875106811523,0.2769627869129181,0.3026334345340729,0.31918591260910034,0.31718990206718445,0.36673256754875183,0.37210237979888916,0.29269540309906006,0.27574148774147034,0.3390388786792755,0.32551032304763794,0.3231499195098877,0.3592246472835541,0.34005817770957947,0.3551882803440094,0.34903690218925476,0.3572196364402771,0.1506049270900516,0.07831310747841361
424,violin_034.aiff,violin,-336.72235107421875,13.032337188720703,-21.714426040649414,-3.0536725521087646,-5.683685779571533,-10.59786605834961,-8.50669002532959,1.9091194868087769,-9.07247257232666,-11.912433624267578,-12.890986442565918,-1.7058573961257935,-2.660130739212036,125.70648193359375,16.795576095581055,27.594181060791016,10.953850746154785,10.530153274536133,13.03580093383789,11.341062545776367,8.862257957458496,11.642311096191406,12.711807250976562,17.69253921508789,12.720818519592285,12.482237815856934,3005.278795071437,1137.0184274747778,2279.1296152076848,812.3007852081043,5732.625261128767,2146.266691626799,0.12914152443408966,0.1307494044303894,0.2776370048522949,0.2848047614097595,0.3249436020851135,0.2510930001735687,0.2489597201347351,0.23047876358032227,0.22751647233963013,0.28811880946159363,0.20478418469429016,0.22840110957622528,0.21389545500278473,0.2270718365907669,0.3644891083240509,0.34599053859710693,0.41053536534309387,0.3237205445766449,0.3455938398838043,0.33366718888282776,0.3195505440235138,0.3860492706298828,0.30183055996894836,0.3473954200744629,0.3132874071598053,0.33325114846229553,0.1790160422605888,0.09361575451466567
425,violin_035.aiff,violin,-239.21482849121094,46.39811706542969,-36.30653762817383,11.30654239654541,-4.5333170890808105,-16.08574867248535,-11.452439308166504,-5.645139694213867,-17.562108993530273,2.5134336948394775,-13.195838928222656,-1.3295847177505493,7.293242931365967,164.4986572265625,28.468154907226562,38.01335525512695,8.529802322387695,12.827191352844238,16.07977294921875,11.67783260345459,7.804157257080078,13.745808601379395,7.095807075500488,15.158102989196777,14.620676040649414,12.938549995422363,3088.3472740602315,1096.0865727682717,2297.0041718623393,737.5617005612894,5840.51944508272,1946.7987062366317,0.16473990678787231,0.13968077301979065,0.2658575773239136,0.23265649378299713,0.2179946005344391,0.16570624709129333,0.1348847895860672,0.11237455159425735,0.12660787999629974,0.1861918866634369,0.2555163502693176,0.450040340423584,0.35215795040130615,0.4853670001029968,0.3491307199001312,0.3532743752002716,0.33459410071372986,0.267567902803421,0.22349844872951508,0.19992485642433167,0.2172510325908661,0.30913016200065613,0.2689147889614105,0.41446539759635925,0.35450640320777893,0.4274323880672455,0.24620453650210083,0.13530855058169855
426,violin_036.aiff,violin,-483.7419128417969,41.97350311279297,20.672786712646484,10.811681747436523,4.422621726989746,1.6738046407699585,0.2496422827243805,-0.06953877955675125,-1.2087812423706055,-2.8586926460266113,-3.987461805343628,-3.6943001747131348,-2.7038536071777344,50.88563919067383,29.382841110229492,18.24079704284668,8.878510475158691,7.454787731170654,5.598130702972412,6.080783367156982,4.409237861633301,4.511211395263672,5.464380741119385,6.620580196380615,5.735439777374268,3.8346807956695557,1915.3170199037518,1067.5198820082746,2228.2029395846735,1131.2663356329626,4534.369064471043,2694.0672805632876,0.007124548777937889,0.028916314244270325,0.30997422337532043,0.2905120253562927,0.319250226020813,0.31223025918006897,0.30463868379592896,0.3039129376411438,0.29507434368133545,0.35485440492630005,0.45763418078422546,0.4983385503292084,0.5028005242347717,0.37707075476646423,0.31230953335762024,0.3000164330005646,0.32581305503845215,0.31947198510169983,0.32422521710395813,0.3183967173099518,0.30795979499816895,0.30710914731025696,0.36713361740112305,0.33850398659706116,0.3681834936141968,0.3333147168159485,0.08021176772744648,0.054476302274724116
427,violin_037.aiff,violin,-459.0108642578125,14.356179237365723,8.618614196777344,6.499114036560059,4.160497665405273,2.647794485092163,1.5498559474945068,0.6348890066146851,-0.490805447101593,-1.8085850477218628,-2.8894193172454834,-3.2873106002807617,-3.233780860900879,31.699918746948242,18.1347713470459,9.345378875732422,5.029646873474121,5.2757182121276855,4.9925642013549805,4.860794544219971,4.65069055557251,4.727072715759277,5.63204288482666,6.600036144256592,6.444780349731445,6.181558609008789,2096.437698311447,1097.5099879775453,2357.1719224930735,1103.5409757823275,4982.249877975084,2702.8199610517245,0.0060669672675430775,0.027634603902697563,0.4585501253604889,0.4967527687549591,0.4883958399295807,0.43863844871520996,0.42130976915359497,0.4090430438518524,0.42293253540992737,0.44640523195266724,0.43872398138046265,0.44787153601646423,0.4377790093421936,0.444882869720459,0.34793275594711304,0.35298484563827515,0.34548547863960266,0.3400028645992279,0.34345337748527527,0.33255240321159363,0.33818021416664124,0.35202038288116455,0.3471495807170868,0.3601997494697571,0.3534243106842041,0.3543526530265808,0.09173749680410934,0.05567118146677334
428,violin_038.aiff,violin,-514.0206909179688,58.97041702270508,15.781978607177734,6.329531669616699,5.129592418670654,3.103135585784912,0.6678751707077026,-0.12426726520061493,-0.4222527742385864,-0.3279145658016205,-1.2630318403244019,-1.334814190864563,-1.5490233898162842,59.60318374633789,30.625438690185547,16.765661239624023,6.516970157623291,8.311309814453125,6.079174995422363,6.003095626831055,6.020678997039795,5.845378398895264,4.472486972808838,5.5439982414245605,4.483211040496826,5.047365665435791,2240.0882190860502,1131.3337490662802,2407.0326306827214,1129.431707378602,5314.395759612985,2609.720021184868,0.0031787382904440165,0.014232096262276173,0.48625242710113525,0.5116295218467712,0.4752243161201477,0.4367525279521942,0.47393056750297546,0.44327637553215027,0.45290809869766235,0.47136449813842773,0.5056776404380798,0.6159810423851013,0.5432140827178955,0.47642001509666443,0.33503440022468567,0.3458847403526306,0.3241197466850281,0.3062121570110321,0.3290165066719055,0.3157954216003418,0.3236982524394989,0.33067309856414795,0.3145331144332886,0.34722110629081726,0.33406898379325867,0.3251417279243469,0.1028092466486024,0.05345064801501542
429,violin_039.aiff,violin,-520.4845581054688,34.97263717651367,19.02338981628418,10.580324172973633,4.5440239906311035,2.051835060119629,0.8483763337135315,-0.06462623924016953,-1.7104036808013916,-3.3693044185638428,-4.730000972747803,-4.698685646057129,-3.858499050140381,49.316184997558594,24.87709617614746,15.901092529296875,8.201421737670898,7.26659631729126,5.729266166687012,6.073403358459473,5.439949035644531,5.471838474273682,6.34452486038208,8.144305229187012,8.163517951965332,7.056607246398926,1877.3657639947025,1175.0602131871476,2163.578668209946,1181.2487271333275,4392.458021566901,2901.1460689333417,0.007878418080508709,0.0268474780023098,0.3158833682537079,0.35345473885536194,0.4215104281902313,0.3691679835319519,0.34205931425094604,0.34943118691444397,0.34441447257995605,0.38373616337776184,0.3491375744342804,0.3948945105075836,0.38007980585098267,0.3316235840320587,0.34375306963920593,0.35342445969581604,0.38426557183265686,0.3431718945503235,0.3418208956718445,0.3427315354347229,0.333719402551651,0.36907267570495605,0.3387030363082886,0.378284215927124,0.3709890842437744,0.35504409670829773,0.07653031470070422,0.055617244652376795
430,violin_040.aiff,violin,-538.4071044921875,58.694244384765625,13.823197364807129,6.452353477478027,3.483607292175293,1.080527424812317,-0.005584510043263435,-0.62123703956604,-1.0368250608444214,-1.0027978420257568,-1.6416953802108765,-1.4454797506332397,-1.1136146783828735,72.14586639404297,38.96001434326172,15.891823768615723,6.294979095458984,9.975180625915527,7.532883167266846,7.0848612785339355,7.283042907714844,6.772349834442139,5.724624156951904,6.600593090057373,5.35638427734375,4.916895389556885,1967.099136197303,1281.07338418574,2143.8221269797946,1290.8256018675647,4663.225427088147,2971.8527872444233,0.00426061637699604,0.018008096143603325,0.36765867471694946,0.3842744529247284,0.3645961880683899,0.34745702147483826,0.3644314110279083,0.3479711711406708,0.3787354826927185,0.5412819981575012,0.39852601289749146,0.4029137194156647,0.3946622312068939,0.37236446142196655,0.3465985953807831,0.3595263659954071,0.33916252851486206,0.3356921672821045,0.3472529649734497,0.3394239842891693,0.31354060769081116,0.3928113579750061,0.3100474178791046,0.3543185889720917,0.35693415999412537,0.34841635823249817,0.08400844308379544,0.05823632945476669
431,violin_041.aiff,violin,-523.96337890625,45.18185043334961,18.264780044555664,7.368875980377197,2.6958773136138916,1.416135311126709,-0.06415702402591705,-0.4173257648944855,-0.7789960503578186,-0.8973480463027954,-1.3562127351760864,-1.2201899290084839,-1.1767759323120117,63.65459060668945,30.90864372253418,18.61565589904785,7.138949871063232,8.514335632324219,7.937615394592285,7.938471794128418,6.2816972732543945,7.185308456420898,6.5816650390625,6.782083988189697,6.079687118530273,6.515419960021973,1958.9237050696145,1250.2709806573516,2142.8567676400457,1270.698954038793,4603.577518181482,2946.1111268559266,0.00489046098664403,0.019185181707143784,0.39243921637535095,0.4127376675605774,0.41383692622184753,0.36643674969673157,0.36317941546440125,0.3542626202106476,0.37496617436408997,0.49032241106033325,0.38871943950653076,0.38130342960357666,0.38157200813293457,0.36357367038726807,0.3663555085659027,0.3704585134983063,0.36666038632392883,0.3372794985771179,0.3454049229621887,0.34454548358917236,0.3264196217060089,0.377942830324173,0.32349494099617004,0.3540717363357544,0.36173638701438904,0.347309410572052,0.08344129549985234,0.05560983575595664
432,violin_042.aiff,violin,-561.4956665039062,52.9752197265625,11.983179092407227,4.322793483734131,4.0176167488098145,3.131197452545166,2.155410051345825,1.4558993577957153,-0.14445911347866058,-0.6862831711769104,-1.4856071472167969,-1.879930853843689,-2.391317129135132,72.79637145996094,37.2986946105957,21.191162109375,7.693374156951904,9.214882850646973,5.344464302062988,4.345348358154297,5.17030143737793,5.139502048492432,5.108401298522949,6.778199195861816,6.423174858093262,5.727848529815674,1938.480195870274,1298.3656252445942,2083.6332270741264,1333.7791286719719,4583.855365230711,3030.078779460766,0.0026212355587631464,0.012013478204607964,0.40133196115493774,0.4463057219982147,0.47477495670318604,0.40481919050216675,0.39497363567352295,0.3819034695625305,0.3971315324306488,0.474825382232666,0.39770224690437317,0.39899760484695435,0.4120253920555115,0.4067193567752838,0.34233781695365906,0.362397700548172,0.3667358458042145,0.33410656452178955,0.34724879264831543,0.3332280218601227,0.32503536343574524,0.3742479383945465,0.3240061104297638,0.3325009047985077,0.35657617449760437,0.34281978011131287,0.0855550282891651,0.05817602900142892
433,violin_043.aiff,violin,-538.5762329101562,55.015380859375,18.483522415161133,6.212886333465576,3.052236795425415,1.8903225660324097,0.13605749607086182,1.3370870351791382,1.440985083580017,0.7267158031463623,-0.8581582903862,-2.2721002101898193,-3.5844199657440186,62.77490997314453,30.615694046020508,16.344051361083984,7.123536109924316,8.89960765838623,8.356063842773438,8.265365600585938,5.780587673187256,5.979927062988281,5.679595947265625,6.634876251220703,7.891245365142822,9.232392311096191,2109.6749068586128,1115.789489764881,2305.676702575619,1168.8832819587433,4966.552979948135,2733.629213325309,0.004814126528799534,0.018495019525289536,0.4355872869491577,0.46596235036849976,0.45170825719833374,0.3945392966270447,0.37700363993644714,0.3916390538215637,0.41602495312690735,0.48505130410194397,0.46415066719055176,0.48369646072387695,0.4901702105998993,0.4461967647075653,0.3494395911693573,0.36172226071357727,0.34664469957351685,0.3232349455356598,0.30830445885658264,0.31793078780174255,0.3144106864929199,0.3426201641559601,0.32904401421546936,0.3519808351993561,0.36180925369262695,0.3479565382003784,0.09485016764459346,0.05507222198560897
434,violin_044.aiff,violin,-551.9148559570312,45.83079528808594,18.802053451538086,6.774486064910889,3.944840908050537,3.8883025646209717,2.3870656490325928,0.6858257055282593,-0.7251160740852356,-0.7719165086746216,-1.79298734664917,-2.536837100982666,-2.6665902137756348,54.801456451416016,26.745071411132812,18.49211883544922,8.357396125793457,7.259449005126953,5.175477027893066,4.258638381958008,5.010812759399414,5.347963333129883,5.273099422454834,5.701539039611816,5.639025688171387,5.808690071105957,2197.9640043311,1175.3148078772786,2358.2512183904096,1183.0381850990007,5210.2773006730995,2717.701577800562,0.0019414076814427972,0.009925571270287037,0.4612143635749817,0.5015475749969482,0.5127857327461243,0.4439854323863983,0.42568865418434143,0.4137636721134186,0.4504486918449402,0.53631991147995,0.46465468406677246,0.5163047909736633,0.49281200766563416,0.46613049507141113,0.3356463611125946,0.34940996766090393,0.340912401676178,0.3232109248638153,0.31822851300239563,0.3105504810810089,0.3109528422355652,0.3502963185310364,0.3047015070915222,0.3296634256839752,0.3292334973812103,0.3365658223628998,0.10127745923275458,0.054683105183954146
435,violin_045.aiff,violin,-556.9039916992188,64.41861724853516,7.312350749969482,9.080347061157227,3.930598258972168,2.3852651119232178,0.09288416057825089,1.317307472229004,-0.3302803933620453,-1.1235079765319824,-3.3573834896087646,-2.289046049118042,-3.3887546062469482,87.77884674072266,38.19825744628906,18.3765926361084,8.235746383666992,7.438997745513916,7.069868087768555,6.054757595062256,4.939461708068848,4.540050983428955,6.207037925720215,6.664599895477295,5.182810306549072,6.641334056854248,2110.9014100164195,1170.271488649735,2252.8370292977197,1218.6068976318006,4941.96997605528,2772.323899237291,0.0031903618946671486,0.014576532877981663,0.4102698862552643,0.4642656147480011,0.4736902415752411,0.38944047689437866,0.36152079701423645,0.366104394197464,0.4359007775783539,0.5452816486358643,0.44161343574523926,0.5268570780754089,0.467290461063385,0.40267282724380493,0.32025882601737976,0.33963605761528015,0.3397725522518158,0.31630030274391174,0.3112754225730896,0.31408941745758057,0.3117595911026001,0.3651876747608185,0.3104243278503418,0.3532297611236572,0.34540286660194397,0.3206652104854584,0.09648659820299325,0.05686255582646705
436,violin_046.aiff,violin,-464.42962646484375,42.26716995239258,23.483745574951172,12.278725624084473,4.627175807952881,1.5765312910079956,0.004237710498273373,-0.6627991795539856,-1.3402291536331177,-2.897623062133789,-4.415338516235352,-4.535715579986572,-4.204943656921387,51.0275764465332,32.337547302246094,17.06948471069336,8.438273429870605,7.946051120758057,5.911794185638428,5.710724830627441,5.486266136169434,5.351889610290527,6.38809871673584,7.585705757141113,6.527274131774902,5.904196262359619,1853.2700212798036,1135.8348866829447,2191.0674112354745,1129.9250995219052,4336.462953629032,2844.7219097783673,0.01582326553761959,0.0479983426630497,0.2863406538963318,0.29004573822021484,0.2955116629600525,0.27602314949035645,0.2706511616706848,0.2856941223144531,0.3242014944553375,0.4365233778953552,0.4237208664417267,0.48870977759361267,0.47416970133781433,0.331784725189209,0.3406144380569458,0.34102147817611694,0.3436371982097626,0.3252485394477844,0.32196885347366333,0.32989388704299927,0.3221784234046936,0.37935885787010193,0.3315171003341675,0.372568279504776,0.38953113555908203,0.3478263020515442,0.0741751722110215,0.055262171302453214
437,violin_047.aiff,violin,-475.1277160644531,22.230989456176758,13.564769744873047,9.850122451782227,5.791380882263184,3.404360294342041,1.7471431493759155,0.539982795715332,-0.6054718494415283,-1.8829386234283447,-2.8876707553863525,-3.3026866912841797,-3.3641204833984375,39.42637252807617,21.197669982910156,12.380217552185059,7.2146406173706055,7.356166362762451,6.256809711456299,5.68881893157959,5.993050575256348,6.150050640106201,6.24347448348999,6.636972904205322,6.253109455108643,6.223410129547119,1989.8526012411776,1114.6601927699323,2282.2531345537386,1130.1430627121028,4719.159421932468,2745.7879310222042,0.00763294892385602,0.03061242401599884,0.45258358120918274,0.4591224491596222,0.42257094383239746,0.36415019631385803,0.36172178387641907,0.3571588099002838,0.36799004673957825,0.39420682191848755,0.38474857807159424,0.43774235248565674,0.42380183935165405,0.4223173260688782,0.3647279739379883,0.36282989382743835,0.3470717668533325,0.3218252956867218,0.3255862593650818,0.3201567530632019,0.32596468925476074,0.3496692478656769,0.33164942264556885,0.3670307695865631,0.3514566719532013,0.35995548963546753,0.08216015465365754,0.05419572435346658
438,violin_048.aiff,violin,-544.1787109375,23.592044830322266,12.61741828918457,8.93954849243164,4.744156837463379,2.465848922729492,0.5681391954421997,-0.3812003433704376,-0.8527615666389465,-1.126362681388855,-1.4070777893066406,-1.326990008354187,-1.493562936782837,50.652870178222656,22.369775772094727,13.552313804626465,8.009491920471191,9.042187690734863,7.0962395668029785,7.503461837768555,6.7956085205078125,6.368005752563477,5.359546184539795,5.225696563720703,4.8907389640808105,4.895790100097656,2130.5974414105776,1102.849512326598,2341.8322198729775,1154.843701660905,5078.942536348834,2688.3260372503196,0.0028481166809797287,0.015226559713482857,0.4276655614376068,0.46345266699790955,0.4449389576911926,0.3995538353919983,0.4264305531978607,0.37952709197998047,0.38909223675727844,0.4024287760257721,0.4399755895137787,0.5649297833442688,0.4768597185611725,0.41673368215560913,0.3461414873600006,0.35581809282302856,0.3397009074687958,0.310234934091568,0.34309422969818115,0.3125969469547272,0.32377341389656067,0.32919842004776,0.3141223192214966,0.36773088574409485,0.3420656621456146,0.331071674823761,0.09332985793723339,0.055306984877250845
439,violin_049.aiff,violin,-522.9869384765625,33.27999496459961,17.75906753540039,9.775463104248047,4.5687456130981445,2.272263526916504,1.2328248023986816,-0.1953684538602829,-1.677811861038208,-3.0000832080841064,-3.5971062183380127,-3.5485548973083496,-3.2389750480651855,46.16736602783203,26.888973236083984,14.971160888671875,7.614843845367432,7.314525604248047,6.405907154083252,5.069721698760986,6.021581649780273,6.217643737792969,6.406121253967285,6.42186975479126,6.010101795196533,5.487676620483398,2041.6705511859623,1135.7843029655974,2312.389090884278,1108.486972429206,4788.922433704554,2816.461964269365,0.00816724356263876,0.026833638548851013,0.3960479497909546,0.46606841683387756,0.47719138860702515,0.43960246443748474,0.44189101457595825,0.4300589859485626,0.4481812119483948,0.4355410635471344,0.3952680230140686,0.3885180652141571,0.3949475586414337,0.38864564895629883,0.3517775535583496,0.3689032793045044,0.35360875725746155,0.34766513109207153,0.35477179288864136,0.34358954429626465,0.35676896572113037,0.36156702041625977,0.34711548686027527,0.3477460741996765,0.35440608859062195,0.3559513986110687,0.09358281780613265,0.062085899849758805
440,violin_050.aiff,violin,-516.0559692382812,19.20488929748535,11.837379455566406,8.722949981689453,5.111532688140869,2.7703421115875244,1.065079689025879,-0.335256963968277,-1.345977544784546,-1.6483224630355835,-1.336539387702942,-0.6903935670852661,-0.16113154590129852,43.74333190917969,18.6276798248291,11.825779914855957,5.920889377593994,7.740963935852051,7.097090721130371,6.804114818572998,7.211009502410889,7.704557418823242,6.612831115722656,5.108214855194092,3.9435536861419678,4.400030136108398,2221.105162403443,1001.2576187093293,2472.671088149407,1056.4257154411937,5324.4303174176675,2510.2589419189667,0.004098270554095507,0.02186611481010914,0.5277552604675293,0.5440413355827332,0.5144042372703552,0.46985214948654175,0.43954232335090637,0.428641676902771,0.44590941071510315,0.5223895907402039,0.4804762303829193,0.5057133436203003,0.5416646003723145,0.5378080010414124,0.33170610666275024,0.3438248634338379,0.32522737979888916,0.3226185441017151,0.3173218071460724,0.3136523365974426,0.3078020215034485,0.3337397277355194,0.3117443919181824,0.3331838548183441,0.3399823307991028,0.33220091462135315,0.09980646191596367,0.0496918630758726
441,violin_051.aiff,violin,-547.2774658203125,37.14983367919922,16.060344696044922,6.202212333679199,0.846017599105835,0.1518644392490387,0.8366420865058899,0.04184062033891678,-1.0880022048950195,-2.2083404064178467,-3.511903762817383,-3.475954294204712,-2.2887935638427734,66.35899353027344,28.920406341552734,19.430225372314453,11.250347137451172,10.244565963745117,6.886981010437012,4.2301130294799805,5.035952091217041,4.923521518707275,5.6293559074401855,8.159290313720703,7.577229022979736,5.950601577758789,2017.8218097726426,1106.0709697443476,2248.1105988118516,1183.2963690742795,4774.014907285392,2735.7029716671595,0.004804154392331839,0.023504603654146194,0.39938849210739136,0.42295554280281067,0.41808661818504333,0.357450395822525,0.3226168751716614,0.3276066482067108,0.37599965929985046,0.5748029947280884,0.4472046196460724,0.42523831129074097,0.4496368169784546,0.45803579688072205,0.3321453928947449,0.35331347584724426,0.35058531165122986,0.32095783948898315,0.3006249666213989,0.30511024594306946,0.29299652576446533,0.377456933259964,0.30972957611083984,0.35313308238983154,0.3650370240211487,0.353140652179718,0.08908289407630522,0.054351692550209246
442,violin_052.aiff,violin,-527.2238159179688,32.3563346862793,13.15977668762207,8.112500190734863,3.2227516174316406,0.1318393498659134,-1.567071557044983,-3.2705154418945312,-4.813723087310791,-4.498698711395264,-4.773140907287598,-4.5910539627075195,-3.0989153385162354,66.54210662841797,27.815879821777344,16.686233520507812,7.657598495483398,8.997773170471191,8.68071460723877,7.368546485900879,7.911067008972168,9.761466026306152,7.78900146484375,8.771454811096191,7.87500524520874,6.016953945159912,1878.2823276097827,1102.3039329572846,2113.1022406985117,1156.0372468887342,4285.275650024414,2830.882842756064,0.01133825071156025,0.03715931996703148,0.3272787034511566,0.3334943354129791,0.3174228370189667,0.30721691250801086,0.3190147876739502,0.3042871057987213,0.30449971556663513,0.31238648295402527,0.3591596484184265,0.6260083913803101,0.5399883389472961,0.34544989466667175,0.3552159368991852,0.36066901683807373,0.34509941935539246,0.33692488074302673,0.3373173177242279,0.33563128113746643,0.3411324918270111,0.34784314036369324,0.32251447439193726,0.3598691523075104,0.37247762084007263,0.3409123718738556,0.08209882463727679,0.05344593723455264
443,violin_053.aiff,violin,-520.8616943359375,25.12412452697754,12.315234184265137,8.598892211914062,3.9456026554107666,1.5376756191253662,-0.4046320617198944,-1.5844734907150269,-1.874215006828308,-1.4703024625778198,-0.9386531114578247,-0.3845524787902832,0.13181531429290771,58.92593002319336,21.444774627685547,15.734201431274414,7.214463710784912,9.777190208435059,7.165580749511719,7.630483627319336,8.145048141479492,7.535197734832764,5.9514288902282715,4.631749629974365,5.011470317840576,7.126255035400391,2055.7323716183314,1135.8966588038486,2234.489157433698,1195.6729185543754,4812.403122800329,2801.7499078732635,0.0067947544157505035,0.02790633589029312,0.43781381845474243,0.4741148054599762,0.5109449028968811,0.4436766803264618,0.39718368649482727,0.3911947011947632,0.3897124230861664,0.4227498471736908,0.39647606015205383,0.3938780426979065,0.417134165763855,0.42473283410072327,0.34847986698150635,0.3568490147590637,0.3714004158973694,0.3467641770839691,0.33626651763916016,0.3387922942638397,0.33559197187423706,0.3446495831012726,0.33889535069465637,0.34460556507110596,0.3610323667526245,0.3532581031322479,0.09377222584760676,0.05579415076618727
444,violin_054.aiff,violin,-488.34918212890625,9.026376724243164,3.3040993213653564,2.6216511726379395,1.3409733772277832,1.4917093515396118,1.0356550216674805,0.22672106325626373,-0.802383542060852,-1.4744338989257812,-2.182818651199341,-2.2347679138183594,-1.6173195838928223,47.338096618652344,14.214795112609863,11.853442192077637,5.891168117523193,7.975423812866211,3.4802587032318115,3.622765302658081,3.789371967315674,5.5717082023620605,5.596325874328613,6.567989826202393,6.524074077606201,4.715371608734131,2059.990433016427,1134.3287451773292,2276.8254553447637,1171.1430327064056,4862.216822549444,2679.0952417951216,0.003300284268334508,0.020223693922162056,0.404001384973526,0.462810754776001,0.5822203159332275,0.4217449724674225,0.34784001111984253,0.3334644138813019,0.355178564786911,0.4367328882217407,0.3863805830478668,0.40456724166870117,0.432600736618042,0.43738019466400146,0.3386998474597931,0.33293616771698,0.37604495882987976,0.3023298382759094,0.32038646936416626,0.3093011975288391,0.3001091778278351,0.32162946462631226,0.30312380194664,0.3386123478412628,0.35843589901924133,0.35712525248527527,0.08859527179433556,0.053500440414396534
445,violin_055.aiff,violin,-583.3706665039062,25.58275604248047,15.141194343566895,9.745626449584961,4.643612384796143,2.0382308959960938,0.6748915314674377,0.021591633558273315,-0.2179909348487854,1.1393816471099854,1.2639776468276978,-0.022052522748708725,-1.5937659740447998,60.23799514770508,15.766802787780762,12.214665412902832,7.134062767028809,8.085305213928223,7.05591344833374,6.662446022033691,5.827859401702881,6.427384376525879,4.513263702392578,6.0896453857421875,6.292143821716309,5.846292495727539,2257.702229069986,1071.1487354515612,2419.3691930683462,1124.0439938602656,5320.650977157965,2648.1319643554853,0.003178639803081751,0.015034112147986889,0.4702480733394623,0.4783228933811188,0.47918984293937683,0.4743226170539856,0.5284179449081421,0.5088433027267456,0.4882405698299408,0.5034295916557312,0.48705506324768066,0.4898145794868469,0.494115948677063,0.47823813557624817,0.3413713872432709,0.3473319411277771,0.3450397551059723,0.3241727352142334,0.3328108787536621,0.3259979784488678,0.32644447684288025,0.33950474858283997,0.340930700302124,0.347866028547287,0.35688936710357666,0.34416839480400085,0.10613626619664634,0.053719886351584784
446,violin_056.aiff,violin,-536.0432739257812,6.822802543640137,3.1736836433410645,3.2826952934265137,2.0311837196350098,2.179072380065918,2.1349568367004395,1.8923894166946411,0.5836193561553955,-0.21821199357509613,-0.7164344787597656,-0.5240176320075989,-0.1533493548631668,50.45398712158203,8.908754348754883,9.794944763183594,4.449237823486328,8.184944152832031,5.629499912261963,4.296490669250488,3.84460711479187,6.120046138763428,6.258049488067627,6.362443447113037,4.753905296325684,3.3381292819976807,2288.5001376367054,1100.6879015351117,2434.0721153806217,1143.8015219089518,5423.064941821102,2622.3698281047127,0.003084014868363738,0.018517162650823593,0.5455842614173889,0.5451579093933105,0.5339273810386658,0.4993709921836853,0.486102432012558,0.4804241955280304,0.47092387080192566,0.48806458711624146,0.4912644028663635,0.5251136422157288,0.5451564788818359,0.5600113272666931,0.33506470918655396,0.3366795480251312,0.33422306180000305,0.32329198718070984,0.3196815550327301,0.32083678245544434,0.3188437521457672,0.32551777362823486,0.3162858784198761,0.3248257339000702,0.3291224539279938,0.3432827293872833,0.10693442345475786,0.05370197027657456
447,violin_057.aiff,violin,-661.8178100585938,52.98007583618164,14.754607200622559,6.544229507446289,5.669179439544678,3.753096103668213,1.2621480226516724,0.4459819495677948,-0.57194983959198,-1.135697841644287,-1.0193554162979126,-0.9929193258285522,-0.9181362986564636,75.1734619140625,29.706260681152344,17.260759353637695,5.16862154006958,7.747925281524658,5.517635822296143,6.345878601074219,4.850280284881592,5.006870269775391,6.0255208015441895,5.22094202041626,4.864795684814453,4.297499656677246,2261.789912328278,1202.7737111808226,2369.377385644352,1206.74899755805,5334.5299650493425,2752.3453422545736,0.001296267844736576,0.007683487609028816,0.5358579754829407,0.528281569480896,0.5114137530326843,0.49429625272750854,0.4706519544124603,0.46699026226997375,0.46896153688430786,0.47597530484199524,0.47573748230934143,0.5098891258239746,0.5642459988594055,0.5572279095649719,0.3302030861377716,0.3316843509674072,0.32251858711242676,0.3212487995624542,0.31540268659591675,0.3176775872707367,0.31382957100868225,0.3166939318180084,0.3106609284877777,0.3201485276222229,0.34297245740890503,0.33796846866607666,0.10656230419799499,0.05839838661732253
448,violin_058.aiff,violin,-216.00425720214844,99.20303344726562,-20.705913543701172,19.93885040283203,-33.64883804321289,-24.549575805664062,-8.748156547546387,-4.463459014892578,-28.143465042114258,-12.49347972869873,-16.18714141845703,-21.348068237304688,-4.853334426879883,142.46160888671875,10.423661231994629,11.865734100341797,7.01668643951416,21.932777404785156,8.152624130249023,9.88279914855957,3.465662956237793,6.3795390129089355,10.004999160766602,5.769496440887451,3.413872718811035,4.372666835784912,2233.1765320462914,330.5657216406505,2267.5325774962707,86.81863138299823,4313.818359375,695.9997017259616,0.08375852555036545,0.04551462084054947,0.3548983037471771,0.4333626329898834,0.37985050678253174,0.2842836081981659,0.23126931488513947,0.20622873306274414,0.19316606223583221,0.252498060464859,0.5265302658081055,0.9309646487236023,0.6791203022003174,0.4357037842273712,0.2069508135318756,0.2834444046020508,0.23877178132534027,0.18258948624134064,0.14236599206924438,0.17021864652633667,0.1629994958639145,0.1903400719165802,0.11125283688306808,0.10671642422676086,0.3833215534687042,0.2822856903076172,0.07145182291666667,0.019757130254561894
449,violin_059.aiff,violin,-506.3746643066406,15.480623245239258,6.824408531188965,4.3760786056518555,2.2063369750976562,0.6261481642723083,-0.4891580641269684,-1.4729530811309814,-2.0750958919525146,-2.627640724182129,-2.9719645977020264,-2.5810723304748535,-1.7237522602081299,53.054481506347656,24.99101448059082,13.048182487487793,6.086207866668701,6.1042962074279785,6.399621486663818,6.781899929046631,7.471836090087891,6.8743486404418945,6.916720867156982,7.128298759460449,6.038478374481201,4.1614274978637695,1880.7430556297245,1065.7118133670147,2206.2304559507643,1080.3436831290066,4338.444272933468,2680.472618848514,0.008307963609695435,0.03426344692707062,0.3789594769477844,0.3758704364299774,0.34263622760772705,0.301036536693573,0.28166088461875916,0.28024721145629883,0.3122749328613281,0.47638294100761414,0.5041499137878418,0.48374342918395996,0.4193991422653198,0.3788071870803833,0.37976622581481934,0.3755100965499878,0.332741916179657,0.3063840866088867,0.3114524781703949,0.31847065687179565,0.3014869689941406,0.3598398268222809,0.3320966958999634,0.3709058463573456,0.3558342158794403,0.36551475524902344,0.07635323660714285,0.05513595787701704
450,violin_060.aiff,violin,-500.3708190917969,5.993862628936768,1.4348334074020386,0.7862367630004883,-0.2919563055038452,-0.8127825856208801,-1.2899479866027832,-1.6132707595825195,-1.9416725635528564,-2.0018272399902344,-2.053237199783325,-1.8332973718643188,-1.2813034057617188,41.90303039550781,17.23246192932129,7.897080898284912,3.1754932403564453,4.995124340057373,4.918818950653076,5.572303771972656,5.894042491912842,6.340590476989746,5.88102912902832,6.091346740722656,5.318526744842529,3.965611457824707,1988.4256680183473,1112.6616132648326,2238.4885902628234,1143.5406447455482,4648.327949719552,2749.493434778093,0.004828325938433409,0.024255769327282906,0.4932485818862915,0.4882175922393799,0.46567651629447937,0.40843677520751953,0.38171204924583435,0.37525615096092224,0.3675343990325928,0.38914039731025696,0.385663241147995,0.4071875512599945,0.4387807548046112,0.47498437762260437,0.36797478795051575,0.3605976104736328,0.3503344655036926,0.3328181803226471,0.33256909251213074,0.3364447355270386,0.32403916120529175,0.34354960918426514,0.33398473262786865,0.34319907426834106,0.3551962673664093,0.365057110786438,0.08685245599308099,0.0561031129018767
451,violin_061.aiff,violin,-572.9541625976562,12.510422706604004,4.362337589263916,3.8373477458953857,1.6996350288391113,1.566016435623169,0.7133534550666809,0.03868892416357994,-0.4243817925453186,-0.32728496193885803,0.16445867717266083,0.544459342956543,0.6754044890403748,59.7628059387207,23.061336517333984,13.909024238586426,6.505857467651367,11.191478729248047,7.0892252922058105,7.2945966720581055,6.80716609954834,6.7291998863220215,5.839296817779541,4.33052396774292,3.605670690536499,3.8706369400024414,2120.5659925130794,1141.2922597276465,2313.5731256448125,1205.0110426933873,5057.560084292763,2779.066955581309,0.0032952886540442705,0.018919259309768677,0.5327022671699524,0.5445170402526855,0.5144889950752258,0.4795737862586975,0.4274373948574066,0.4158533811569214,0.4056461751461029,0.4049799144268036,0.4282384514808655,0.48660555481910706,0.5461090207099915,0.525858461856842,0.3508448600769043,0.3490554690361023,0.3287495970726013,0.330879271030426,0.3136488199234009,0.320989191532135,0.31052327156066895,0.30881384015083313,0.31499484181404114,0.3349919021129608,0.3631231486797333,0.3454846143722534,0.10484066611842105,0.06139598956809263
452,violin_062.aiff,violin,-509.7685852050781,11.349367141723633,3.6765694618225098,2.171138286590576,0.601420521736145,-0.46020931005477905,-1.1840506792068481,-1.9015957117080688,-2.8164918422698975,-3.481294631958008,-3.8340818881988525,-3.7767174243927,-3.12138032913208,52.54953384399414,19.79623031616211,11.486503601074219,4.338170051574707,5.144841194152832,5.949313640594482,6.252312660217285,6.297463893890381,6.869515419006348,6.910029888153076,7.069038391113281,6.9509596824646,5.8324384689331055,1905.2397030894197,1198.9857638424662,2156.9105709728087,1171.729286642062,4384.061983830943,2936.4772291356603,0.007023134734481573,0.02708989568054676,0.33084431290626526,0.36153608560562134,0.4395844638347626,0.41144344210624695,0.3774258494377136,0.35700350999832153,0.3468775749206543,0.36775895953178406,0.34362995624542236,0.3442583978176117,0.3734073340892792,0.35717374086380005,0.34796273708343506,0.351809024810791,0.37841108441352844,0.3536457121372223,0.3513917624950409,0.3399747312068939,0.3351376950740814,0.34928733110427856,0.3423948287963867,0.35445502400398254,0.3851526975631714,0.37086012959480286,0.08826564261335171,0.06442971745387738
453,violin_063.aiff,violin,-523.89794921875,6.256825923919678,0.028964100405573845,0.03164864704012871,-0.9608612060546875,-1.2757710218429565,-1.6752989292144775,-1.6935096979141235,-1.5719287395477295,-1.2773385047912598,-0.8782891035079956,-0.39603546261787415,0.39866748452186584,51.538002014160156,17.329235076904297,9.874552726745605,3.697218656539917,6.8716535568237305,6.090395450592041,7.36887264251709,7.227416038513184,7.0165252685546875,6.027359962463379,5.712460041046143,5.856253147125244,5.185598373413086,2089.64419820989,1221.4514030872115,2217.4837477562382,1234.4863137772552,4836.263799252717,2917.201334076841,0.004635618533939123,0.024058951064944267,0.46548154950141907,0.4634663164615631,0.4508529305458069,0.4169560670852661,0.39339110255241394,0.37614715099334717,0.37632840871810913,0.401439905166626,0.40984824299812317,0.4347403943538666,0.4851682782173157,0.49433428049087524,0.34800368547439575,0.35912302136421204,0.36371564865112305,0.34428727626800537,0.33380740880966187,0.3247477412223816,0.3259001672267914,0.33856937289237976,0.3394717574119568,0.3441464602947235,0.36706361174583435,0.3665560483932495,0.10562559942455244,0.0652751123340845
454,violin_064.aiff,violin,-577.3456420898438,10.834575653076172,2.3011326789855957,2.125279426574707,0.9104605913162231,1.5276275873184204,1.5191764831542969,1.2373847961425781,-0.0761106014251709,-1.5868335962295532,-2.054844856262207,-0.8674282431602478,0.4146849811077118,69.10784912109375,19.17720603942871,14.625365257263184,8.156637191772461,10.754941940307617,5.882527828216553,5.942110061645508,4.971449375152588,5.222125053405762,8.307059288024902,9.154047012329102,5.489772796630859,3.4497995376586914,2105.840829436023,1201.8427426000378,2240.5131648462666,1257.1956663774438,4944.334760918675,2910.081508887768,0.004435837734490633,0.02195006050169468,0.5015633702278137,0.50201416015625,0.4652059078216553,0.43118903040885925,0.4070039689540863,0.4064411520957947,0.39659440517425537,0.4052630066871643,0.4367833435535431,0.49862775206565857,0.5025705695152283,0.4934435188770294,0.3591333031654358,0.36181560158729553,0.35318148136138916,0.34617945551872253,0.3276154100894928,0.3338388502597809,0.3289473354816437,0.3327198028564453,0.34106194972991943,0.3576456308364868,0.3477548062801361,0.35443374514579773,0.10502753200301204,0.06250584959321696
455,violin_065.aiff,violin,-512.3580322265625,11.131484985351562,0.19782184064388275,-0.39036890864372253,-2.096083402633667,-2.625899076461792,-2.884962320327759,-3.173184871673584,-3.4263651371002197,-3.219542980194092,-4.375921249389648,-4.94666862487793,-3.0135793685913086,58.6468391418457,22.33841323852539,11.201156616210938,4.381688117980957,7.254720687866211,6.6781907081604,6.458280563354492,6.790428638458252,7.70965051651001,6.168700695037842,9.265212059020996,11.461849212646484,8.177430152893066,1818.6807218077433,1143.2895124286176,2063.0680780366647,1206.680737172939,4160.330670270477,2917.6388672998805,0.01120926532894373,0.04237553849816322,0.3006714880466461,0.2971143126487732,0.27646932005882263,0.25868406891822815,0.26304468512535095,0.24666520953178406,0.2366356998682022,0.2537508010864258,0.33976876735687256,0.6443784832954407,0.5419965386390686,0.324859082698822,0.3612636625766754,0.3612513542175293,0.33705687522888184,0.3161707818508148,0.3209731876850128,0.2967768609523773,0.2894527018070221,0.3063066303730011,0.3103589117527008,0.36588746309280396,0.3879605829715729,0.35408779978752136,0.08303288317542787,0.06135019038110881
456,violin_066.aiff,violin,-562.1475830078125,11.076563835144043,2.2212166786193848,1.8636587858200073,0.19548022747039795,-0.4101339280605316,-0.9603365659713745,-1.5375189781188965,-1.7146333456039429,-1.3532758951187134,-1.0772393941879272,-0.2420339435338974,0.7840611338615417,66.71431732177734,19.427988052368164,11.10816764831543,4.483463764190674,7.591108798980713,7.089056968688965,7.270922660827637,8.497138023376465,9.009098052978516,8.417274475097656,8.572912216186523,7.320711135864258,7.32909631729126,1944.2769316404408,1269.720967942044,2089.295858562414,1276.9486860476945,4475.304723668982,3010.874856550917,0.005447346717119217,0.024176467210054398,0.4486931264400482,0.4154444634914398,0.39805740118026733,0.36507782340049744,0.3502659797668457,0.340751051902771,0.3519473075866699,0.3630765676498413,0.37358349561691284,0.38867127895355225,0.40002739429473877,0.44079557061195374,0.37774744629859924,0.3636172115802765,0.3639209270477295,0.3440783619880676,0.34134334325790405,0.3347274959087372,0.34117910265922546,0.3449842035770416,0.35427677631378174,0.3640785813331604,0.36963123083114624,0.3751186430454254,0.09237931042401529,0.06302650782578428
457,violin_067.aiff,violin,-577.820068359375,10.38406753540039,2.3147318363189697,2.3693745136260986,0.7601602077484131,1.690637230873108,1.4114587306976318,0.40764251351356506,-0.5206612944602966,-0.7355180382728577,-0.8120296001434326,-0.6144910454750061,-0.42100968956947327,71.3879165649414,17.609487533569336,13.629610061645508,6.198432445526123,10.987421035766602,6.311045169830322,5.4443864822387695,7.260683059692383,8.686680793762207,7.4115729331970215,7.2502055168151855,5.73063325881958,3.327317714691162,1996.148962512239,1274.714625855648,2101.0486911943044,1325.6370549633239,4648.970009624094,3030.0196149666745,0.003496368182823062,0.01770651526749134,0.4608604907989502,0.45613062381744385,0.43807876110076904,0.4209911823272705,0.40277278423309326,0.4038276970386505,0.41739338636398315,0.43773961067199707,0.421916127204895,0.4387657642364502,0.4622596800327301,0.4547717571258545,0.3614746630191803,0.360271692276001,0.3513270616531372,0.34177911281585693,0.3325331509113312,0.33839383721351624,0.3459102213382721,0.36071914434432983,0.3416339159011841,0.3478247821331024,0.3629666268825531,0.3523346483707428,0.09943128208031402,0.06608495545625483
458,violin_068.aiff,violin,-552.9822387695312,9.209023475646973,1.9074450731277466,1.9972610473632812,0.05321591719985008,-0.5474287867546082,-1.2767462730407715,-1.0331709384918213,-0.5747825503349304,0.04102529212832451,0.10379498451948166,-0.9469243288040161,-2.1823132038116455,63.17770767211914,16.443408966064453,9.380932807922363,3.9591927528381348,7.670158863067627,6.6741414070129395,8.431294441223145,7.652017116546631,7.29855489730835,4.9068474769592285,4.368672847747803,7.431080341339111,8.565447807312012,2102.1103246286825,1161.8967868433172,2243.1212600413387,1207.3507891321933,4878.013601478623,2833.41607588327,0.004177605267614126,0.01974218711256981,0.408731609582901,0.41719168424606323,0.406044602394104,0.39442574977874756,0.45981279015541077,0.42868679761886597,0.4027775526046753,0.41257843375205994,0.45385611057281494,0.4441116750240326,0.43669989705085754,0.4218621253967285,0.34950289130210876,0.3587707281112671,0.34700682759284973,0.32241320610046387,0.35103192925453186,0.33717650175094604,0.33490708470344543,0.3368256688117981,0.35892292857170105,0.3599683940410614,0.3712652623653412,0.3590365946292877,0.10441916998178681,0.06177630059718955
459,violin_069.aiff,violin,-553.8529052734375,4.861193656921387,0.1225406602025032,0.6347846388816833,-0.1430428922176361,0.364177942276001,0.6184768080711365,0.46067407727241516,-0.4168780744075775,-1.0185582637786865,-1.198778510093689,-0.6928619742393494,0.2304205447435379,61.10990524291992,12.296009063720703,9.811729431152344,3.9296393394470215,7.6252121925354,5.144765377044678,4.422082901000977,4.654912948608398,7.185517311096191,7.688651084899902,8.364215850830078,7.013827323913574,4.293679714202881,2095.0793725527137,1195.1041728792675,2244.5511723028703,1253.4342731385586,4937.720489501953,2869.985946330158,0.0035754258278757334,0.019155900925397873,0.5109026432037354,0.5077006220817566,0.45721131563186646,0.42597582936286926,0.40844210982322693,0.4014545679092407,0.41217032074928284,0.43376424908638,0.44048401713371277,0.4690270721912384,0.5085586309432983,0.5152626037597656,0.35785701870918274,0.36187487840652466,0.3362323045730591,0.3308865427970886,0.3252398669719696,0.32628095149993896,0.32957223057746887,0.33679383993148804,0.33317938446998596,0.3426584005355835,0.3535515367984772,0.3547859787940979,0.10067186857524671,0.061785153237740656
460,violin_070.aiff,violin,-623.039306640625,25.5360107421875,7.8092360496521,5.813081741333008,2.6006124019622803,1.7392789125442505,-0.7459579706192017,-1.0553497076034546,-1.2825212478637695,-1.868322491645813,-2.5794034004211426,-1.8474794626235962,-0.6463211178779602,86.3351058959961,22.678348541259766,18.36055564880371,8.298300743103027,9.6954345703125,7.366890907287598,8.786398887634277,6.932859420776367,6.239402770996094,6.367387771606445,7.538208961486816,5.634235858917236,4.008660793304443,1954.6755842554228,1334.5060199769955,2002.478066298711,1304.465694139829,4422.9331934947995,2957.821146023644,0.0024820773396641016,0.012792238034307957,0.4692023992538452,0.4459012746810913,0.3972594439983368,0.3556509017944336,0.32081377506256104,0.3147808015346527,0.33249759674072266,0.3481728732585907,0.35533416271209717,0.43054696917533875,0.47903677821159363,0.4972453713417053,0.36959439516067505,0.3671640157699585,0.3380300998687744,0.3196514844894409,0.30349066853523254,0.30342504382133484,0.3202366232872009,0.32593151926994324,0.31962907314300537,0.35376426577568054,0.367796927690506,0.38238224387168884,0.095703125,0.06719130204125348
461,violin_071.aiff,violin,-358.3509826660156,69.53807830810547,-6.419412612915039,37.35697937011719,12.062275886535645,5.573880195617676,7.519781112670898,-3.341339349746704,13.710050582885742,8.343749046325684,1.6698522567749023,9.898477554321289,5.408213138580322,118.08970642089844,43.2541389465332,39.75289535522461,18.2442684173584,13.178899765014648,16.472291946411133,13.336468696594238,22.017244338989258,7.073235034942627,9.865800857543945,14.155380249023438,5.957309722900391,8.367232322692871,659.5668911504409,531.5096031112847,1236.4473526655431,380.50647603842157,1130.500523325359,1286.685902619518,0.14388763904571533,0.09288082271814346,0.3733576536178589,0.38421329855918884,0.425544410943985,0.4343280494213104,0.4621901512145996,0.49411341547966003,0.5274481177330017,0.5861694812774658,0.5527620911598206,0.509048581123352,0.4698495864868164,0.4254348576068878,0.3492671847343445,0.39283350110054016,0.4266376495361328,0.44778725504875183,0.4533872902393341,0.43409353494644165,0.4181880056858063,0.4051046371459961,0.39727655053138733,0.373609721660614,0.3428064286708832,0.35776373744010925,0.023830327772556392,0.027186331715133717
462,violin_072.aiff,violin,-392.7238464355469,51.587032318115234,-3.858412504196167,30.545225143432617,7.135214805603027,0.2177460640668869,0.7065878510475159,-4.085094451904297,9.135610580444336,2.2811689376831055,-4.644780158996582,2.7500953674316406,3.875488758087158,85.54143524169922,32.08598327636719,25.586448669433594,18.307165145874023,13.201411247253418,14.405150413513184,13.427154541015625,16.066577911376953,6.945799350738525,9.229466438293457,14.727112770080566,9.544652938842773,7.996319770812988,771.9014332329268,583.7010558400182,1305.109115753924,580.5819250413757,1539.1955539746875,1506.4901845035363,0.06899958103895187,0.04934946075081825,0.35886648297309875,0.37722599506378174,0.41327646374702454,0.4148833155632019,0.424452006816864,0.428127646446228,0.42296266555786133,0.41383787989616394,0.387320339679718,0.3598196804523468,0.30544066429138184,0.3044041693210602,0.36445337533950806,0.3952036201953888,0.4333692789077759,0.43774014711380005,0.4513016939163208,0.4524253308773041,0.44054827094078064,0.4215308725833893,0.4067344069480896,0.38463062047958374,0.34565070271492004,0.3269767165184021,0.026497759190730406,0.027525888434513514
463,violin_073.aiff,violin,-381.4835205078125,47.73194122314453,-2.0133917331695557,35.60637283325195,4.465256214141846,3.1142160892486572,-3.3576931953430176,-7.848809719085693,8.665120124816895,6.740675449371338,7.452392578125,14.686594009399414,15.258757591247559,106.82199096679688,35.576324462890625,26.275741577148438,27.627952575683594,15.881987571716309,15.232884407043457,21.222511291503906,24.036571502685547,9.441524505615234,13.938366889953613,16.722421646118164,14.202754020690918,18.04466438293457,743.1018822896541,709.9832286913283,1147.6575373972953,619.0724672482964,1362.225254699506,1612.1516519069362,0.11478675901889801,0.08812566101551056,0.39672979712486267,0.41361960768699646,0.41531577706336975,0.40907061100006104,0.4447910785675049,0.44192445278167725,0.43226420879364014,0.4059191048145294,0.35240617394447327,0.34787577390670776,0.2885533273220062,0.3048425018787384,0.37596872448921204,0.39979031682014465,0.4231880009174347,0.446662038564682,0.46235090494155884,0.4598107933998108,0.4577702283859253,0.4426948130130768,0.40511587262153625,0.3916380703449249,0.3339948356151581,0.3249485194683075,0.03535259873536407,0.04466359135832011
464,violin_074.aiff,violin,-329.884765625,50.59291076660156,-11.958802223205566,41.9702033996582,0.40497225522994995,11.131936073303223,-0.8354124426841736,-2.7853903770446777,9.002488136291504,2.7102386951446533,-1.7139512300491333,6.450079441070557,9.332265853881836,135.4887237548828,25.47054672241211,40.70168685913086,25.303712844848633,21.50933265686035,9.01687240600586,17.649927139282227,18.08799171447754,7.468357563018799,10.442743301391602,14.913944244384766,7.352508068084717,6.118308067321777,1025.2334910567358,700.0868498739115,1518.3158435887233,532.159478579866,2058.8809231268547,1795.102879552041,0.1340823620557785,0.10500981658697128,0.37794679403305054,0.3731459975242615,0.3941981792449951,0.39372488856315613,0.40843629837036133,0.41975417733192444,0.49676188826560974,0.5809664130210876,0.5356408953666687,0.5107802152633667,0.4433366060256958,0.42642083764076233,0.32358935475349426,0.36808261275291443,0.4047820568084717,0.4369806945323944,0.4502949118614197,0.44184088706970215,0.4112948775291443,0.40774866938591003,0.39567074179649353,0.37291601300239563,0.3354061245918274,0.35364198684692383,0.04347224476075667,0.04709352573815549
465,violin_075.aiff,violin,-374.346923828125,40.039161682128906,-10.328895568847656,35.84214782714844,0.8093783259391785,3.7399330139160156,-1.6757827997207642,-3.951462745666504,7.267479419708252,-0.6040652990341187,-2.5937607288360596,4.104237079620361,5.313016891479492,109.1180419921875,25.05215835571289,31.356361389160156,24.756921768188477,16.681589126586914,12.176794052124023,16.12313461303711,17.0665225982666,7.527102470397949,12.371725082397461,14.120962142944336,8.82348346710205,8.28195858001709,888.4171074686822,733.9204985855355,1340.106252654146,524.6792579691727,1697.8680277979652,1754.2330724472886,0.09929103404283524,0.09265084564685822,0.3847779929637909,0.4119229316711426,0.45755085349082947,0.44998884201049805,0.45806652307510376,0.4586780369281769,0.46177443861961365,0.449483186006546,0.42179450392723083,0.41203197836875916,0.3507024347782135,0.3400858938694,0.3588179051876068,0.38561350107192993,0.424276739358902,0.4397880733013153,0.4578283429145813,0.45573148131370544,0.43829345703125,0.4247224032878876,0.4076996147632599,0.3895747661590576,0.35116201639175415,0.32981008291244507,0.03469348645316175,0.038551474275510485
466,violin_076.aiff,violin,-379.674560546875,35.651241302490234,-9.221353530883789,35.41951370239258,-0.7745358347892761,3.181976795196533,-3.5276389122009277,-6.470771789550781,3.7238407135009766,0.8884099721908569,8.298827171325684,20.372953414916992,21.120895385742188,110.14799499511719,24.230899810791016,30.507200241088867,27.945363998413086,17.601850509643555,12.759906768798828,18.500293731689453,20.26131820678711,10.338797569274902,14.049431800842285,13.176344871520996,13.928345680236816,16.461454391479492,956.4900861439286,881.0658834968214,1262.2403669157582,606.2258171991516,1777.332663565254,1943.5343402799676,0.10510433465242386,0.09978559613227844,0.46901172399520874,0.46557292342185974,0.49689212441444397,0.4744311571121216,0.4921945333480835,0.43481898307800293,0.3840050995349884,0.36685383319854736,0.35268017649650574,0.3333859145641327,0.29147642850875854,0.34597572684288025,0.3942127227783203,0.3842161297798157,0.42023155093193054,0.44390031695365906,0.45357128977775574,0.44447562098503113,0.44494280219078064,0.42975732684135437,0.40396544337272644,0.3693832755088806,0.31740501523017883,0.317194402217865,0.04593579071679926,0.05747066958335849
467,violin_077.aiff,violin,-400.5936279296875,30.21578025817871,2.981393337249756,24.96339988708496,6.414936542510986,8.762001991271973,0.8505911231040955,2.0477941036224365,3.8057374954223633,4.606009483337402,0.5904335975646973,5.15728235244751,6.5205254554748535,120.57350158691406,23.351957321166992,32.89488220214844,17.738935470581055,14.97257137298584,7.86555814743042,16.675403594970703,12.7716064453125,9.234183311462402,7.423925399780273,12.64797306060791,6.5600361824035645,6.112058639526367,760.2476319670826,786.3020687997831,1363.0963471089176,612.2780747941437,1284.385679716898,1771.4437266572627,0.06783436238765717,0.08841624855995178,0.41207900643348694,0.42541614174842834,0.45844072103500366,0.46298524737358093,0.4777415692806244,0.48907414078712463,0.553808331489563,0.6330738067626953,0.5914759635925293,0.5424795746803284,0.4671643078327179,0.43938592076301575,0.33205148577690125,0.3718447983264923,0.3950022757053375,0.4304273724555969,0.44991692900657654,0.4433860182762146,0.4086146950721741,0.39715856313705444,0.3625410497188568,0.3608017861843109,0.31646794080734253,0.340270459651947,0.027863725893697084,0.045516627381126044
468,violin_078.aiff,violin,-412.6795654296875,18.47870445251465,-3.4997668266296387,20.320709228515625,1.2145076990127563,4.05497932434082,-2.7796833515167236,-0.19523587822914124,2.3268508911132812,0.6997049450874329,-1.351464033126831,2.5268263816833496,3.4966354370117188,94.025634765625,17.360139846801758,23.78537940979004,19.213720321655273,13.606059074401855,8.49116039276123,16.06825065612793,11.276063919067383,7.760881423950195,8.934494018554688,11.63346004486084,6.934301376342773,6.50118350982666,820.4669913629119,797.131908520962,1380.9359288179855,676.6007232998855,1493.4026028039566,1870.3063598293654,0.050224028527736664,0.07168402522802353,0.40842676162719727,0.4509429633617401,0.516278862953186,0.4959694445133209,0.49309706687927246,0.48773452639579773,0.4890403151512146,0.4862590432167053,0.4461239278316498,0.43102818727493286,0.3621443510055542,0.3429822623729706,0.3572494685649872,0.37734243273735046,0.4189147651195526,0.4264022707939148,0.452212393283844,0.454600989818573,0.4366026818752289,0.41778600215911865,0.4020571708679199,0.38670864701271057,0.33884909749031067,0.31704071164131165,0.024290792863626655,0.03664219132104722
469,violin_079.aiff,violin,-371.94287109375,19.167964935302734,-8.105815887451172,26.036354064941406,-3.49739933013916,2.682901620864868,-3.977088689804077,-3.064237594604492,-0.0889715924859047,0.9315885901451111,2.836132287979126,12.012138366699219,17.26374053955078,121.95294952392578,17.451322555541992,28.319664001464844,21.97130012512207,20.027976989746094,10.715696334838867,18.406034469604492,16.909391403198242,13.175289154052734,12.343302726745605,11.42016315460205,10.033058166503906,13.36998462677002,912.4799823107894,961.145829364784,1268.5103676380782,625.9676750997694,1573.1106975885828,2003.6865958680628,0.12077619135379791,0.1433873027563095,0.5144412517547607,0.576948344707489,0.6111935377120972,0.49333760142326355,0.4860861599445343,0.48415103554725647,0.47206172347068787,0.4499852955341339,0.43268391489982605,0.39568188786506653,0.33527225255966187,0.3700530230998993,0.36923524737358093,0.37905970215797424,0.4079916775226593,0.44566380977630615,0.4812799096107483,0.4786696135997772,0.46088677644729614,0.43932604789733887,0.4040697515010834,0.36938801407814026,0.33238309621810913,0.309832900762558,0.03274271807332677,0.0451879166989478
470,violin_080.aiff,violin,-423.2732849121094,37.84065246582031,-2.0560622215270996,33.969295501708984,6.862096786499023,4.8580827713012695,5.214872360229492,-0.03834604099392891,7.913176536560059,2.341515064239502,-1.161657452583313,5.373560905456543,6.5845866203308105,88.42327880859375,25.431610107421875,25.438949584960938,23.530033111572266,12.103255271911621,12.491242408752441,10.991536140441895,15.24402904510498,7.893252372741699,11.348367691040039,15.018499374389648,8.693946838378906,7.838945388793945,728.6519255085865,672.3625541011536,1203.899569324894,533.5044336756501,1335.2300679555897,1572.0256339316988,0.07091763615608215,0.06055603176355362,0.3522489666938782,0.37015828490257263,0.4618261754512787,0.4779088497161865,0.4771735966205597,0.4772687554359436,0.4698389172554016,0.43968892097473145,0.4377528131008148,0.43093860149383545,0.37462466955184937,0.35582616925239563,0.3475812077522278,0.3821006417274475,0.4279942810535431,0.4361880123615265,0.4617330729961395,0.46290868520736694,0.4537757337093353,0.4408150911331177,0.4248841106891632,0.394704669713974,0.3627910614013672,0.34715571999549866,0.03196066232771822,0.03781342527425069
471,violin_081.aiff,violin,-458.4807434082031,23.27886962890625,2.46818470954895,12.362120628356934,4.409653186798096,-3.585850954055786,-1.048317790031433,0.23247511684894562,5.922088146209717,8.57028865814209,6.875202178955078,6.393519878387451,2.819354295730591,32.46964645385742,16.95415687561035,9.607698440551758,9.262066841125488,8.517186164855957,12.522275924682617,9.420320510864258,8.910321235656738,9.194952011108398,8.47018814086914,8.08534049987793,13.57075309753418,16.759496688842773,944.7704535723303,879.2472606028725,1272.5752625418734,724.8065816837045,1848.657263993029,1995.7936059605422,0.020402658730745316,0.04292313754558563,0.3247775435447693,0.31617215275764465,0.36712977290153503,0.3851611316204071,0.4056447148323059,0.3501795828342438,0.389344185590744,0.44336846470832825,0.3965395390987396,0.3360743224620819,0.2980172038078308,0.2849380075931549,0.38288453221321106,0.3733425736427307,0.4221018850803375,0.4293443560600281,0.4468303322792053,0.41844043135643005,0.4357994794845581,0.4262468218803406,0.41323044896125793,0.38156944513320923,0.33792349696159363,0.310965359210968,0.045722701166634724,0.05056227631135931
472,violin_082.aiff,violin,-373.8497619628906,61.74655532836914,-3.7339470386505127,35.525753021240234,-10.644620895385742,1.5404512882232666,10.135769844055176,9.629733085632324,13.643231391906738,-11.18001937866211,-21.663789749145508,21.14748191833496,25.46341323852539,129.27786254882812,37.93754577636719,20.6541748046875,24.34636878967285,23.622167587280273,14.838828086853027,12.125154495239258,10.416690826416016,11.888407707214355,21.04899024963379,28.767189025878906,22.07160758972168,19.588315963745117,1013.0255106681061,864.2569846802776,1215.904322315762,710.9582441675038,1943.8386963237908,1817.6850412616486,0.1747121512889862,0.128817617893219,0.36987343430519104,0.5051969885826111,0.43600568175315857,0.24011145532131195,0.23861652612686157,0.23600146174430847,0.23002001643180847,0.22297611832618713,0.22309842705726624,0.2035524696111679,0.16918717324733734,0.2903995215892792,0.39071738719940186,0.41467759013175964,0.44613760709762573,0.39461395144462585,0.4086460769176483,0.40376389026641846,0.3875276744365692,0.36934539675712585,0.34261149168014526,0.31337836384773254,0.2863001525402069,0.36267364025115967,0.06418293807788052,0.06978764174622058
473,violin_083.aiff,violin,-389.6624450683594,38.997440338134766,-2.554001569747925,35.62194061279297,2.6012215614318848,4.583227634429932,0.5032292008399963,1.2077710628509521,4.350503921508789,1.2402732372283936,-3.5050549507141113,4.371464252471924,6.343631744384766,108.19795989990234,23.234594345092773,28.499326705932617,24.52066421508789,16.52597427368164,11.632097244262695,13.85342025756836,12.49375057220459,9.668392181396484,10.778461456298828,15.404885292053223,8.980010032653809,7.844753265380859,875.2707151783234,731.5677151518275,1320.2973605676634,626.384449358567,1672.893981322019,1736.818650188419,0.11308163404464722,0.10313151031732559,0.3212336301803589,0.3470148742198944,0.4457084834575653,0.44714081287384033,0.44042450189590454,0.44065237045288086,0.43254610896110535,0.4180937707424164,0.40178370475769043,0.4188436269760132,0.33545321226119995,0.3255663216114044,0.3384682834148407,0.3716760575771332,0.42455944418907166,0.4322294592857361,0.4528581500053406,0.45328253507614136,0.44009706377983093,0.42943456768989563,0.4033213257789612,0.39578554034233093,0.3441878855228424,0.34005993604660034,0.037904259038911155,0.04388596826227978
474,violin_084.aiff,violin,-376.38189697265625,39.92945098876953,0.4096110463142395,30.04640769958496,-0.44330310821533203,-0.5242957472801208,-3.580888271331787,-0.4689449071884155,11.159974098205566,9.581132888793945,4.075273513793945,11.740839958190918,10.339057922363281,104.37362670898438,25.501380920410156,19.21075439453125,19.84539222717285,17.317258834838867,16.27509880065918,18.081100463867188,17.513378143310547,16.49532699584961,14.062392234802246,18.636600494384766,19.60114097595215,18.248126983642578,1062.1489334294536,898.0797901959878,1329.0311903644506,605.8026603485682,1924.8257739155945,1905.0322557381207,0.12353882938623428,0.10104037076234818,0.3677136301994324,0.37149885296821594,0.4125272035598755,0.39019447565078735,0.4253922402858734,0.38993528485298157,0.3939308226108551,0.3832223415374756,0.37138572335243225,0.35706689953804016,0.32645484805107117,0.34023571014404297,0.391986221075058,0.3990733027458191,0.4302355945110321,0.43836846947669983,0.45135417580604553,0.4462898373603821,0.44828060269355774,0.4305768311023712,0.41048306226730347,0.37618735432624817,0.3528980016708374,0.34108901023864746,0.061614098900382476,0.06728378557503538
475,violin_085.aiff,violin,-488.429443359375,15.390410423278809,6.779322147369385,16.488162994384766,10.531306266784668,8.675704956054688,2.5843379497528076,10.130017280578613,11.803826332092285,3.9118008613586426,6.474318504333496,12.062406539916992,6.6772918701171875,90.09931945800781,15.239592552185059,15.653396606445312,13.103330612182617,10.92680835723877,9.911362648010254,18.35732078552246,8.811894416809082,9.028955459594727,13.359281539916992,13.813017845153809,10.41143798828125,10.365386009216309,931.4731115065758,1400.9873229304883,1181.7382768986467,836.0987942685268,1340.1756873497595,2386.7565542978596,0.04673171415925026,0.0686831846833229,0.45580393075942993,0.5046871900558472,0.5341218113899231,0.5404879450798035,0.5919833183288574,0.5307469367980957,0.5071263909339905,0.4870249927043915,0.4583027958869934,0.41725704073905945,0.3697829246520996,0.372955858707428,0.37762609124183655,0.40060919523239136,0.43276679515838623,0.45013362169265747,0.4672161936759949,0.47090739011764526,0.46379542350769043,0.4419154226779938,0.4167437255382538,0.3816746473312378,0.3428081274032593,0.32854530215263367,0.061017046917925824,0.12142299447694531
476,violin_086.aiff,violin,-392.8190612792969,47.548091888427734,-0.12827414274215698,24.539997100830078,-0.6802489757537842,4.554781436920166,4.144261837005615,11.058066368103027,12.127642631530762,-7.249767780303955,-9.558717727661133,12.349149703979492,21.615083694458008,128.4090118408203,33.81129455566406,24.8783016204834,17.16511344909668,21.141700744628906,14.760903358459473,13.96524715423584,10.116691589355469,10.39064884185791,20.799232482910156,21.61423683166504,15.719114303588867,17.198265075683594,1035.3807898479404,1004.5912712723718,1203.0264031936747,732.6446378406573,1795.8891848300366,2010.119151255357,0.13794684410095215,0.11755406111478806,0.4271920919418335,0.46527838706970215,0.46858495473861694,0.3290139138698578,0.32024407386779785,0.32077640295028687,0.3152145445346832,0.30988675355911255,0.2978650629520416,0.2760203778743744,0.23880591988563538,0.2584189176559448,0.4070318937301636,0.4074309170246124,0.44106021523475647,0.42071080207824707,0.44359099864959717,0.4428662955760956,0.43248578906059265,0.41266384720802307,0.39174699783325195,0.3627186417579651,0.32940077781677246,0.3078017234802246,0.07283766726230054,0.0855566192695234
477,violin_087.aiff,violin,-429.1957702636719,21.43707847595215,2.9306223392486572,23.367223739624023,3.151888370513916,4.882684707641602,1.2232979536056519,2.02907395362854,3.3983728885650635,1.5429898500442505,-1.2657755613327026,3.953526735305786,3.029689073562622,95.61808013916016,17.9666690826416,21.964698791503906,19.69634246826172,14.9778470993042,9.839211463928223,12.752840995788574,10.751863479614258,8.323151588439941,9.73166561126709,13.53276252746582,7.506186485290527,8.584132194519043,690.7934482298264,786.4642772478371,1191.064760955885,598.0046786519864,1116.3468909387143,1694.4981053486754,0.061809439212083817,0.08513764292001724,0.3550716042518616,0.3997810184955597,0.5093125700950623,0.5053678750991821,0.4915222227573395,0.4927610754966736,0.48244568705558777,0.4755260646343231,0.44698601961135864,0.43369704484939575,0.3639593720436096,0.3351728916168213,0.3477123975753784,0.3761034607887268,0.4198923110961914,0.42201486229896545,0.4461166560649872,0.44998103380203247,0.4372895061969757,0.43298378586769104,0.40441015362739563,0.3853484094142914,0.34042346477508545,0.32510483264923096,0.027947987505397235,0.042875727843976884
478,violin_088.aiff,violin,-427.08612060546875,20.487375259399414,0.3724505603313446,21.008333206176758,0.799541711807251,3.197741985321045,1.222230076789856,2.5864107608795166,11.037596702575684,9.35413646697998,5.127772331237793,11.208311080932617,8.183187484741211,95.41891479492188,17.18386459350586,19.886558532714844,18.427583694458008,16.72772216796875,12.154213905334473,13.834118843078613,14.508031845092773,13.849811553955078,11.123437881469727,15.307586669921875,17.058210372924805,16.501819610595703,894.7528325025438,1023.4152957570698,1211.3855379402191,691.8709721024267,1458.3013941553347,1999.763605942835,0.06504764407873154,0.07815884053707123,0.4188668131828308,0.44778305292129517,0.48647454380989075,0.47189807891845703,0.5055134892463684,0.4748395085334778,0.46750733256340027,0.4626361131668091,0.43715906143188477,0.4066494405269623,0.3769092857837677,0.3818741738796234,0.385920912027359,0.3988603949546814,0.4336359202861786,0.44390377402305603,0.46537113189697266,0.4591904580593109,0.45044663548469543,0.43235886096954346,0.40859654545783997,0.3757743537425995,0.34934574365615845,0.3380177319049835,0.04932775634879126,0.07511129313539554
479,violin_089.aiff,violin,-413.11627197265625,26.31002426147461,4.580791473388672,26.178495407104492,3.856078863143921,10.257890701293945,7.081491470336914,15.013065338134766,20.858909606933594,3.689361572265625,-9.255428314208984,5.105153560638428,21.239320755004883,125.03868865966797,12.847381591796875,24.173019409179688,9.171097755432129,21.132461547851562,12.138373374938965,14.569077491760254,5.86101770401001,9.36494255065918,14.783390998840332,30.090618133544922,12.146489143371582,11.18043041229248,1088.272006944694,1075.7524006669098,1397.219597825342,355.28644016065886,1502.461882560484,1877.9850641711207,0.13845455646514893,0.13231365382671356,0.8436923623085022,0.5645932555198669,0.5634908080101013,0.5929086804389954,0.6130250692367554,0.6153808236122131,0.6052761077880859,0.5897287726402283,0.5478689670562744,0.500608503818512,0.4463140368461609,0.4907206594944,0.1492108404636383,0.3541606366634369,0.43484988808631897,0.4564906060695648,0.47172266244888306,0.4740258753299713,0.46316632628440857,0.43737563490867615,0.4216384291648865,0.39051344990730286,0.35091155767440796,0.24502770602703094,0.0675875756048387,0.08733562061109025
480,violin_090.aiff,violin,-440.58123779296875,31.39263153076172,10.294666290283203,23.618919372558594,7.3834428787231445,3.0334091186523438,3.595907211303711,2.638728618621826,5.355743408203125,8.56305980682373,4.314453601837158,9.472990036010742,11.847977638244629,56.51420593261719,22.392728805541992,9.120928764343262,14.609281539916992,9.531818389892578,13.178404808044434,12.402240753173828,13.707286834716797,14.18659496307373,11.670042037963867,14.718438148498535,14.913532257080078,15.207406997680664,687.8851867971558,645.7156150975272,1260.4917506342479,609.1076636619196,1316.6073633143976,1584.0999142241128,0.051230184733867645,0.0511188730597496,0.40401750802993774,0.4138154685497284,0.4375835061073303,0.44812479615211487,0.4634310305118561,0.46185117959976196,0.4644300639629364,0.4441550076007843,0.4229191541671753,0.43098682165145874,0.3895680904388428,0.3670855164527893,0.38240090012550354,0.39310646057128906,0.41771697998046875,0.44897738099098206,0.4651091992855072,0.4519135653972626,0.45183008909225464,0.4365277588367462,0.41240212321281433,0.3908689022064209,0.3602922558784485,0.34846875071525574,0.028238732792758816,0.03782441730420382
481,violin_091.aiff,violin,-347.1905822753906,68.9326171875,9.053949356079102,46.6753044128418,18.82158660888672,18.64908218383789,-7.918708801269531,-7.903853416442871,32.527103424072266,0.8440907597541809,-19.42201042175293,33.6744384765625,22.18247413635254,69.40640258789062,18.736631393432617,21.948875427246094,15.238362312316895,10.383098602294922,9.371641159057617,23.13616180419922,21.667465209960938,15.44583511352539,14.246146202087402,28.873003005981445,17.893381118774414,10.202474594116211,1140.49069277203,825.7499323221824,1652.0377054251494,424.12672003351213,2402.9304639189486,1992.1300885242733,0.2710403501987457,0.11548790335655212,0.9008164405822754,0.42626962065696716,0.39304840564727783,0.4054435193538666,0.4108108580112457,0.4064272940158844,0.39578500390052795,0.3818965256214142,0.35848671197891235,0.32805895805358887,0.29683196544647217,0.5071765780448914,0.1378815919160843,0.3660232126712799,0.427558571100235,0.4453635513782501,0.45341166853904724,0.4477274417877197,0.43466323614120483,0.41711217164993286,0.3932672142982483,0.36328867077827454,0.32473427057266235,0.2737613022327423,0.061347449204946995,0.07877777125976264
482,violin_092.aiff,violin,-248.34344482421875,31.76418685913086,-28.38058853149414,24.087297439575195,1.8305833339691162,-2.3308486938476562,-11.501275062561035,6.842532634735107,-6.687385559082031,0.5008844137191772,-12.935940742492676,-4.663474082946777,-6.204102516174316,144.8513946533203,23.119943618774414,28.129661560058594,11.486978530883789,8.961496353149414,9.491382598876953,13.402019500732422,5.134152889251709,8.852497100830078,5.668510437011719,13.079798698425293,8.52600383758545,8.892594337463379,2304.5519274508692,558.8479558291008,2088.296855382338,692.3513505207809,4358.291072456959,1536.2072982178342,0.18706586956977844,0.13582728803157806,0.21951639652252197,0.23865799605846405,0.22669783234596252,0.2247346043586731,0.2470548003911972,0.2864644229412079,0.32172784209251404,0.23152995109558105,0.22374327480793,0.5222486853599548,0.4695953130722046,0.3978634774684906,0.2821398675441742,0.3067264258861542,0.32035931944847107,0.31918013095855713,0.31826719641685486,0.312725692987442,0.33176368474960327,0.25531286001205444,0.26547348499298096,0.39587390422821045,0.3803839683532715,0.42469289898872375,0.15410269913918526,0.0785488216691458
483,violin_093.aiff,violin,-319.3448486328125,31.841894149780273,-24.93846321105957,18.449583053588867,0.4164827764034271,-4.655985355377197,-7.0180792808532715,4.3221893310546875,-0.12414444237947464,5.558292865753174,-4.786740779876709,5.158831596374512,4.330413818359375,139.35577392578125,21.164567947387695,29.840139389038086,10.995695114135742,11.422005653381348,12.274728775024414,12.770708084106445,9.555513381958008,12.544596672058105,10.736161231994629,14.550810813903809,16.10136604309082,15.209856033325195,2144.141744313431,906.8821463750693,1922.4031739086859,896.8201344061708,4045.368899756422,1903.8209728702986,0.12042036652565002,0.11003188788890839,0.31785109639167786,0.3280951976776123,0.32522478699684143,0.27609696984291077,0.27145153284072876,0.24941708147525787,0.2660226821899414,0.2692785859107971,0.2689334750175476,0.2859662175178528,0.29146668314933777,0.2785642147064209,0.39228808879852295,0.38673362135887146,0.4028533101081848,0.38552552461624146,0.3779062032699585,0.34494712948799133,0.3520947992801666,0.3417895436286926,0.3366715908050537,0.34537288546562195,0.35519886016845703,0.34874996542930603,0.11435321850017635,0.08096500227302343
484,violin_094.aiff,violin,-361.9972229003906,24.417491912841797,-27.74661636352539,7.621490478515625,-1.9102338552474976,-3.8477044105529785,2.5820698738098145,1.5210509300231934,-7.381556987762451,1.607180118560791,-2.550607919692993,0.8920108675956726,3.9443721771240234,100.45125579833984,17.849374771118164,25.373910903930664,8.20201301574707,10.131094932556152,10.143683433532715,8.787498474121094,14.25759220123291,14.14864444732666,20.108217239379883,20.25961685180664,21.278743743896484,21.09244728088379,2283.8559309784728,1076.1514181663647,1706.3729322780637,919.1385484697397,3867.835150824653,2075.8462635948617,0.10561856627464294,0.10104531049728394,0.21058110892772675,0.23645098507404327,0.24604937434196472,0.21643386781215668,0.2557564675807953,0.2164994478225708,0.22967025637626648,0.231190025806427,0.20714356005191803,0.18832524120807648,0.18134242296218872,0.17254681885242462,0.34881195425987244,0.3708447217941284,0.3770666718482971,0.3628614842891693,0.395783394575119,0.3596874177455902,0.35487648844718933,0.3419651687145233,0.3356700837612152,0.321850448846817,0.3207704424858093,0.28510749340057373,0.14796504267939814,0.09531964659450647
485,violin_095.aiff,violin,-390.53216552734375,44.60942459106445,5.681962013244629,32.48183822631836,16.08303451538086,5.948510646820068,-6.49610710144043,5.244335651397705,19.459165573120117,-0.907802164554596,-1.7645171880722046,20.11744499206543,8.764647483825684,104.5356674194336,25.11492919921875,20.365734100341797,18.961671829223633,12.572078704833984,14.046097755432129,22.60431480407715,14.98236083984375,11.830918312072754,17.438688278198242,21.3414306640625,14.056021690368652,14.020242691040039,1336.23525588767,1168.5171187360854,1625.0635607182662,880.1226878728775,2485.6945097758507,2394.3250650818864,0.15642677247524261,0.10972543060779572,0.3594149053096771,0.42017272114753723,0.42094895243644714,0.45403701066970825,0.471487432718277,0.36374732851982117,0.3221328556537628,0.3099691569805145,0.2963683605194092,0.2727719247341156,0.24357399344444275,0.24483779072761536,0.38653305172920227,0.4176468849182129,0.4272948205471039,0.44108298420906067,0.4651144742965698,0.44059956073760986,0.4384492039680481,0.42035993933677673,0.3988953232765198,0.37051936984062195,0.3330969512462616,0.31538212299346924,0.0926136596040576,0.10644997213767875
486,violin_096.aiff,violin,-480.9505615234375,39.39561080932617,23.499940872192383,16.28322982788086,10.838255882263184,8.905415534973145,7.944666385650635,7.500829696655273,7.160897254943848,7.3175249099731445,6.923335552215576,6.525016784667969,6.055985927581787,51.43408203125,27.975486755371094,17.449155807495117,12.017667770385742,14.570941925048828,8.449211120605469,8.818046569824219,8.12958812713623,7.287032127380371,6.93536901473999,6.179441928863525,4.804243087768555,5.958028316497803,1290.032138546681,867.749628021407,2134.046954589283,954.146923080215,3072.083880995983,2445.7514551366776,0.01664787158370018,0.029263654723763466,0.4712637662887573,0.4739478528499603,0.5124629735946655,0.49784478545188904,0.4970501661300659,0.4916229546070099,0.5156370401382446,0.7038387060165405,0.5940619111061096,0.5045979619026184,0.47569483518600464,0.4559324383735657,0.3817252814769745,0.37089043855667114,0.3646618723869324,0.38845890760421753,0.4107096195220947,0.40335389971733093,0.3495228886604309,0.3525802195072174,0.3230735659599304,0.36756712198257446,0.36313727498054504,0.3669872283935547,0.024855269376181474,0.03377062042541423
487,violin_097.aiff,violin,-459.1181640625,12.536934852600098,7.303129196166992,5.695345878601074,3.713183879852295,2.4288952350616455,1.499179482460022,0.7180363535881042,-0.3139776885509491,-1.5060056447982788,-2.4967823028564453,-2.8535237312316895,-2.787332773208618,31.719865798950195,18.00965118408203,9.217397689819336,4.811176300048828,4.87573766708374,4.866527557373047,4.84282922744751,4.629526138305664,4.79596471786499,5.689054489135742,6.680059909820557,6.543417930603027,6.262101650238037,2135.4046824978186,1122.110626410317,2390.1537261466806,1120.34130258996,5094.160054773457,2752.316897184889,0.00610591284930706,0.0284894946962595,0.46176573634147644,0.5111812949180603,0.47718995809555054,0.4322274625301361,0.42454665899276733,0.42295417189598083,0.45041900873184204,0.4600851535797119,0.4625416398048401,0.45034345984458923,0.42309629917144775,0.4288494288921356,0.338354229927063,0.3555040955543518,0.3454648554325104,0.33403366804122925,0.33610254526138306,0.33306196331977844,0.34737876057624817,0.3560599982738495,0.3606959879398346,0.3569991886615753,0.3497946858406067,0.342622309923172,0.0844525599149348,0.049534980839072616
488,violin_098.aiff,violin,-520.651611328125,59.010868072509766,15.134838104248047,6.748020172119141,4.989166259765625,3.0946273803710938,1.0335173606872559,0.2662806510925293,-0.2071041613817215,0.002610845258459449,-0.9406754970550537,-0.9498854875564575,-1.2217220067977905,64.1117935180664,31.021068572998047,17.200687408447266,6.676624774932861,8.831413269042969,6.259080410003662,6.304698467254639,6.012755870819092,5.970187664031982,4.4385480880737305,5.5824360847473145,4.365592002868652,5.2072038650512695,2282.274737095393,1103.5504744270434,2446.5951315961606,1142.8223687203492,5436.8972500887785,2653.962096132308,0.0031447496730834246,0.014349231496453285,0.47796183824539185,0.5093351602554321,0.47669699788093567,0.4362286627292633,0.4847608506679535,0.4438217580318451,0.44805821776390076,0.4698096215724945,0.5067137479782104,0.6240760087966919,0.5395139455795288,0.46738576889038086,0.3333691954612732,0.34104233980178833,0.3234449326992035,0.30431056022644043,0.3364899456501007,0.3177669942378998,0.31850096583366394,0.3298899829387665,0.3132198750972748,0.34701967239379883,0.3322608470916748,0.3229247033596039,0.09837091619318182,0.05058899568975785
489,violin_099.aiff,violin,-496.7422180175781,25.596738815307617,16.32036781311035,12.683660507202148,10.405341148376465,7.88951301574707,6.016674041748047,5.5894317626953125,5.97921895980835,6.108631610870361,5.987705230712891,6.299395561218262,5.918064117431641,43.345584869384766,28.875673294067383,12.012031555175781,6.309794902801514,4.887782573699951,6.280602931976318,8.140913009643555,7.475596904754639,5.867391586303711,5.68268346786499,6.35104513168335,4.587921142578125,4.807244777679443,1020.2681272091861,617.0530908982144,2092.9305636896465,710.4828676949512,2201.5359629755435,2031.025639945576,0.014666073955595493,0.025664959102869034,0.4984368681907654,0.5402039289474487,0.5968179702758789,0.610747754573822,0.6241752505302429,0.6298122406005859,0.6595680713653564,0.7624362111091614,0.6673429608345032,0.6012187004089355,0.5251760482788086,0.46894600987434387,0.3340727686882019,0.3555907905101776,0.36430802941322327,0.4010368287563324,0.4235484004020691,0.41984203457832336,0.366940438747406,0.33466753363609314,0.3265809714794159,0.3390996754169464,0.3109494745731354,0.3035752475261688,0.012077932212103407,0.017733153230807097
490,violin_100.aiff,violin,-492.23919677734375,16.434524536132812,10.395292282104492,9.61382007598877,7.928598880767822,6.643752574920654,5.406857013702393,5.103838920593262,5.2027082443237305,4.798006057739258,4.775558948516846,5.125994682312012,5.14329719543457,40.26026153564453,22.554595947265625,8.664741516113281,5.28147029876709,6.27344274520874,6.758047103881836,8.422444343566895,7.783470630645752,6.254796028137207,7.0709309577941895,6.747870922088623,5.7247161865234375,6.088017463684082,958.4874967607451,701.8953531780343,1946.339726201802,869.6934596539152,2038.5237844366777,2078.8679687370554,0.012357509694993496,0.026467185467481613,0.5550028681755066,0.6157705187797546,0.6619150638580322,0.6764196157455444,0.6902958154678345,0.6844393610954285,0.6660290956497192,0.6441752314567566,0.6182693243026733,0.5909340977668762,0.4996718168258667,0.47748690843582153,0.33049723505973816,0.34780779480934143,0.3625468611717224,0.3836788535118103,0.40656036138534546,0.4074377417564392,0.4009201228618622,0.3867919445037842,0.3696517050266266,0.35705211758613586,0.3139229416847229,0.3007788360118866,0.011887667471902412,0.022027978419171475
491,violin_101.aiff,violin,-522.694580078125,21.304481506347656,11.02214527130127,8.42251968383789,5.79834508895874,4.912405014038086,3.8538668155670166,3.613725423812866,3.6351146697998047,3.7723228931427,4.307390213012695,4.858913898468018,3.7861266136169434,51.86140823364258,24.515050888061523,12.786666870117188,8.253288269042969,10.237449645996094,8.017083168029785,8.197333335876465,7.307112693786621,7.176279544830322,7.0951828956604,6.909156322479248,7.533823490142822,7.745235919952393,1458.7339291210856,1120.6541332292197,2031.582867275885,1136.203930844302,3392.1347305913678,2860.974167304571,0.008475151844322681,0.018837079405784607,0.45412546396255493,0.513681173324585,0.5372064709663391,0.5138893723487854,0.5839228630065918,0.5060098171234131,0.4918721914291382,0.4893534183502197,0.48700541257858276,0.5049387812614441,0.44623249769210815,0.40889596939086914,0.35101282596588135,0.369502991437912,0.379855751991272,0.3713023066520691,0.41215991973876953,0.3946870267391205,0.39557552337646484,0.38555267453193665,0.3650868833065033,0.3612414300441742,0.3390551507472992,0.3249889612197876,0.043739802710602176,0.05258388940157009
492,violin_102.aiff,violin,-437.39215087890625,22.002357482910156,12.796955108642578,10.012186050415039,8.126948356628418,6.695122241973877,5.894255638122559,5.379530429840088,4.6094136238098145,3.976166009902954,3.699129343032837,4.0480780601501465,3.9976541996002197,45.65953063964844,27.664220809936523,15.139184951782227,9.585064888000488,7.361451148986816,7.612922191619873,7.374813079833984,5.830696105957031,5.433920860290527,5.388685703277588,5.46763801574707,4.228732585906982,4.078365325927734,1669.8452342004862,832.670048885324,2492.350151715266,819.9875376755259,4264.8533278245195,2514.3908835495586,0.016265785321593285,0.04039091616868973,0.4732731282711029,0.5090553760528564,0.5900838971138,0.5819171667098999,0.5654432773590088,0.5457214713096619,0.5576922297477722,0.6902154684066772,0.6105405688285828,0.5813292264938354,0.5391647219657898,0.46911510825157166,0.36052820086479187,0.3813113868236542,0.385506272315979,0.40226176381111145,0.4211253523826599,0.41554880142211914,0.36945220828056335,0.34375032782554626,0.31222981214523315,0.33326077461242676,0.32525190711021423,0.3218987286090851,0.02627495659722222,0.022118956165905656
493,violin_103.aiff,violin,-503.6569519042969,6.349550724029541,2.126124143600464,1.4895519018173218,0.9149597883224487,0.407837450504303,0.06136728450655937,-0.1508355289697647,-0.3469226360321045,-0.5613000988960266,-0.7098451256752014,-0.6104043126106262,-0.3251209855079651,31.23180389404297,18.028568267822266,6.394856929779053,3.371070146560669,4.146199703216553,4.769907474517822,5.412346363067627,5.370657444000244,5.2580790519714355,5.235229969024658,5.2664642333984375,4.662374973297119,3.9828579425811768,1954.3697057563697,1027.9046738298337,2444.79155948204,1102.7982490024392,4920.532361446823,2680.1250233740334,0.003258643439039588,0.019743476063013077,0.5405936241149902,0.5684089064598083,0.5723569393157959,0.5219483971595764,0.5077360272407532,0.4820787310600281,0.47586899995803833,0.45267409086227417,0.4379323124885559,0.44045111536979675,0.45880016684532166,0.48686954379081726,0.3788183629512787,0.36634135246276855,0.3827255964279175,0.37942633032798767,0.39090850949287415,0.3757615387439728,0.3625199496746063,0.336363285779953,0.336127907037735,0.3364921510219574,0.34773048758506775,0.35910168290138245,0.054844929274368584,0.051065965257857705
494,violin_104.aiff,violin,-573.33154296875,11.476861953735352,3.4954888820648193,3.2527217864990234,1.1558363437652588,1.17548406124115,0.5498046278953552,0.038326263427734375,-0.33421212434768677,-0.2885277569293976,0.3215877115726471,0.8706824779510498,1.2159547805786133,59.06116485595703,23.67128562927246,13.751185417175293,5.768667697906494,11.209452629089355,7.153026580810547,7.206569194793701,6.802234649658203,6.873454570770264,6.233529567718506,4.336016654968262,3.6131136417388916,3.768857955932617,2240.0649244992937,1167.8841205774277,2411.6454480865127,1210.9695725506565,5354.789225260417,2844.2026113900433,0.0034910684917122126,0.02006838470697403,0.548703670501709,0.5618956089019775,0.525579571723938,0.48754972219467163,0.43366676568984985,0.41751182079315186,0.4051807224750519,0.4132443368434906,0.44032150506973267,0.4958249032497406,0.5611371994018555,0.5408167243003845,0.3487817049026489,0.34746426343917847,0.3247275948524475,0.33014219999313354,0.31256163120269775,0.32038477063179016,0.30745312571525574,0.31028470396995544,0.31605273485183716,0.3318927586078644,0.36323755979537964,0.3454055190086365,0.08558424961419753,0.04761132782355778
495,violin_105.aiff,violin,-414.1222839355469,55.624114990234375,16.34511375427246,15.816054344177246,15.458080291748047,12.353900909423828,8.193004608154297,7.929752349853516,3.9655239582061768,4.618368625640869,5.112133502960205,6.700103282928467,3.925489902496338,55.11395263671875,27.9377384185791,14.298762321472168,8.204889297485352,8.761439323425293,8.388842582702637,7.054870128631592,7.614831924438477,6.808591842651367,5.67341947555542,6.314010143280029,5.907787799835205,4.928737163543701,1789.8761166439997,898.2576104639049,2533.3931946996386,1033.498497612634,4893.662044701987,2344.0777328606077,0.02128329873085022,0.027803298085927963,0.49684399366378784,0.55634605884552,0.6521086096763611,0.6532081365585327,0.6494550704956055,0.6235454678535461,0.5758277773857117,0.5443851351737976,0.5018790364265442,0.47388485074043274,0.46222925186157227,0.45178380608558655,0.36201775074005127,0.37335631251335144,0.38712388277053833,0.3858810067176819,0.41290828585624695,0.40439140796661377,0.3809436559677124,0.3586881458759308,0.3324051797389984,0.32126539945602417,0.3257897198200226,0.33701878786087036,0.027461598601913172,0.024781750920154267
496,violin_106.aiff,violin,-550.33447265625,49.244022369384766,15.189221382141113,10.027174949645996,8.25639533996582,6.135847568511963,4.521106243133545,4.459803581237793,3.8935093879699707,3.5109305381774902,3.5615649223327637,3.81247878074646,2.9950807094573975,59.99464416503906,32.53488540649414,15.480011940002441,7.9042067527771,10.449645042419434,9.02193546295166,8.666810989379883,7.270040988922119,5.4850172996521,5.690077781677246,8.080410957336426,7.783592700958252,6.275722980499268,1946.6602659676469,1124.628063775042,2356.8097465864244,1263.5600003737636,5000.849547567247,2806.844974647362,0.0033036184031516314,0.012037310749292374,0.48851916193962097,0.5373016595840454,0.5683563947677612,0.551776647567749,0.5560450553894043,0.5286046862602234,0.5129197835922241,0.5588244795799255,0.4883624315261841,0.46397626399993896,0.4707810878753662,0.4709646701812744,0.34808605909347534,0.3720058798789978,0.39155295491218567,0.39269372820854187,0.39894577860832214,0.39122313261032104,0.35934728384017944,0.36951836943626404,0.3289901614189148,0.33097606897354126,0.33825093507766724,0.33938977122306824,0.052654319243520195,0.04755081284947096
497,violin_107.aiff,violin,-562.5191040039062,15.445237159729004,3.2775230407714844,2.080280303955078,0.9046066999435425,1.1610976457595825,1.3744407892227173,0.59197598695755,0.1628962904214859,-0.2646051347255707,-1.387534499168396,-1.7158342599868774,-1.0799245834350586,70.82310485839844,27.489614486694336,14.769323348999023,7.656014442443848,8.808174133300781,5.656177997589111,3.3958778381347656,4.556123733520508,3.745051145553589,4.095808506011963,7.175496578216553,7.15329647064209,5.530907154083252,2462.268736959577,1416.0725508237601,2437.534991431152,1285.6718602042304,5619.221895420531,3091.930650067575,0.005090833641588688,0.02597692236304283,0.5280337333679199,0.5336711406707764,0.5232446193695068,0.5142704248428345,0.5099968910217285,0.4994373917579651,0.5076307058334351,0.5901400446891785,0.5436897277832031,0.5333042740821838,0.5462642312049866,0.5549262762069702,0.3724347949028015,0.38624411821365356,0.3764728903770447,0.3800102770328522,0.3758661150932312,0.36765673756599426,0.3538095951080322,0.36637693643569946,0.3526524007320404,0.3727143406867981,0.37464436888694763,0.3656459152698517,0.20835446748524453,0.17740217448577777
498,violin_108.aiff,violin,-499.8998718261719,20.329105377197266,12.529887199401855,11.353283882141113,9.299772262573242,7.657500743865967,5.768085956573486,5.083237648010254,4.558826446533203,4.390106678009033,4.182093620300293,4.398292064666748,4.519495487213135,45.59889602661133,22.88735008239746,10.629422187805176,6.229844093322754,6.562864780426025,5.769618034362793,7.916865825653076,7.321229457855225,7.623247146606445,6.964962959289551,7.076456069946289,6.101931571960449,6.091222286224365,887.6304827773267,676.5689970513199,1843.6733199058797,884.7430963519157,1853.1837793019586,2017.6400149475667,0.01868213526904583,0.03658144921064377,0.46297281980514526,0.5344862341880798,0.6485496163368225,0.6384808421134949,0.6270851492881775,0.624238908290863,0.6103511452674866,0.594142496585846,0.5489376783370972,0.5028133988380432,0.4484299123287201,0.41224879026412964,0.3547772467136383,0.3673495352268219,0.392535924911499,0.39747798442840576,0.42796948552131653,0.4314395487308502,0.42288702726364136,0.41679543256759644,0.3917129635810852,0.36287933588027954,0.3342776298522949,0.3178946375846863,0.011154468701197294,0.020940874140255326
499,violin_109.aiff,violin,-516.0922241210938,11.025568962097168,5.921352386474609,4.882528305053711,3.002335548400879,2.0095016956329346,1.119309902191162,0.4420015215873718,0.054640017449855804,0.2009020298719406,0.7473445534706116,1.4461157321929932,1.7819734811782837,40.3037109375,17.251419067382812,9.943191528320312,4.782841682434082,6.824443340301514,6.5705084800720215,7.191859722137451,7.670875072479248,7.867938041687012,6.4518632888793945,5.086060523986816,4.642655372619629,5.286443710327148,2117.865266792273,1089.1205916743302,2447.3308656658005,1069.6853297815337,5070.222687890229,2718.0991520506873,0.0038565173745155334,0.01780121400952339,0.5542194247245789,0.5775972604751587,0.5485329627990723,0.5013655424118042,0.47984883189201355,0.46948838233947754,0.4816115200519562,0.5470279455184937,0.5047776103019714,0.5103166699409485,0.53472501039505,0.5418055653572083,0.3289068639278412,0.3400687873363495,0.3312748372554779,0.33444517850875854,0.34041374921798706,0.3399428427219391,0.3325519263744354,0.34583210945129395,0.3273096978664398,0.33861875534057617,0.33855774998664856,0.32896673679351807,0.0816355823384239,0.05019900856841344
500,violin_110.aiff,violin,-549.57568359375,32.6063346862793,15.469533920288086,7.466974258422852,2.00799298286438,1.123844861984253,1.7929991483688354,0.802013099193573,-0.02659536898136139,-0.7675259113311768,-2.439995288848877,-3.17218017578125,-2.219003677368164,69.75064849853516,25.961816787719727,18.878009796142578,10.56502628326416,11.123090744018555,6.720087051391602,3.253542184829712,5.1456379890441895,4.453323841094971,3.1379892826080322,7.301585674285889,8.781357765197754,6.982702255249023,2141.6207579907486,1120.1182958431625,2347.060252891745,1193.4293289018392,5120.595703125,2783.5997373932482,0.006004906725138426,0.027939066290855408,0.40260279178619385,0.4319453835487366,0.4281623363494873,0.3762926161289215,0.3391000032424927,0.3397753834724426,0.38571926951408386,0.5929170846939087,0.4870898425579071,0.45938196778297424,0.4688473045825958,0.44868361949920654,0.33333051204681396,0.35361191630363464,0.3529895842075348,0.32362115383148193,0.2998112440109253,0.2956058382987976,0.28242015838623047,0.3709709942340851,0.3184194564819336,0.35519710183143616,0.3649544417858124,0.3436969816684723,0.08692138671875,0.04922794020092665
